id,group,x,y
c0_0,Type 001,-0.22763553296667768,0.15424387242306867
c0_1,Type 001,0.2300176001011506,0.14709884282170338
c0_2,Type 001,0.2895929508564609,0.0006617149348769066
c0_3,Type 001,-0.2846059592985026,-0.011477031072984822
c0_4,Type 001,0.0965234107906307,0.08303768604948329
c0_5,Type 001,-0.1201582518811466,-0.41196254506852736
c0_6,Type 001,0.41898022389749956,-0.0005511044641936647
c0_7,Type 001,0.09313056124015161,-0.12754026616462596
c0_8,Type 001,-0.1647751778315138,0.12873838362028286
c0_9,Type 001,0.19030191819747333,-0.1885306916926295
c0_10,Type 001,-0.11246917192255226,-0.14046522370325928
c0_11,Type 001,-0.21800245300658677,-0.1664328280041375
c0_12,Type 001,-0.024006460103462333,-0.34929561437238915
c0_13,Type 001,0.4288293892216124,-0.2867739492926836
c0_14,Type 001,-0.07875894404739243,0.35627219566048995
c0_15,Type 001,-0.08437238715121077,0.008773834217253399
c0_16,Type 001,0.12473225715108288,0.3396409826982563
c0_17,Type 001,-0.18006185091293317,0.3036004991119208
c0_18,Type 001,-0.2225932623510974,0.3794599656435961
c0_19,Type 001,0.2284774114007546,0.11075021262044349
c0_20,Type 001,-0.06139152276336121,0.31875074617694976
c0_21,Type 001,0.18629902469524728,0.25661772047601883
c0_22,Type 001,-0.2589477221423557,0.004778328107483381
c0_23,Type 001,0.06861217278407507,0.12264355955793278
c0_24,Type 001,-0.32667759031592264,-0.3212178943890272
c0_25,Type 001,0.1069037180378286,-0.07648398457693203
c0_26,Type 001,0.04926208766723549,-0.22144415699236136
c0_27,Type 001,0.026098012296092474,-0.17721367841742972
c0_28,Type 001,-0.23633503368089862,-0.23373540464893094
c0_29,Type 001,0.06882194127814215,-0.33255622123755596
c0_30,Type 001,-0.36181784729976774,-0.1780396795050665
c0_31,Type 001,0.05612439188374141,0.12574581584004263
c0_32,Type 001,0.13168810638330805,0.18698340141449546
c0_33,Type 001,-0.11237361156689801,-0.09503162738582369
c0_34,Type 001,0.31078015424591077,-0.030663340831352266
c0_35,Type 001,0.058840549169542504,-0.19069722663499342
c0_36,Type 001,0.08951370766302084,-0.254279418525287
c0_37,Type 001,-0.09853392072772382,-0.05809729467417103
c0_38,Type 001,-0.05096192119503589,0.1120063322968003
c0_39,Type 001,0.1465623016674685,0.17270659563972357
c0_40,Type 001,-0.0016795685688918947,-0.13601665571836033
c0_41,Type 001,-0.03069381224803285,-0.103028727762876
c0_42,Type 001,-0.1841538567935754,0.3174766971850715
c0_43,Type 001,-0.25584003202239763,0.12839682573380393
c0_44,Type 001,-0.1123615262369387,-0.3746629512540058
c1_0,Type 002,2.392922057499928,-0.09950406527664485
c1_1,Type 002,1.7568333942959524,0.4468571130216898
c1_2,Type 002,1.9198081721721063,0.004674708968202923
c1_3,Type 002,2.299486131118695,-0.21980686653773196
c1_4,Type 002,1.7841226059296087,0.1262571001581649
c1_5,Type 002,2.0694240909806187,-0.18832164268383333
c1_6,Type 002,1.6801811682691388,-0.29682287148815995
c1_7,Type 002,2.0911138198226693,0.24925871430110957
c1_8,Type 002,2.2379302289178806,0.08253767173946866
c1_9,Type 002,2.0761829764114688,-0.45571167221830955
c1_10,Type 002,1.9898263612258298,-0.11001869410023993
c1_11,Type 002,2.2745929417391153,-0.046114161324194436
c1_12,Type 002,2.0230592603805846,0.033811705285156465
c1_13,Type 002,2.0871872198620824,0.11143152767481168
c1_14,Type 002,2.438445866522456,0.3034086324119625
c1_15,Type 002,2.088626591971978,-0.14836192573434312
c1_16,Type 002,2.357827036590424,0.1827794656740647
c1_17,Type 002,2.0245950850973053,-0.10484538825143122
c1_18,Type 002,1.8019864150771345,0.21763148161162602
c1_19,Type 002,2.2243269860242525,0.01632373529850581
c1_20,Type 002,2.00578475434096,0.3749830547706124
c1_21,Type 002,2.1150420396208056,-0.024017978818713828
c1_22,Type 002,1.866239884875849,0.2021171314099425
c1_23,Type 002,2.1763528949940834,-0.21127650215477597
c1_24,Type 002,1.5552334926459555,0.14191950274202392
c1_25,Type 002,2.14216510713351,0.22464772885020443
c1_26,Type 002,2.151151960496683,-0.3525554855643058
c1_27,Type 002,2.2333980198257937,-0.07183265315546558
c1_28,Type 002,2.3113547544118305,0.07221779303470936
c1_29,Type 002,1.9370539589186426,-0.2237734827040931
c1_30,Type 002,1.9013867244645464,0.08181186061263357
c1_31,Type 002,1.9734364760100531,0.2579425270164026
c1_32,Type 002,1.9992233981693202,0.07481580298747297
c1_33,Type 002,1.8658505030552663,-0.13536148663691974
c1_34,Type 002,1.8856311024002528,-0.19207339763248374
c1_35,Type 002,2.21613224628638,0.3113006230248493
c1_36,Type 002,1.8833943918913658,-0.07066291556917519
c1_37,Type 002,2.263417963981063,0.12623863737736205
c1_38,Type 002,2.1647678514290023,-0.21018441389415649
c1_39,Type 002,2.399236374632207,0.08892801893652677
c1_40,Type 002,2.081430948699032,-0.0460741160883168
c1_41,Type 002,1.9871990770624197,-0.005438785044269279
c1_42,Type 002,1.9573148002623912,0.07017098227538986
c1_43,Type 002,2.183221940197678,-0.10519162782164714
c1_44,Type 002,1.978021239413677,0.17203884187078572
c2_0,Type 003,4.1171851415958365,0.655148336928575
c2_1,Type 003,3.823296563819312,0.15398142014039248
c2_2,Type 003,3.9551129022154705,-0.013772553113242379
c2_3,Type 003,3.9941860641996616,-0.009750074947873078
c2_4,Type 003,4.165407991677383,0.07450539240609248
c2_5,Type 003,4.210818543805991,0.5981572080354702
c2_6,Type 003,4.213288203780953,-0.002925587437113043
c2_7,Type 003,4.278190371610024,-0.5602096094745893
c2_8,Type 003,4.293411498904757,0.39092551942791115
c2_9,Type 003,4.031459501551139,0.09600946651125708
c2_10,Type 003,3.982260818920458,-0.1852385963745543
c2_11,Type 003,4.150903085893303,0.11104603617237635
c2_12,Type 003,3.9274854255880145,0.2717656213533351
c2_13,Type 003,3.8122269759922336,0.220852306512813
c2_14,Type 003,4.171684680225372,0.13037444399882514
c2_15,Type 003,4.116120060748359,0.09367949952751117
c2_16,Type 003,3.759488109241958,-0.4304889268497034
c2_17,Type 003,4.015359549477756,0.3251919044345934
c2_18,Type 003,4.059204462624833,0.10765542481827889
c2_19,Type 003,4.102035809977665,0.09921752644361954
c2_20,Type 003,4.089115969321307,0.14777440369205985
c2_21,Type 003,3.6151222032130086,0.040421938523062154
c2_22,Type 003,3.7199162691289276,0.22584209548088208
c2_23,Type 003,3.7004129626414337,-0.14020953899646585
c2_24,Type 003,4.1417969767123015,-0.05659107914104947
c2_25,Type 003,4.1054306598411365,-0.2021761771901312
c2_26,Type 003,4.524402636036138,-0.013439391735580937
c2_27,Type 003,3.760415430802281,0.19635404335788745
c2_28,Type 003,3.8825283796876486,0.026275232726947054
c2_29,Type 003,3.9907732041423802,0.06936360544630164
c2_30,Type 003,4.009478146169999,0.34133218159956974
c2_31,Type 003,4.224438916902795,-0.15364057651854024
c2_32,Type 003,4.167866519273691,-0.041148319374137654
c2_33,Type 003,3.973573000394667,-0.08189090982053787
c2_34,Type 003,3.760264913777486,0.13036772800651758
c2_35,Type 003,3.8604679543895113,0.047473278237319144
c2_36,Type 003,4.259759774191309,-0.2119455750130683
c2_37,Type 003,3.962859912047432,0.025897162530143205
c2_38,Type 003,3.922962476703023,-0.06269112182827989
c2_39,Type 003,3.839052347051749,-0.38286537063239656
c2_40,Type 003,4.013274463901326,0.4229523662674928
c2_41,Type 003,3.826458343345939,0.08654732880601507
c2_42,Type 003,4.038706732150587,-0.12572554108078668
c2_43,Type 003,3.942796450012715,0.17876219992100556
c2_44,Type 003,4.001318263259725,-0.013719625197070798
c3_0,Type 004,6.166623271316917,-0.0699106571450875
c3_1,Type 004,5.789151531717241,-0.04540291578416149
c3_2,Type 004,5.90566290757542,-0.0036764788541852576
c3_3,Type 004,6.492542829213565,-0.15931163356617625
c3_4,Type 004,5.84859164805511,0.17780209403071423
c3_5,Type 004,6.235915551977377,-0.10224522473467706
c3_6,Type 004,5.96749113340279,-0.170267578526532
c3_7,Type 004,6.193799952463773,-0.0034762220033152068
c3_8,Type 004,6.071120973823706,-0.17232017432879754
c3_9,Type 004,6.060426567803308,-0.02038016203071861
c3_10,Type 004,6.057162101525581,0.06117358075106438
c3_11,Type 004,5.614728158634109,-0.255559642781873
c3_12,Type 004,6.397234564876996,0.022524716959141985
c3_13,Type 004,6.17624572912621,0.030390157189344166
c3_14,Type 004,5.997856205039328,0.1566810473696608
c3_15,Type 004,5.9643815668790054,0.04127228809717562
c3_16,Type 004,6.1367927896354715,-0.17543570420445032
c3_17,Type 004,6.218123443474185,-0.1495045055275636
c3_18,Type 004,5.622020878530874,-0.23929331237057366
c3_19,Type 004,5.982036695683401,0.3874542550375626
c3_20,Type 004,5.931749973323787,-0.019597767243345568
c3_21,Type 004,5.866459480806091,0.15384970812933937
c3_22,Type 004,6.159082745910982,0.18030195735919888
c3_23,Type 004,6.094206564011017,-0.2497882877850769
c3_24,Type 004,6.025839063315688,-0.15971340168702808
c3_25,Type 004,6.019672666263084,-0.11645973302339425
c3_26,Type 004,5.866719078619439,0.05935117570725201
c3_27,Type 004,5.935785414164654,0.09058495931136437
c3_28,Type 004,6.118888492125252,-0.2297216182813714
c3_29,Type 004,6.134173993416681,0.5282327573344888
c3_30,Type 004,6.195004287224395,-0.12705056763077832
c3_31,Type 004,6.233452921683265,0.25685852553586036
c3_32,Type 004,6.0155476338008045,-0.15036034696832382
c3_33,Type 004,5.8218516680963734,-0.023148220286307093
c3_34,Type 004,5.90571198597296,-0.0894714570008703
c3_35,Type 004,6.051491970672326,0.21250408355709147
c3_36,Type 004,6.010445576081807,-0.149819202530412
c3_37,Type 004,6.018134970442897,-0.27241516874459765
c3_38,Type 004,5.693281052772372,-0.0076887696757372385
c3_39,Type 004,5.993011129568076,0.05345699600056854
c3_40,Type 004,5.7418536723841935,0.040887285489458594
c3_41,Type 004,5.681274545833201,-0.016444314042710725
c3_42,Type 004,5.659654348017858,0.0207319119061793
c3_43,Type 004,6.005717091525355,-0.13761572239993902
c3_44,Type 004,6.1151854543420034,0.1648046567737067
c4_0,Type 005,8.217453383830659,0.1027139695111984
c4_1,Type 005,8.182677295483131,-0.2530588288969868
c4_2,Type 005,8.296201635501886,0.06912617636017132
c4_3,Type 005,7.799897308296143,0.008068984366841418
c4_4,Type 005,7.835571260794739,0.0996278940845785
c4_5,Type 005,8.079500375967996,0.042902453537548964
c4_6,Type 005,7.761761911101919,-0.048633678843424365
c4_7,Type 005,8.295498257311154,0.19312054685293858
c4_8,Type 005,7.897890368934422,-0.2645711328826719
c4_9,Type 005,7.936801950409856,0.15733817722133314
c4_10,Type 005,8.051422548973946,0.22365672616217946
c4_11,Type 005,8.122293914742803,-0.23159680431126484
c4_12,Type 005,8.050014771139733,-0.2960562155755403
c4_13,Type 005,8.004411449521118,0.09826675220961878
c4_14,Type 005,8.136791964567852,0.12638895591116026
c4_15,Type 005,8.136281771302004,0.08108114853255122
c4_16,Type 005,8.1137274912043,-0.2550356618001451
c4_17,Type 005,8.075138308474173,0.002136286024262767
c4_18,Type 005,7.997874455651344,0.30922511434553446
c4_19,Type 005,8.13880036996393,-0.07757291330240193
c4_20,Type 005,8.16494757116655,-0.2728724416618599
c4_21,Type 005,8.080893841094344,-0.31194429045618477
c4_22,Type 005,8.188428772850234,0.35366742485403335
c4_23,Type 005,8.00891587883658,-0.137967698526762
c4_24,Type 005,7.652355329801575,0.1266228127867431
c4_25,Type 005,7.9409720689947925,-0.02775545704297644
c4_26,Type 005,8.098634958258932,-0.17413598099517358
c4_27,Type 005,8.091217360089589,0.3771956594600815
c4_28,Type 005,7.877001590748457,-0.029367856774737522
c4_29,Type 005,8.119574314329881,0.07898033159990087
c4_30,Type 005,7.823276784585808,-0.1039443639348052
c4_31,Type 005,7.754850321037754,0.07874540004089796
c4_32,Type 005,7.535639072424565,-0.05994579207790199
c4_33,Type 005,7.711858910991382,-0.2124776802214059
c4_34,Type 005,7.619111434582157,-0.014800585743711707
c4_35,Type 005,8.211418373204117,0.21913719648989483
c4_36,Type 005,7.6994546522228,0.15966581812461322
c4_37,Type 005,8.103888435090575,0.06621277110715895
c4_38,Type 005,8.151950494722684,0.11618811541004269
c4_39,Type 005,7.3983579853663795,0.2050797247232563
c4_40,Type 005,8.080916281199165,-0.152490907648881
c4_41,Type 005,7.6982971413668295,-0.11562311605980605
c4_42,Type 005,8.096407287425883,0.14731856562500642
c4_43,Type 005,7.900665247740101,0.06468939483891707
c4_44,Type 005,7.971297467582878,0.15629073010705852
c5_0,Type 006,9.781281815579156,0.2074431552175558
c5_1,Type 006,10.303085881464362,0.37185336017466014
c5_2,Type 006,10.29428676567776,0.27632536834385546
c5_3,Type 006,10.021758364902992,-0.05651065682065992
c5_4,Type 006,10.076149264995406,0.058330748818196845
c5_5,Type 006,10.042843575364083,0.029969200752670906
c5_6,Type 006,9.939505331032098,0.18384413297487107
c5_7,Type 006,9.985969602855624,0.283775135189323
c5_8,Type 006,10.000948030937616,-0.16430950948233092
c5_9,Type 006,10.134769684887267,0.1691596949411568
c5_10,Type 006,9.735937190865162,-0.07855642001889655
c5_11,Type 006,9.815475374038531,0.10930615168282186
c5_12,Type 006,10.173146260095375,-0.18703137490593952
c5_13,Type 006,9.781392142612518,-0.17652124312756048
c5_14,Type 006,10.00653726373811,0.04081751432799522
c5_15,Type 006,10.033360876518843,-0.07884782197523472
c5_16,Type 006,10.000754461517426,0.15525375879833897
c5_17,Type 006,9.719365699769165,-1.3191017385304272e-05
c5_18,Type 006,9.61866030390607,-0.1464983108453773
c5_19,Type 006,10.08290514554687,-0.13393517535679533
c5_20,Type 006,9.900053062373894,0.10909064750692261
c5_21,Type 006,10.049139397988498,0.03743567627816861
c5_22,Type 006,10.066606317266025,0.1512234158661886
c5_23,Type 006,10.34646576317354,-0.12123957900633729
c5_24,Type 006,10.354634720887821,-0.2556285473087389
c5_25,Type 006,9.949516878589483,0.07671802841760994
c5_26,Type 006,10.012547758568234,0.11287893642071659
c5_27,Type 006,9.729152428806232,0.06847643621589249
c5_28,Type 006,9.843896279778514,0.27774285449586916
c5_29,Type 006,9.86311066603477,0.07607090115171677
c5_30,Type 006,9.953474842646527,0.2510620035488709
c5_31,Type 006,9.820198053538029,-0.11251352967564615
c5_32,Type 006,10.214266607352721,0.11114285711816084
c5_33,Type 006,10.141554709132933,-0.245662431346645
c5_34,Type 006,10.056884712004663,-0.1733499417483414
c5_35,Type 006,9.762728529824654,-0.18163072258143875
c5_36,Type 006,10.054012293666458,0.230455886300066
c5_37,Type 006,9.921567737791982,0.3577205136734241
c5_38,Type 006,10.24689854082709,0.01163498569855185
c5_39,Type 006,9.978097013421193,0.04098071881804082
c5_40,Type 006,9.84346168544895,-0.2945999634222602
c5_41,Type 006,9.756752910487286,0.03526416388603174
c5_42,Type 006,9.945426646660447,-0.3876334418642801
c5_43,Type 006,9.651744493861614,0.09873738810481227
c5_44,Type 006,10.062171724012362,-0.034864665234225004
c6_0,Type 007,12.048962134504363,-0.14585165822553914
c6_1,Type 007,11.954257999246789,-0.029082210647121354
c6_2,Type 007,12.230478995110424,-0.057636079870202306
c6_3,Type 007,12.13996624599607,0.03208440374283578
c6_4,Type 007,11.793318539253995,0.2655823221095166
c6_5,Type 007,11.96797516598613,-0.15904913967988496
c6_6,Type 007,11.91344552228516,0.029491006014085032
c6_7,Type 007,11.856247951468688,0.3066213748754591
c6_8,Type 007,11.725049175888476,0.22976488440464382
c6_9,Type 007,11.499065091333147,-0.11976059355446896
c6_10,Type 007,12.126653539188759,-0.018057696677832653
c6_11,Type 007,11.750501407259591,0.1366631032103932
c6_12,Type 007,12.024582905931798,0.12303165267243601
c6_13,Type 007,11.693312495524198,0.07387200801128656
c6_14,Type 007,12.071759007009492,0.3141166290179629
c6_15,Type 007,12.218777323214624,0.3147156183765949
c6_16,Type 007,11.899145419345459,0.1869531183047512
c6_17,Type 007,12.312179221528982,-0.17433546586223903
c6_18,Type 007,12.075742630961344,-0.21406423483595663
c6_19,Type 007,11.912214215190758,0.22947686157139793
c6_20,Type 007,12.019665119175725,0.1289455954906646
c6_21,Type 007,12.190910837004946,-0.21824870493773765
c6_22,Type 007,11.708547254630954,-0.1828075171630879
c6_23,Type 007,11.840542630234223,0.33689863477184423
c6_24,Type 007,12.221402655340105,0.08170002455838134
c6_25,Type 007,12.202794896420372,-0.0006095685433713327
c6_26,Type 007,11.660744556590627,-0.3149957283292138
c6_27,Type 007,12.2141159425521,-0.13154895057964408
c6_28,Type 007,11.820132421093705,0.1928565185453139
c6_29,Type 007,12.007240565840318,0.04267739179755163
c6_30,Type 007,12.032375723274628,-0.38129861845730045
c6_31,Type 007,12.193880552006982,-0.015581753991056855
c6_32,Type 007,12.120726142064372,-0.1754994204264172
c6_33,Type 007,11.920396856019035,-0.20530032346342408
c6_34,Type 007,11.816660056259762,-0.09239957008718247
c6_35,Type 007,11.861017354545242,0.006181270692442395
c6_36,Type 007,12.061893629881483,-0.03378174899567144
c6_37,Type 007,12.294293587012975,-0.24283356120945465
c6_38,Type 007,12.221028600929621,0.023732182614833747
c6_39,Type 007,11.832206440716963,0.22242974782262226
c6_40,Type 007,12.24327829634487,0.1264002226936317
c6_41,Type 007,12.051232884611505,0.3823367713671039
c6_42,Type 007,12.14914768885297,0.12059856495999227
c6_43,Type 007,12.013283138722866,-0.1804332924050717
c6_44,Type 007,11.670778629117493,0.2754336921448723
c7_0,Type 008,13.865257285557757,0.09076655553346065
c7_1,Type 008,13.971857474369223,0.27987768828806386
c7_2,Type 008,14.121862977855685,-0.09792411423606823
c7_3,Type 008,14.181803695530686,0.12401962065113353
c7_4,Type 008,14.156696160119996,0.12075817258169874
c7_5,Type 008,13.901874206933027,-0.2570187667603475
c7_6,Type 008,13.92031340614299,0.09130745323074337
c7_7,Type 008,13.950133963975048,-0.08064489064944702
c7_8,Type 008,13.948667839220581,0.31324087619266366
c7_9,Type 008,14.307195726217397,-0.23698390791204724
c7_10,Type 008,14.067596746992,-0.03738363656949508
c7_11,Type 008,13.841547735067719,-0.0016593326573635155
c7_12,Type 008,13.859895383548684,-0.12608299635122372
c7_13,Type 008,14.177033577759817,0.12713319887616079
c7_14,Type 008,14.077743655906108,-0.025272898599811335
c7_15,Type 008,13.848541284358582,-0.011683505180149113
c7_16,Type 008,13.679515801271931,-0.018484303024504486
c7_17,Type 008,13.838511791608441,0.17767909644157345
c7_18,Type 008,13.766483561086222,-0.07274012218426391
c7_19,Type 008,14.070140876826136,-0.13865140837150902
c7_20,Type 008,14.012287315450934,-0.41692025772193775
c7_21,Type 008,13.823074432611023,0.18835238391014417
c7_22,Type 008,13.877861895974071,-0.2932275868675366
c7_23,Type 008,14.182545624834878,0.045555166460725424
c7_24,Type 008,13.883678432987956,-0.027066274763343712
c7_25,Type 008,14.258403981740562,0.38792333795645145
c7_26,Type 008,14.171582318013897,-0.05827825202825213
c7_27,Type 008,14.165933439799138,0.03686728980740199
c7_28,Type 008,13.71835250376156,-0.027684975095255665
c7_29,Type 008,13.91527186826621,0.18808981418743415
c7_30,Type 008,14.185023509119302,-0.025210255098210246
c7_31,Type 008,14.093884697644187,-0.07316496258408837
c7_32,Type 008,13.766532410652847,-0.12827341447745527
c7_33,Type 008,14.227184250486323,-0.11999107367216433
c7_34,Type 008,13.662852164412566,-0.06065699897552518
c7_35,Type 008,14.12871603751529,-0.31885509955041025
c7_36,Type 008,13.787807126577468,0.1720751994257744
c7_37,Type 008,13.886452416079248,-0.26682934594515606
c7_38,Type 008,13.941125310980247,-0.1698647842247453
c7_39,Type 008,14.206479716053463,0.013774778822225109
c7_40,Type 008,13.965142052920028,0.1650361827141368
c7_41,Type 008,14.023344498758997,0.17513628048885566
c7_42,Type 008,14.229615698184773,0.09967150229552893
c7_43,Type 008,14.218846719064478,-0.12771869930261515
c7_44,Type 008,14.17545125233683,0.33611687581248056
c8_0,Type 009,15.92146020826327,-0.011869668954290155
c8_1,Type 009,16.21564381448758,0.17817467810563992
c8_2,Type 009,16.02655766749429,0.2138670764681531
c8_3,Type 009,16.125781181921653,0.2469245694654385
c8_4,Type 009,15.592344766483755,0.2469128583658976
c8_5,Type 009,16.25797436406666,0.08993703045662653
c8_6,Type 009,16.374613096806364,-0.08566211509176896
c8_7,Type 009,16.157885828149237,-0.179697444089016
c8_8,Type 009,15.94763153710053,-0.13934878841454895
c8_9,Type 009,16.189636897951157,-0.08007938756424066
c8_10,Type 009,16.11356551620338,-0.3898178519043135
c8_11,Type 009,15.923649188287586,-0.06783869134868661
c8_12,Type 009,16.319665160201474,-0.07157931695304948
c8_13,Type 009,15.70834054585293,-0.02147405934747543
c8_14,Type 009,15.830683535300285,-0.32887214496499967
c8_15,Type 009,16.363270169650004,-0.10251468489926259
c8_16,Type 009,16.327461944277307,-0.08184080399353838
c8_17,Type 009,15.942576727961045,-0.26079020978435835
c8_18,Type 009,15.965514022071327,-0.1201528618354265
c8_19,Type 009,16.237115210628183,0.13538716382844754
c8_20,Type 009,15.817684678486934,0.1608066853880068
c8_21,Type 009,16.3573769416704,0.0069120543704156425
c8_22,Type 009,15.85652914786613,-0.03661627088109373
c8_23,Type 009,15.845261094665954,-0.056073421433703856
c8_24,Type 009,15.815367224340465,-0.07751741827652459
c8_25,Type 009,15.96770501934223,0.2048192002797746
c8_26,Type 009,16.317464456975635,-0.3584548944600246
c8_27,Type 009,15.977661696984013,0.17942744086913281
c8_28,Type 009,16.147803111322652,-0.030735272254063764
c8_29,Type 009,15.81496938038452,-0.21929212986780852
c8_30,Type 009,16.09768522257386,0.29175187785574314
c8_31,Type 009,15.836951410959308,0.3463828949914409
c8_32,Type 009,16.00678892342185,0.011319457959449756
c8_33,Type 009,16.232038564003933,0.12849641134018405
c8_34,Type 009,15.830179802330793,0.06554323975085206
c8_35,Type 009,16.13376111203211,-0.018871714308420606
c8_36,Type 009,15.820882870007782,-0.2912065947677142
c8_37,Type 009,16.060966691514178,0.005326132445459696
c8_38,Type 009,15.87053413584975,0.2944894229822258
c8_39,Type 009,16.052848110876344,0.1151136864898264
c8_40,Type 009,15.827883113828811,0.017220129880832376
c8_41,Type 009,15.83264263428707,-0.11749585110371474
c8_42,Type 009,15.992954628774191,-0.09075491469110288
c8_43,Type 009,16.509866108785133,0.25481021457544156
c8_44,Type 009,15.887744891049067,0.2389683727990558
c9_0,Type 010,18.33054584102671,0.2799493233551732
c9_1,Type 010,18.100109231453207,-0.1005074740705858
c9_2,Type 010,17.90129831966199,-0.15492062104216614
c9_3,Type 010,17.86458080495636,0.4299945809943748
c9_4,Type 010,17.969485966709808,-0.24395411275170678
c9_5,Type 010,18.22259549982573,0.0070948004019315575
c9_6,Type 010,17.861549292395832,-0.14279616396607295
c9_7,Type 010,18.02713262137275,0.11340387464545357
c9_8,Type 010,18.132002357566897,-0.07813717365297626
c9_9,Type 010,17.745276025245754,0.01394760294554725
c9_10,Type 010,17.785987407470248,-0.06993159521010577
c9_11,Type 010,17.74983180557659,-0.09696793856835466
c9_12,Type 010,18.049657631987458,0.12543245412025575
c9_13,Type 010,17.836776806082497,0.11212534542941602
c9_14,Type 010,18.080077916866372,0.0029822588960240985
c9_15,Type 010,17.980593874672234,-0.24146185527010777
c9_16,Type 010,18.039371580915127,0.0636951260864446
c9_17,Type 010,18.468538174483953,0.5110068030531271
c9_18,Type 010,17.69123968325599,0.1601884237943874
c9_19,Type 010,18.052310490985647,0.013683494350123901
c9_20,Type 010,18.318613603986762,0.06864553841605023
c9_21,Type 010,17.943477589099274,0.2096822491965784
c9_22,Type 010,18.11925610374023,0.31866310841019546
c9_23,Type 010,18.06424923193735,0.14491138333787132
c9_24,Type 010,18.098420752126735,0.18669018143944502
c9_25,Type 010,17.693095970212816,0.28848012050789684
c9_26,Type 010,17.940041201347107,0.11859087137947906
c9_27,Type 010,17.719401563164176,0.029202010486219385
c9_28,Type 010,17.74405124164289,-0.14267706753324494
c9_29,Type 010,18.015566600286185,-0.14890547349069447
c9_30,Type 010,17.9677795156171,-0.45677410394124385
c9_31,Type 010,18.16534340182123,-0.03414962494224558
c9_32,Type 010,18.008827271089842,-0.15500661790331005
c9_33,Type 010,17.862277358267086,-0.29103705163222865
c9_34,Type 010,18.052664123759765,-0.0999089721619668
c9_35,Type 010,18.268633213924556,0.056242534422136496
c9_36,Type 010,18.203124826464567,-0.05445340260958342
c9_37,Type 010,18.261635569981994,-0.23043781082016057
c9_38,Type 010,17.989681474872015,0.23217639155706085
c9_39,Type 010,18.120456858819733,0.08860467432805459
c9_40,Type 010,18.22794971233831,0.06940549968106367
c9_41,Type 010,17.89751524243606,0.2507665690618835
c9_42,Type 010,17.97427733696101,-0.33319019173255726
c9_43,Type 010,18.278904907083714,-0.15751231956023773
c9_44,Type 010,17.984545828419378,0.18879068443560443
c10_0,Type 011,-0.22752679100909898,2.2969961934283085
c10_1,Type 011,0.09783579149755389,2.0312434882347676
c10_2,Type 011,0.16256598295175712,1.8724396766922986
c10_3,Type 011,-0.05450589186163064,1.8055894311258962
c10_4,Type 011,0.05846107283515907,1.8643701036919802
c10_5,Type 011,-0.16799944283374044,2.0735033578564557
c10_6,Type 011,0.21545974129725962,1.9099611369300389
c10_7,Type 011,-0.11018928572623277,1.8150759419985203
c10_8,Type 011,0.16944049396413693,1.7466108835747562
c10_9,Type 011,0.28506276770103717,1.9500550072873635
c10_10,Type 011,-0.1967169868444767,1.9076622208217084
c10_11,Type 011,0.14269087349592532,1.9746074607266342
c10_12,Type 011,0.14525918253673875,2.374941280327853
c10_13,Type 011,0.06122311901091885,2.042955377360458
c10_14,Type 011,0.44498804737911657,2.4459253796900784
c10_15,Type 011,0.174125931088839,1.7950045848376899
c10_16,Type 011,-0.1695975450506918,1.8470781728606178
c10_17,Type 011,0.2158961381355282,2.1600668470357576
c10_18,Type 011,0.1786297090105633,1.374459570486764
c10_19,Type 011,-0.5231462569587714,1.644377751625018
c10_20,Type 011,0.3040566722619538,1.7143618320221303
c10_21,Type 011,-0.003036292681983951,2.20230795859723
c10_22,Type 011,0.09826535890127616,2.362997027246106
c10_23,Type 011,0.00016682231337382739,2.111670370011337
c10_24,Type 011,-0.10015426551601181,1.8607659250136903
c10_25,Type 011,-0.04548865551800558,2.2613101512554743
c10_26,Type 011,0.03986399694984791,1.9573072309739095
c10_27,Type 011,0.024650686559931065,2.354962079877411
c10_28,Type 011,0.11577866183937323,2.12480528369702
c10_29,Type 011,-0.1921595475599731,2.210619196078257
c10_30,Type 011,0.006720427286613042,2.02385002330196
c10_31,Type 011,0.07851083027562607,1.9742054788183832
c10_32,Type 011,0.1499434782984674,2.1154996102524968
c10_33,Type 011,-0.10026258818881431,2.046188800271604
c10_34,Type 011,0.19243453747828923,2.217178325516528
c10_35,Type 011,0.03339105343784598,2.132669143118647
c10_36,Type 011,-0.05321995167483498,2.3083840437729393
c10_37,Type 011,0.05900012092960243,1.9145319138796268
c10_38,Type 011,-0.018958934850657597,2.3835361512994857
c10_39,Type 011,-0.12053037722843868,2.2649150722511413
c10_40,Type 011,-0.1755136855382444,2.254372170290342
c10_41,Type 011,0.0869689887807187,2.019015969498145
c10_42,Type 011,-0.031498101050047043,1.7873644008450569
c10_43,Type 011,0.0746894369787125,1.86990246101517
c10_44,Type 011,-0.01739159424857143,2.094617809434557
c11_0,Type 012,2.293451891535284,2.1193452475316503
c11_1,Type 012,1.8716984067754177,1.8822789247535894
c11_2,Type 012,1.9814020359418865,1.6962869280670898
c11_3,Type 012,2.158547695388437,2.04783948991617
c11_4,Type 012,1.8205055726997335,1.7897206134420591
c11_5,Type 012,1.6258005484562061,2.0287255504427426
c11_6,Type 012,1.9323570268903483,2.066321340906229
c11_7,Type 012,2.0286689300646565,2.31822945252
c11_8,Type 012,2.0316164588995917,1.6732534969344157
c11_9,Type 012,1.8303093924016478,2.29971475122074
c11_10,Type 012,1.8590875671886016,2.2470695700976755
c11_11,Type 012,1.9442379043245683,1.9006083061501733
c11_12,Type 012,2.2165517731975712,1.9004776576502833
c11_13,Type 012,1.8025777136039722,2.0260757579014794
c11_14,Type 012,2.237675030496367,1.8058075315672313
c11_15,Type 012,2.3231633949043795,1.8252746960171788
c11_16,Type 012,1.8934303908226235,1.910993194505251
c11_17,Type 012,2.031289915442517,1.9741898459983207
c11_18,Type 012,2.014491952301698,1.9610084438828737
c11_19,Type 012,1.63888891287008,1.9841719889315916
c11_20,Type 012,1.8167145209106343,2.4590926308368815
c11_21,Type 012,2.050781393528557,1.8777837827593928
c11_22,Type 012,1.9411380892595838,1.792898801589265
c11_23,Type 012,1.9451128211897795,2.1881533896330794
c11_24,Type 012,1.9248580112553828,2.104632843516187
c11_25,Type 012,2.2718141609094467,1.849272914247642
c11_26,Type 012,1.663466338171414,1.9578286352533882
c11_27,Type 012,1.817057833908662,2.119040817968321
c11_28,Type 012,1.989734004686699,2.1889457160838433
c11_29,Type 012,2.1708997046801337,2.01326423269446
c11_30,Type 012,2.224904024486544,2.0511601773010604
c11_31,Type 012,1.957990151627196,2.0387433038836047
c11_32,Type 012,2.0210027544119122,1.8642567552740668
c11_33,Type 012,2.0099532839528957,1.9690934293458522
c11_34,Type 012,1.7026444129237217,2.128690965105701
c11_35,Type 012,1.9616775787263951,2.4238188930200133
c11_36,Type 012,1.8861137567723412,1.976560137710382
c11_37,Type 012,2.246095911323011,1.9255473816392248
c11_38,Type 012,1.9027978644795132,2.041577177720321
c11_39,Type 012,1.985926908174231,1.8545519488203739
c11_40,Type 012,1.9050437260452981,1.9754165660750624
c11_41,Type 012,1.9494097341402645,2.0297443970461444
c11_42,Type 012,1.8729142576916422,2.2927304118259526
c11_43,Type 012,1.626852382765632,1.9554662595454997
c11_44,Type 012,2.140183160092821,1.7712938320692926
c12_0,Type 013,3.9215342885826456,2.161908732936208
c12_1,Type 013,4.062379791501119,1.7126117798458476
c12_2,Type 013,4.043925930492549,1.9992649304488193
c12_3,Type 013,3.9722731873061212,2.0635344316528283
c12_4,Type 013,4.08365068380728,1.853271161330421
c12_5,Type 013,3.865677882819441,2.035775510955681
c12_6,Type 013,4.092761615833497,2.0141158511734467
c12_7,Type 013,4.253652981155136,1.907361941501579
c12_8,Type 013,4.1285066810327615,1.8140169635278514
c12_9,Type 013,3.6995245248241706,1.41981602229892
c12_10,Type 013,4.364103026642364,2.2666710090549964
c12_11,Type 013,3.9040394352635746,2.3306544151188797
c12_12,Type 013,4.254230517996072,2.040920296941648
c12_13,Type 013,3.856251656942656,1.7572110349369625
c12_14,Type 013,4.01319029807715,2.164410628351142
c12_15,Type 013,3.931182888016239,1.9144343514497584
c12_16,Type 013,4.034045786622047,1.507506411972009
c12_17,Type 013,4.459694933248108,2.333045701844858
c12_18,Type 013,3.930055736207809,1.6079048841795225
c12_19,Type 013,3.9418263351928644,2.071923040138066
c12_20,Type 013,3.9038077709881365,2.018817545892265
c12_21,Type 013,4.019726344992516,1.9342039409977052
c12_22,Type 013,4.050523712026347,2.2892621506023945
c12_23,Type 013,4.030165692107,2.1990273364121187
c12_24,Type 013,3.9250260858078776,2.074449230569197
c12_25,Type 013,3.918157931303252,1.8423540795299493
c12_26,Type 013,4.215763413749828,2.0855360208958333
c12_27,Type 013,3.9512220077726785,1.9603156840115286
c12_28,Type 013,4.343353303990637,1.8497443158937847
c12_29,Type 013,3.8566595988789403,2.1746997107777237
c12_30,Type 013,3.8923609025441346,2.2357037377798297
c12_31,Type 013,3.8326683439784013,2.0483774652792173
c12_32,Type 013,3.7937646318358165,1.7945693942943166
c12_33,Type 013,3.943244490017858,1.9400366692669682
c12_34,Type 013,3.8878576351023897,2.128984815163357
c12_35,Type 013,3.749980044750885,1.99113886830956
c12_36,Type 013,4.170309405807327,2.1876980267495445
c12_37,Type 013,4.164032542267726,2.116500452724611
c12_38,Type 013,3.540322424148509,2.0377560260079206
c12_39,Type 013,3.83399903719016,1.514863548545442
c12_40,Type 013,4.3334707842564315,2.48434272964261
c12_41,Type 013,4.144428001981581,2.105988990445434
c12_42,Type 013,4.034217473594894,1.8404799615613159
c12_43,Type 013,3.6455159907603005,1.6155887039127057
c12_44,Type 013,3.8722564663358705,1.8446820206202807
c13_0,Type 014,6.1537968389108295,1.8039761594714814
c13_1,Type 014,5.939769301581046,2.145610172779279
c13_2,Type 014,6.301658160546968,1.7157383333486624
c13_3,Type 014,5.741149042862572,1.9083922345493662
c13_4,Type 014,5.988863577740863,2.118316722895624
c13_5,Type 014,5.757692118197056,2.1451456218523552
c13_6,Type 014,6.1319719773862245,1.7062817458115414
c13_7,Type 014,5.830089843791999,2.1415132942246826
c13_8,Type 014,5.905220000176211,1.7495520263578772
c13_9,Type 014,5.970836488377313,2.051718453121401
c13_10,Type 014,5.767261177092027,1.9184244013729026
c13_11,Type 014,6.134908467265305,1.8809542037779905
c13_12,Type 014,6.241601589892227,2.194930530221735
c13_13,Type 014,5.903023207281507,1.6852736771446213
c13_14,Type 014,5.969396029674043,2.0724264998686337
c13_15,Type 014,5.874538421956834,1.976932611540108
c13_16,Type 014,6.295016210872775,2.1146825383175716
c13_17,Type 014,6.108298962545967,2.0540650545512547
c13_18,Type 014,6.039928471811121,2.0480648297114463
c13_19,Type 014,5.993761315014243,1.9770909419932523
c13_20,Type 014,5.956519961663876,1.5875469132594975
c13_21,Type 014,5.882997077244332,2.1593467349001534
c13_22,Type 014,6.015182707057628,2.3302778092038547
c13_23,Type 014,6.048078197163542,1.9502566161340846
c13_24,Type 014,5.940103953423257,1.8959901754210529
c13_25,Type 014,5.788817025721425,2.0359980509328555
c13_26,Type 014,5.858377515916896,2.0239003969814306
c13_27,Type 014,6.009677153976626,1.8172449476267991
c13_28,Type 014,5.824387002329798,1.9114917053345786
c13_29,Type 014,6.17584157285209,2.1978844348623117
c13_30,Type 014,5.7802531617457715,1.9105727693428234
c13_31,Type 014,5.951192348737996,2.0299127122651464
c13_32,Type 014,5.811950066259788,1.9427759473257382
c13_33,Type 014,6.285870037706408,1.9310422750463654
c13_34,Type 014,5.997458805765,1.9174548675710081
c13_35,Type 014,5.930185293181028,2.021188068267162
c13_36,Type 014,5.985170131440869,2.1416328473023087
c13_37,Type 014,6.2122920882402655,1.8678795677712683
c13_38,Type 014,6.123753916615558,1.84421206300949
c13_39,Type 014,6.148061454560859,2.1042916372976697
c13_40,Type 014,6.230111049944863,1.4864474127491845
c13_41,Type 014,6.028987911839406,1.8884770663836483
c13_42,Type 014,5.921780787185192,1.935048886125304
c13_43,Type 014,5.982289333826259,1.6497384593544695
c13_44,Type 014,6.168573810566832,1.8513584935539047
c14_0,Type 015,8.392176982295247,2.191670676121491
c14_1,Type 015,7.798754608322361,2.27092369760562
c14_2,Type 015,8.310033256006616,2.123772907937389
c14_3,Type 015,8.46373149193406,2.2597355633366636
c14_4,Type 015,8.587722842104144,2.056290821740423
c14_5,Type 015,7.666075756239303,2.2164248989027393
c14_6,Type 015,7.9798660209283145,2.1067097856581225
c14_7,Type 015,8.035092859938661,1.8567265713701016
c14_8,Type 015,7.93875503171439,2.1018156797263106
c14_9,Type 015,8.0044738245139,2.1029704950996284
c14_10,Type 015,7.615820599411436,1.9082796848228982
c14_11,Type 015,7.747869379673598,2.054248451233336
c14_12,Type 015,7.714605756375986,1.8087972701782864
c14_13,Type 015,8.158826404444778,2.1647489306151835
c14_14,Type 015,8.023888154427693,2.131389222074142
c14_15,Type 015,8.00879228245449,1.8926966867900195
c14_16,Type 015,8.049953314977566,2.0896350217398036
c14_17,Type 015,7.774400467203797,1.753998681515398
c14_18,Type 015,8.301675669867308,1.800834175796148
c14_19,Type 015,7.994361568422484,2.069548202506449
c14_20,Type 015,8.059762624746282,2.1188221564320426
c14_21,Type 015,7.930056285842708,1.64976419428866
c14_22,Type 015,8.18905449707408,1.8068591056901244
c14_23,Type 015,7.577772866544474,2.106446458943008
c14_24,Type 015,7.780111214099915,1.844666270978116
c14_25,Type 015,8.200935422889183,1.928079954105949
c14_26,Type 015,7.926775833371699,1.9636881620176885
c14_27,Type 015,7.825061720901024,2.0245940683821417
c14_28,Type 015,7.731850215187408,1.9720581684608178
c14_29,Type 015,7.8787221154438445,2.0543138932128886
c14_30,Type 015,7.755068352246809,2.1361253081434874
c14_31,Type 015,7.783206149276522,2.383240327956141
c14_32,Type 015,8.237932562106232,2.1871822929938185
c14_33,Type 015,7.843573442833645,1.7662857914362013
c14_34,Type 015,7.98445853135096,1.8230198479450626
c14_35,Type 015,8.076634657690798,2.0739163377213004
c14_36,Type 015,7.988972194132371,2.1038582195548416
c14_37,Type 015,8.223198371456983,2.1109505957594865
c14_38,Type 015,7.699521419326489,1.9879384207377089
c14_39,Type 015,8.021916211150765,1.8055472427980652
c14_40,Type 015,7.810775565998342,2.1720746031692664
c14_41,Type 015,7.900407198900128,1.9852458193374165
c14_42,Type 015,8.184530086009923,2.3893358030349985
c14_43,Type 015,8.072897339399553,2.062824264531168
c14_44,Type 015,8.116372491087125,2.0650191294941203
c15_0,Type 016,10.037753393343783,2.150358035256625
c15_1,Type 016,10.038429034928212,2.1958924619845783
c15_2,Type 016,10.127208505878047,1.9125541629246343
c15_3,Type 016,9.766565119842495,1.5840606512808688
c15_4,Type 016,9.948511036203366,2.2249551703938417
c15_5,Type 016,10.02516748676214,1.7981113135067994
c15_6,Type 016,10.023393083350825,2.205053745196805
c15_7,Type 016,10.142061991757876,2.227286841338828
c15_8,Type 016,9.9186746952439,1.9651872872973402
c15_9,Type 016,10.133280567240067,2.1377422526287675
c15_10,Type 016,10.187568082678151,2.169275846464516
c15_11,Type 016,9.969112911374388,2.06817442499848
c15_12,Type 016,10.364959168464887,2.0878100526665335
c15_13,Type 016,10.057856754072404,1.938322236457531
c15_14,Type 016,9.846303974274042,1.6731511489037523
c15_15,Type 016,9.661347802774525,2.0778918378759528
c15_16,Type 016,9.58297750178273,1.842728088266933
c15_17,Type 016,9.946839018585871,2.4960255429396634
c15_18,Type 016,10.218655113314906,2.1597831132659113
c15_19,Type 016,9.970040408526819,2.153521161731668
c15_20,Type 016,10.051408606005063,2.1494122052136326
c15_21,Type 016,9.979245912720256,2.387070620152725
c15_22,Type 016,10.259756165299487,2.183857324823678
c15_23,Type 016,10.147738650689858,2.1742920231868843
c15_24,Type 016,10.232392142173511,2.104874778231039
c15_25,Type 016,9.880762073179746,2.033464271466216
c15_26,Type 016,10.001201261681755,1.7674267142515157
c15_27,Type 016,9.888803643064037,1.8208797968031405
c15_28,Type 016,9.724902200125893,2.1361376664675875
c15_29,Type 016,9.92258557736997,1.7644464915507274
c15_30,Type 016,9.650739698314846,1.8501965335439798
c15_31,Type 016,10.070165261950622,1.817441250087216
c15_32,Type 016,10.467395944581899,2.2581315934500927
c15_33,Type 016,10.035858399956165,1.8398026241439684
c15_34,Type 016,10.25729595950745,1.767618869560385
c15_35,Type 016,10.066817830559069,1.9151742156858174
c15_36,Type 016,10.11064358686652,2.020487746692278
c15_37,Type 016,10.135263516768532,1.9352705237203331
c15_38,Type 016,9.89394171283799,2.039350029523814
c15_39,Type 016,10.157143712252855,1.7684434036620573
c15_40,Type 016,10.063426211191567,2.325279274240248
c15_41,Type 016,10.13779330899006,2.0023952800962177
c15_42,Type 016,9.74462584548255,1.923899943351294
c15_43,Type 016,9.72080072511317,1.7766680946381765
c15_44,Type 016,9.626204143918965,1.9731791221806796
c16_0,Type 017,12.199001863523604,2.1184134831810653
c16_1,Type 017,12.21525513978519,1.4878192426504784
c16_2,Type 017,12.109903706127145,2.0891125227602947
c16_3,Type 017,11.799384078414803,1.742622494417387
c16_4,Type 017,12.072198320883373,1.996302828063033
c16_5,Type 017,12.09435314482441,2.0135311295477862
c16_6,Type 017,12.027635866932021,1.9057548237278021
c16_7,Type 017,11.986020240729417,2.168675339506924
c16_8,Type 017,11.672680440588143,2.150716036658624
c16_9,Type 017,11.811421916994378,2.2776167583472766
c16_10,Type 017,11.56668918074165,2.069944195985735
c16_11,Type 017,12.387580110327143,2.3486644843400506
c16_12,Type 017,11.834624570479196,2.170442589646191
c16_13,Type 017,12.077721008927991,2.008845280552809
c16_14,Type 017,11.563245890559344,2.0399285811383203
c16_15,Type 017,12.129127044761592,1.920269567958489
c16_16,Type 017,12.179460025733452,2.095429950084006
c16_17,Type 017,12.01900689795921,1.9663342972935927
c16_18,Type 017,12.094034400266985,2.1529175389404327
c16_19,Type 017,11.977996361986849,2.1360179949305222
c16_20,Type 017,11.963199690246677,2.169388130287582
c16_21,Type 017,12.024535579874382,1.887815332349525
c16_22,Type 017,12.294220906392704,2.365334491502871
c16_23,Type 017,11.752777724007306,1.7328263223142149
c16_24,Type 017,11.99281507859741,1.910778191441901
c16_25,Type 017,11.885788957683491,2.135339094283149
c16_26,Type 017,11.957707339168685,2.1229563131430553
c16_27,Type 017,12.065153780083156,2.1611197164160805
c16_28,Type 017,12.441852606546796,2.0862202939765426
c16_29,Type 017,11.98011840659406,1.8243006793454022
c16_30,Type 017,11.839798039016156,1.679484004219022
c16_31,Type 017,11.74993498569494,2.1334816779659134
c16_32,Type 017,12.078952573865624,1.9617666429983367
c16_33,Type 017,11.638540179980499,2.169891979628027
c16_34,Type 017,12.0548207330703,1.7307648870588674
c16_35,Type 017,11.458667390566106,2.053328692043719
c16_36,Type 017,11.947365932687989,2.0478265400849374
c16_37,Type 017,11.940499167500942,2.14712832311903
c16_38,Type 017,11.68497834306821,1.5805486874279902
c16_39,Type 017,11.796375308677387,1.974996848422084
c16_40,Type 017,12.173846652458206,1.8575797453754517
c16_41,Type 017,11.98691383555465,2.0757553386967285
c16_42,Type 017,12.054424308188967,1.8016264548722278
c16_43,Type 017,12.088824606310695,2.3048809435537345
c16_44,Type 017,11.92213381582706,1.9198526404666685
c17_0,Type 018,14.071096474536025,2.0795347372405537
c17_1,Type 018,13.79008107137144,2.0245418171161926
c17_2,Type 018,14.36129202914404,1.605172495536936
c17_3,Type 018,14.032152950596531,1.7956093014132832
c17_4,Type 018,13.92586356589434,2.1138546329154955
c17_5,Type 018,14.07353267324531,1.8425419300195167
c17_6,Type 018,13.763110929213221,2.1389854202396217
c17_7,Type 018,14.118476448300092,2.0425969886461814
c17_8,Type 018,14.051052898304638,2.1938808955371774
c17_9,Type 018,14.189029151413665,1.8800751813805583
c17_10,Type 018,14.03626046036889,1.8748857801616532
c17_11,Type 018,13.950582388876704,2.158962951300163
c17_12,Type 018,14.284080776619138,1.9759144429066995
c17_13,Type 018,13.943708822822027,1.9772850368025936
c17_14,Type 018,14.297885759137166,1.7258350437312935
c17_15,Type 018,13.98410566748842,1.6639749684168976
c17_16,Type 018,14.227728213986632,1.902721947153843
c17_17,Type 018,14.198287603433906,1.6420432905525946
c17_18,Type 018,14.403723886518222,1.98908403660094
c17_19,Type 018,13.905265788088647,1.9043607995768337
c17_20,Type 018,14.147327018314318,2.068339025437399
c17_21,Type 018,13.836607187332737,2.3017552130725742
c17_22,Type 018,14.074883610989733,2.0213819164100864
c17_23,Type 018,13.928279782810952,2.0837369905699616
c17_24,Type 018,14.034739674627364,2.1237972335733986
c17_25,Type 018,13.965331806844548,1.8354254983168419
c17_26,Type 018,14.180956576096534,1.7023842121134038
c17_27,Type 018,14.082628807447794,1.9872478020388764
c17_28,Type 018,13.923997871606117,1.988173392496104
c17_29,Type 018,14.104326839185,2.355749687721104
c17_30,Type 018,13.846030086648806,1.5502082897870282
c17_31,Type 018,14.359333751441541,2.006053767656847
c17_32,Type 018,13.956659646195243,2.3509797291865606
c17_33,Type 018,13.816982835136386,2.3644886237079743
c17_34,Type 018,14.06311057376087,1.7767251745039814
c17_35,Type 018,13.85452052935602,2.0651107948010563
c17_36,Type 018,13.837616272523064,1.8869501014080243
c17_37,Type 018,14.040270654934908,2.1813246547955094
c17_38,Type 018,14.231558076890508,2.1591821535912192
c17_39,Type 018,13.731646035366529,2.1782195980844232
c17_40,Type 018,14.08849146653584,2.0212599017567645
c17_41,Type 018,13.972321522287537,2.525353200530887
c17_42,Type 018,14.279430652970102,1.7080479642255355
c17_43,Type 018,13.848581411857403,1.96867632593021
c17_44,Type 018,13.978054299557627,2.103104192830518
c18_0,Type 019,16.129902183659752,2.0673049094494105
c18_1,Type 019,15.912852212473332,2.0152757997160373
c18_2,Type 019,16.14840649786604,2.305959265868856
c18_3,Type 019,16.140785574526483,1.8584974274014237
c18_4,Type 019,15.757532068720318,2.1223079132613196
c18_5,Type 019,16.262035589693085,2.0401676158932966
c18_6,Type 019,16.000353623888124,1.9907725053070853
c18_7,Type 019,15.852797439349452,2.0029959475969763
c18_8,Type 019,16.032326435088887,2.0481278403584997
c18_9,Type 019,16.082239102588353,2.042388065078888
c18_10,Type 019,16.096927800500325,1.5730269590568002
c18_11,Type 019,16.168705749120893,2.046086189188174
c18_12,Type 019,15.849543179909352,1.9828235272169448
c18_13,Type 019,16.055673902308456,1.935306833483326
c18_14,Type 019,15.796457587516588,1.889747911422989
c18_15,Type 019,15.762970890909202,1.8346899535102557
c18_16,Type 019,16.07293683086633,2.07756062750916
c18_17,Type 019,16.13181942183258,2.007039688966413
c18_18,Type 019,15.847061663344101,2.1066075192808067
c18_19,Type 019,15.891429508310946,2.3875565051515313
c18_20,Type 019,16.16444731109381,2.38633242866005
c18_21,Type 019,15.888947139676285,1.9143575297313418
c18_22,Type 019,15.946036628880556,2.2601600357888296
c18_23,Type 019,15.98515555438248,1.75052013233659
c18_24,Type 019,15.869011705707873,2.129948747984019
c18_25,Type 019,16.292210783266434,1.7573150782950786
c18_26,Type 019,16.26234542151141,1.9987540659095797
c18_27,Type 019,16.20655372716628,2.0341995612449133
c18_28,Type 019,16.02020848495983,1.8961377216950628
c18_29,Type 019,15.801737675941348,1.8990973054402502
c18_30,Type 019,16.117844668117,1.6566732088448035
c18_31,Type 019,16.22341196182944,1.7134868243247352
c18_32,Type 019,15.74751462894019,2.170963237742527
c18_33,Type 019,16.12788324981151,2.3654509744560563
c18_34,Type 019,16.270311748916075,2.0327253572199417
c18_35,Type 019,15.98947733694471,1.9423335977635947
c18_36,Type 019,16.164104779765992,2.386402834570189
c18_37,Type 019,16.072867717830032,2.183841273559778
c18_38,Type 019,15.549562813164934,1.8659910122180379
c18_39,Type 019,15.918473698079744,2.1941405694195453
c18_40,Type 019,16.04431256023586,2.0206031139664367
c18_41,Type 019,16.21348293931596,2.175024059501589
c18_42,Type 019,15.725019294657262,2.2343411434126494
c18_43,Type 019,16.28939225183416,2.167081069881349
c18_44,Type 019,15.706806221567396,1.9125465814215556
c19_0,Type 020,18.10798053752523,1.9404532263822252
c19_1,Type 020,18.233432860456325,1.8540735846115408
c19_2,Type 020,18.287375369392382,2.2675847485519207
c19_3,Type 020,17.877406603265662,1.5905677886281648
c19_4,Type 020,18.025629172072858,2.0423825475907647
c19_5,Type 020,18.19610689104709,1.94943717517299
c19_6,Type 020,17.918623233881135,1.6752779511154676
c19_7,Type 020,17.998563575737233,1.892422781837085
c19_8,Type 020,17.9093336152002,2.0674178095867095
c19_9,Type 020,17.863142763290615,2.1312623611183725
c19_10,Type 020,17.96676445801552,1.8234055902239494
c19_11,Type 020,18.223005660338597,1.8749449450118698
c19_12,Type 020,17.969938365990828,1.8759516627140256
c19_13,Type 020,18.428828572977068,1.7516519689690155
c19_14,Type 020,17.694908319295,2.2268541465043543
c19_15,Type 020,18.096295240772548,2.014463473454363
c19_16,Type 020,18.010695553079593,2.3653354634978148
c19_17,Type 020,17.842202908370275,2.1929182567710086
c19_18,Type 020,18.13783790281413,2.09308762420154
c19_19,Type 020,17.980389169900345,2.0210416368407578
c19_20,Type 020,17.795131457350085,1.9460239301875777
c19_21,Type 020,17.839018386488334,1.8246408323100938
c19_22,Type 020,17.887676825697657,1.8407820722905957
c19_23,Type 020,18.123185212046998,2.115449174933337
c19_24,Type 020,18.31529340473991,2.0943912443095845
c19_25,Type 020,17.832746618720282,1.845905410844706
c19_26,Type 020,17.936989139622337,2.05327851608232
c19_27,Type 020,18.31938463466121,1.6825198488874893
c19_28,Type 020,17.88953173403164,2.278390563033336
c19_29,Type 020,18.0776055281392,1.836969809332537
c19_30,Type 020,17.8414061153569,1.829679994182077
c19_31,Type 020,18.263613860853972,2.2838109198124936
c19_32,Type 020,17.939390188530837,1.9905496058834347
c19_33,Type 020,17.583122080147444,2.221272081714354
c19_34,Type 020,18.024884955303566,1.7942024941414876
c19_35,Type 020,17.832019156267272,2.5252898847096104
c19_36,Type 020,17.876817679873934,2.179736424232512
c19_37,Type 020,18.179239653952393,2.240155611420546
c19_38,Type 020,18.124990081556138,1.820195927145847
c19_39,Type 020,18.192692281332167,2.2323897623034172
c19_40,Type 020,18.0458471937126,2.0101731937520224
c19_41,Type 020,18.091136955269352,1.9476262024781297
c19_42,Type 020,18.32015477343633,1.9462131541797776
c19_43,Type 020,18.227633416256953,2.224870474942301
c19_44,Type 020,17.887371351095418,2.0169781508763593
c20_0,Type 021,-0.14582904837435193,4.016218253738703
c20_1,Type 021,-0.12152370668717945,4.725015966182042
c20_2,Type 021,0.12115357513456725,3.8237942498699837
c20_3,Type 021,-0.23742883723822938,3.7846538808947665
c20_4,Type 021,0.03636818089204205,4.145734652972337
c20_5,Type 021,0.16016333386672113,3.7531401627863636
c20_6,Type 021,-0.23611929591662217,4.113227689990271
c20_7,Type 021,0.11623637275060583,4.040717605386437
c20_8,Type 021,0.1336838466303195,3.929298498715988
c20_9,Type 021,-0.3219505899192054,4.079559678231535
c20_10,Type 021,-0.18066301910265292,4.111712823501118
c20_11,Type 021,0.14799694791852,3.995596695563197
c20_12,Type 021,0.015390552624930099,3.72773919604621
c20_13,Type 021,-0.1936320353209567,3.612201959648462
c20_14,Type 021,-0.37074478578752806,4.1718439721134715
c20_15,Type 021,-0.4327217516926076,3.664091600865628
c20_16,Type 021,-0.11820643657169952,3.876448991535274
c20_17,Type 021,0.09957485360302391,3.6942993849003587
c20_18,Type 021,0.32747972289143795,3.918194273838969
c20_19,Type 021,-0.08330894126988808,4.1577432599328334
c20_20,Type 021,0.2096488178199837,3.8170367402983185
c20_21,Type 021,-0.29947292105564816,4.056925765465889
c20_22,Type 021,0.09995108468887309,3.5984151706868968
c20_23,Type 021,0.1153015830152021,3.925317435580208
c20_24,Type 021,-0.058417550465162484,4.283070268967497
c20_25,Type 021,0.03759464699944662,4.466751731710369
c20_26,Type 021,0.09140172292531008,4.100601789839139
c20_27,Type 021,0.1132267804131963,4.092663157588303
c20_28,Type 021,-0.19018774962798213,3.7434252922756923
c20_29,Type 021,-0.04382175684818254,3.9658193614290274
c20_30,Type 021,-0.034158854015813915,4.017380949395339
c20_31,Type 021,0.1411073965185475,4.32016885387908
c20_32,Type 021,-0.04718243308968673,4.327616494987424
c20_33,Type 021,0.06745132031084967,3.949117485270175
c20_34,Type 021,0.34166952833060354,3.689462524437915
c20_35,Type 021,0.051007593146897616,3.900289654779054
c20_36,Type 021,0.08434217885116128,4.27456646648334
c20_37,Type 021,-0.1933950329343133,3.89028499393642
c20_38,Type 021,-0.0594061645797637,3.8233246224727484
c20_39,Type 021,-0.02539699656456687,4.170487819343872
c20_40,Type 021,-0.050102196825374826,4.0759420496789005
c20_41,Type 021,0.24724212227133854,4.233442193164312
c20_42,Type 021,0.029596634522247922,3.9129323480437432
c20_43,Type 021,0.032244213717427556,4.051413884826584
c20_44,Type 021,0.3069535122528258,4.082902154004519
c21_0,Type 022,2.3690802730825973,3.6427109665219284
c21_1,Type 022,1.9699990205488374,4.278225101472485
c21_2,Type 022,1.8140963001646593,4.327646468489504
c21_3,Type 022,1.971128071977523,4.031148960340019
c21_4,Type 022,2.296211965487668,3.6688522625521514
c21_5,Type 022,2.0490282957760204,3.9846458842609755
c21_6,Type 022,2.3279701483412736,3.89036906119178
c21_7,Type 022,2.1796658148486436,3.9308459337232207
c21_8,Type 022,1.6999107454674645,3.9978072357705674
c21_9,Type 022,2.1690796836179893,4.057212865735495
c21_10,Type 022,1.8556548032672346,3.6513970602305226
c21_11,Type 022,2.247127997044526,3.8952488212928427
c21_12,Type 022,1.9293674975974482,3.947413964675002
c21_13,Type 022,2.0915212779384946,4.289852776583092
c21_14,Type 022,1.8735569829428385,3.852720226302359
c21_15,Type 022,1.7926816280990447,3.692398322119599
c21_16,Type 022,1.7535474026612015,3.771461240788655
c21_17,Type 022,1.9886214311731913,4.318240323666696
c21_18,Type 022,2.1856038749245825,3.6740976121714812
c21_19,Type 022,1.9520242889293995,4.151348587502501
c21_20,Type 022,2.0488100759477494,3.935798395189281
c21_21,Type 022,1.7454359318223724,4.007500338888364
c21_22,Type 022,1.7481093290173275,4.261980383409549
c21_23,Type 022,1.7906508715912304,4.334919863236039
c21_24,Type 022,1.827391464098991,4.126675208676417
c21_25,Type 022,1.9208227182359623,4.193942628380241
c21_26,Type 022,2.32622560955261,3.88042925315255
c21_27,Type 022,2.2672256293872275,4.013833681791743
c21_28,Type 022,1.8773330178883167,3.5616026805619967
c21_29,Type 022,2.0318680797492923,4.077491882193004
c21_30,Type 022,1.6766246306702788,3.780359592569544
c21_31,Type 022,1.5297475494815198,4.0902976430678555
c21_32,Type 022,1.7368172187677797,3.9908792512446642
c21_33,Type 022,2.1755790431107633,4.372618640375676
c21_34,Type 022,2.0852529093986796,4.203156194935496
c21_35,Type 022,2.0600948447089062,4.092448945097584
c21_36,Type 022,2.044768818551902,3.7459486330247627
c21_37,Type 022,1.7322915824257488,4.23587574615296
c21_38,Type 022,2.0559637069216103,3.760216662258152
c21_39,Type 022,1.7914745749148167,3.869827498475466
c21_40,Type 022,2.0300099179524493,4.041568683136569
c21_41,Type 022,2.2688528632143328,3.943980929696264
c21_42,Type 022,2.246456629350639,4.145940002855148
c21_43,Type 022,2.0488692683859338,4.010657569674535
c21_44,Type 022,2.1263838112876283,4.060424870944566
c22_0,Type 023,4.126902076276836,4.0807945778748715
c22_1,Type 023,3.94409295859564,4.319246409943491
c22_2,Type 023,3.8839584559494202,3.9116629162336025
c22_3,Type 023,3.8737844834860615,3.946936759957709
c22_4,Type 023,4.158190539625926,4.010833218588297
c22_5,Type 023,4.087073192874104,4.1234956400712415
c22_6,Type 023,4.228912208225151,3.944986225765433
c22_7,Type 023,4.029003609969677,4.08599453522391
c22_8,Type 023,4.1167332841038675,3.7178277177456045
c22_9,Type 023,3.822796131452872,3.9464947884042085
c22_10,Type 023,4.255981655396337,4.265089646246563
c22_11,Type 023,3.8211707187431303,3.9390743728502793
c22_12,Type 023,3.7437346930343587,4.3814412701921555
c22_13,Type 023,4.0785817401539655,3.7825749093939645
c22_14,Type 023,4.187584767504213,3.847565023812541
c22_15,Type 023,4.035457928972746,3.811610581973223
c22_16,Type 023,4.2300679370724446,4.128395511513576
c22_17,Type 023,4.345566510319494,4.0165308666147626
c22_18,Type 023,3.951313984761727,4.102753385683162
c22_19,Type 023,4.141591460450548,4.124332046619941
c22_20,Type 023,3.665014193930678,4.177316775996033
c22_21,Type 023,3.910895246069561,3.936641773053361
c22_22,Type 023,4.059841424235729,4.020081042888721
c22_23,Type 023,3.8912627256553955,4.174188249467669
c22_24,Type 023,4.134309972101118,3.83341301090043
c22_25,Type 023,3.9715585143725924,4.300868109669221
c22_26,Type 023,3.4793640478674486,4.1358875873167715
c22_27,Type 023,4.4177790273149755,3.7755843055718694
c22_28,Type 023,4.076631447236267,4.226858320106612
c22_29,Type 023,3.9815682670262276,4.019364254533631
c22_30,Type 023,4.103122785982565,4.307416458724277
c22_31,Type 023,4.217680679414799,4.100635678925853
c22_32,Type 023,3.679612016773759,3.9207632776050776
c22_33,Type 023,4.3490658342136514,3.611278603543295
c22_34,Type 023,4.031690351702172,4.389014893353303
c22_35,Type 023,3.951500275277387,3.9827536906780323
c22_36,Type 023,3.96482305528517,4.004059429880121
c22_37,Type 023,4.088562896526933,3.7306525823784
c22_38,Type 023,4.120958224924963,3.899126557492746
c22_39,Type 023,3.8144007316684316,4.048948686654188
c22_40,Type 023,3.9924478010147255,3.993605004853279
c22_41,Type 023,4.247979715731441,3.6538584462019355
c22_42,Type 023,4.30912145214492,3.84820673557204
c22_43,Type 023,3.846553848779525,4.234924775111174
c22_44,Type 023,4.225112508866434,3.691166452178001
c23_0,Type 024,6.110387522968236,4.435146234302691
c23_1,Type 024,5.911650127690733,4.1758727551115005
c23_2,Type 024,6.05613179474288,4.142852011583457
c23_3,Type 024,5.905935562051319,4.217281136738763
c23_4,Type 024,5.972532996462317,3.9386292055825503
c23_5,Type 024,5.943265988656199,4.167266081595241
c23_6,Type 024,5.430585658887357,3.960300797060324
c23_7,Type 024,5.697473935550415,3.5898665179290643
c23_8,Type 024,5.995973174033278,4.067034288762624
c23_9,Type 024,5.824039033978395,4.034365470695957
c23_10,Type 024,5.878325405796285,3.7438958100111366
c23_11,Type 024,5.825310215817202,4.03957308530686
c23_12,Type 024,5.730504970254182,3.4802200326558754
c23_13,Type 024,6.184923239279186,3.8502822144264726
c23_14,Type 024,5.995234727891583,3.9416536874257218
c23_15,Type 024,6.140665002907773,4.394070197084755
c23_16,Type 024,6.141581740191124,4.521122575984558
c23_17,Type 024,5.777903738351387,4.467258116112754
c23_18,Type 024,6.199826945475387,3.8853229200931967
c23_19,Type 024,6.152315253022484,4.07862451292484
c23_20,Type 024,6.095115942652894,3.7032797234903296
c23_21,Type 024,5.987175681394938,4.216284476076927
c23_22,Type 024,6.115411576628618,4.396194321867141
c23_23,Type 024,6.035821646030584,3.5946035219374037
c23_24,Type 024,6.1830562439301175,3.996425011958946
c23_25,Type 024,5.898658796074206,4.006010142670749
c23_26,Type 024,6.135052609121606,3.957173824505966
c23_27,Type 024,6.161833065829698,4.175661329842906
c23_28,Type 024,6.217128569008626,4.155971458820116
c23_29,Type 024,6.011126285520833,4.2136162361803216
c23_30,Type 024,6.332228063806206,3.9567194105960746
c23_31,Type 024,5.787608608319951,3.9581852671348208
c23_32,Type 024,5.820002969849261,3.9052174951864393
c23_33,Type 024,5.994650929112194,4.299133748846995
c23_34,Type 024,5.837648781898289,4.246833437693052
c23_35,Type 024,5.855023263398942,3.966546319996676
c23_36,Type 024,5.858463037573918,4.18592407498668
c23_37,Type 024,5.99958111106928,4.250744852660488
c23_38,Type 024,5.6828875070674565,4.012333071145437
c23_39,Type 024,5.7339524720875,3.6306233747615835
c23_40,Type 024,6.624168808436256,4.104549628927897
c23_41,Type 024,6.329281524209849,4.0523446338544655
c23_42,Type 024,6.190149216414717,4.104039795530801
c23_43,Type 024,5.693712205981217,4.046625826849167
c23_44,Type 024,6.135078037867306,3.7978773275512006
c24_0,Type 025,8.219784401990248,3.8451281835985642
c24_1,Type 025,7.954121027525062,3.792047093070054
c24_2,Type 025,7.685673130875575,3.72749595134966
c24_3,Type 025,7.789441506275983,4.015725768189389
c24_4,Type 025,8.03298816505779,3.890432613837149
c24_5,Type 025,8.566102090043735,4.0281369640667375
c24_6,Type 025,7.534349474789478,4.1377485414192074
c24_7,Type 025,7.883432277819802,3.8349237904637046
c24_8,Type 025,8.181262073253569,4.064963401202899
c24_9,Type 025,7.968391407988147,4.264902544997867
c24_10,Type 025,8.03880903172202,4.041833884014828
c24_11,Type 025,7.833664186832817,4.022780274095352
c24_12,Type 025,7.997901459918168,4.0190696403993575
c24_13,Type 025,7.797304483782097,3.970009514199129
c24_14,Type 025,7.635819068752011,3.83641506979049
c24_15,Type 025,7.897036718404876,4.119053017142339
c24_16,Type 025,7.763066848049922,4.477343674002023
c24_17,Type 025,7.654627845325584,3.832442344660385
c24_18,Type 025,7.8996990473196975,4.353640080091071
c24_19,Type 025,7.847235760044674,4.219091002113231
c24_20,Type 025,8.146824586250888,4.145457910110751
c24_21,Type 025,8.425306523472445,3.949130267103617
c24_22,Type 025,7.743266991583329,4.2239752302027975
c24_23,Type 025,8.21025682065939,4.0423740686303375
c24_24,Type 025,7.896558125007511,3.510150472308435
c24_25,Type 025,8.007432082410471,4.155517074422503
c24_26,Type 025,7.901446010756841,4.224549869758116
c24_27,Type 025,7.899447748815334,4.206152178950949
c24_28,Type 025,7.995860074283452,4.0186122180097446
c24_29,Type 025,8.027357566563069,4.133535154148033
c24_30,Type 025,7.950032423829154,4.16490025916271
c24_31,Type 025,7.826252186869643,4.257532097621022
c24_32,Type 025,7.959136154703275,4.179699944517593
c24_33,Type 025,7.664159213272177,4.2216491819299335
c24_34,Type 025,7.823890267223877,3.9841420534894882
c24_35,Type 025,8.152061904551958,3.8800730918753006
c24_36,Type 025,8.236231855309013,3.7580685779441207
c24_37,Type 025,7.944606762336184,3.8471778159506584
c24_38,Type 025,7.919564060786542,3.650903769992151
c24_39,Type 025,7.971877527730608,4.350836160319173
c24_40,Type 025,7.839066427107581,4.187860399544266
c24_41,Type 025,8.001309205820998,3.8160647033307473
c24_42,Type 025,8.055219430085359,4.0038657439250285
c24_43,Type 025,8.164547294537858,4.0058424192111515
c24_44,Type 025,8.045508682606673,4.409454795854544
c25_0,Type 026,10.002204670676905,3.8089845811231093
c25_1,Type 026,9.756127960515997,3.7986358904017528
c25_2,Type 026,10.152918471862343,4.10147333337985
c25_3,Type 026,9.926101905014674,4.183631088897313
c25_4,Type 026,9.718932983336948,3.978116931980515
c25_5,Type 026,10.154376123903349,4.066831793214966
c25_6,Type 026,9.696505885972282,4.068612224229964
c25_7,Type 026,10.194375154967352,3.7674087339039497
c25_8,Type 026,10.423760770411144,3.970107795830625
c25_9,Type 026,10.01584243404699,3.8997400353416496
c25_10,Type 026,9.726174927183472,4.079794832881203
c25_11,Type 026,10.303653562792089,4.223244462142054
c25_12,Type 026,10.139118634610353,4.102231063781028
c25_13,Type 026,10.184202708305113,3.855901507478251
c25_14,Type 026,10.093141367188235,4.128445271433503
c25_15,Type 026,10.329898824238253,3.8176237610566837
c25_16,Type 026,10.01199398442301,3.5673180141801826
c25_17,Type 026,9.92324796266958,4.080378993596195
c25_18,Type 026,9.967881815126427,4.213216238354836
c25_19,Type 026,9.936982455283626,4.019801136045744
c25_20,Type 026,9.98111744259445,4.213986386223275
c25_21,Type 026,9.556852664842319,4.016571089492313
c25_22,Type 026,9.946318924059675,3.929213481151303
c25_23,Type 026,9.849683971793429,3.80046674546639
c25_24,Type 026,9.649583110615728,4.362491624240787
c25_25,Type 026,9.812157127079118,4.144869078417089
c25_26,Type 026,10.097428940966944,4.1408004988207505
c25_27,Type 026,10.148623622187033,4.237822871457487
c25_28,Type 026,10.167005642166474,4.182858565201293
c25_29,Type 026,10.0270277211304,4.053110148235528
c25_30,Type 026,9.964792008722025,4.0864968893100215
c25_31,Type 026,10.164363653568877,3.703335734481576
c25_32,Type 026,10.02950537861316,4.2885391928047625
c25_33,Type 026,10.027327847227115,3.8499580945369147
c25_34,Type 026,10.143696919940387,4.072716817299522
c25_35,Type 026,10.44508184911793,3.9617636733012924
c25_36,Type 026,10.270897469801001,3.5924868423474052
c25_37,Type 026,10.0166613179857,3.8591225097740938
c25_38,Type 026,9.698454402771597,4.049448326715804
c25_39,Type 026,9.89011527193186,4.116038204825625
c25_40,Type 026,10.122072948348572,3.6699749378444504
c25_41,Type 026,9.788283170060422,4.0309299595193595
c25_42,Type 026,10.12605684230042,3.8781056794549675
c25_43,Type 026,10.14064862246209,3.9620629059852837
c25_44,Type 026,10.095887168929895,3.5797017843312133
c26_0,Type 027,11.998814358144518,3.462477414736247
c26_1,Type 027,11.747411160408221,3.6747488343871417
c26_2,Type 027,11.919166143593642,4.061135133230218
c26_3,Type 027,12.08714644924264,4.0597768512744565
c26_4,Type 027,11.965073193383446,3.936197005943142
c26_5,Type 027,11.90383793665118,3.9700803574535684
c26_6,Type 027,11.716060593996096,4.085804169687849
c26_7,Type 027,11.819528693273725,3.7610367916493246
c26_8,Type 027,11.685803489599147,4.01266352917372
c26_9,Type 027,11.595213352562958,3.8230947216460827
c26_10,Type 027,12.037176294859549,3.745397240822399
c26_11,Type 027,11.94812578202313,3.7269859565043113
c26_12,Type 027,12.259137864856326,4.041820761499674
c26_13,Type 027,12.007223863995792,3.858281548786095
c26_14,Type 027,11.802892238464157,4.328807549453756
c26_15,Type 027,11.808398918325361,3.810112451736956
c26_16,Type 027,12.15857585722598,4.11184204536108
c26_17,Type 027,12.179384481404183,3.973397494254092
c26_18,Type 027,12.016765532840386,4.55286478782285
c26_19,Type 027,11.880291788738262,3.882937537038053
c26_20,Type 027,11.964276902811037,3.766275055702054
c26_21,Type 027,11.812746702185269,3.957344239640178
c26_22,Type 027,12.343459078986923,4.138702160439434
c26_23,Type 027,11.650837418683107,3.9684661164475035
c26_24,Type 027,12.17020760684351,3.894651424944871
c26_25,Type 027,12.32331006771468,3.7857775613252835
c26_26,Type 027,11.6265044955629,4.066358240348343
c26_27,Type 027,11.855767548770855,3.7040249973007646
c26_28,Type 027,12.110626376878926,4.318720662475057
c26_29,Type 027,11.680799937653804,3.8656198121664245
c26_30,Type 027,11.713220033171092,3.734306989697241
c26_31,Type 027,11.864792222904466,3.7525756642145107
c26_32,Type 027,12.263885114149376,3.6454211534516183
c26_33,Type 027,11.960822142690903,4.038768172390694
c26_34,Type 027,11.725372462884078,3.975350764702278
c26_35,Type 027,11.86540025706968,3.9634812112260382
c26_36,Type 027,12.137604975626134,4.169429874635489
c26_37,Type 027,12.144862651403376,4.241907665104725
c26_38,Type 027,12.140107970919543,4.060537288364439
c26_39,Type 027,11.971923200889286,4.018031534674383
c26_40,Type 027,11.639462871699358,3.9250366023885483
c26_41,Type 027,12.058329138374923,3.902638927893475
c26_42,Type 027,11.736374144203282,4.067339602197264
c26_43,Type 027,12.05673781044219,4.064819151120544
c26_44,Type 027,11.832224893954516,3.820624724225406
c27_0,Type 028,13.674065585771409,3.7422950689083008
c27_1,Type 028,14.270528856447187,4.031519972931592
c27_2,Type 028,13.977109963509372,3.7573072594111308
c27_3,Type 028,14.224632166756148,3.9533526570163073
c27_4,Type 028,14.012925738196875,3.7017180785688044
c27_5,Type 028,13.592599557874824,3.976769098259365
c27_6,Type 028,13.63011263868616,3.849102967377854
c27_7,Type 028,13.777240830902684,3.878983567706665
c27_8,Type 028,13.722998541889902,3.9349057457008727
c27_9,Type 028,13.970657388412008,4.032311032106464
c27_10,Type 028,14.390952045122868,4.105466778309575
c27_11,Type 028,14.165458622701207,3.7922032862282795
c27_12,Type 028,14.072958394048966,3.8209402422508347
c27_13,Type 028,14.240242728388209,4.368658837979845
c27_14,Type 028,14.038956552603333,4.129474322276132
c27_15,Type 028,13.862345009876238,3.7530953186730667
c27_16,Type 028,13.985784332783036,3.9533196673072863
c27_17,Type 028,13.461435031760757,3.75892753709415
c27_18,Type 028,13.884364038463628,3.7707803968581852
c27_19,Type 028,14.167218554688997,3.643434327824756
c27_20,Type 028,13.822391776148365,4.262546580569905
c27_21,Type 028,13.811818251261796,4.0304528657177405
c27_22,Type 028,13.768464052269241,3.8806736859893287
c27_23,Type 028,13.898813508483906,3.9934773593029713
c27_24,Type 028,14.051760199172833,4.1028308243679925
c27_25,Type 028,13.913000222156775,3.5491803330002045
c27_26,Type 028,13.944042319390231,4.023735436697582
c27_27,Type 028,14.046733633720565,4.014310797774963
c27_28,Type 028,13.828922260566447,3.952315816347454
c27_29,Type 028,14.03420776469063,4.079268895663689
c27_30,Type 028,13.816524705375338,4.039865527925763
c27_31,Type 028,14.134165065328808,4.141479011623789
c27_32,Type 028,13.927859396083836,3.6241501784209227
c27_33,Type 028,13.919118435983346,3.846207278634778
c27_34,Type 028,13.636267663555541,3.993739993445725
c27_35,Type 028,13.825781836990847,3.656492199257415
c27_36,Type 028,14.122791505371818,4.16380339490546
c27_37,Type 028,13.984465192908852,3.8524918017565284
c27_38,Type 028,13.844545447501332,4.206081670060641
c27_39,Type 028,13.72134322647397,3.6271327502736863
c27_40,Type 028,14.141873362792742,3.814558817556092
c27_41,Type 028,14.11384385619945,3.8179752386801877
c27_42,Type 028,14.175201101584445,3.8067611623638413
c27_43,Type 028,14.372962866523245,3.5566696478829387
c27_44,Type 028,13.966686633576698,4.232534235743452
c28_0,Type 029,15.987985341857339,4.153587335629696
c28_1,Type 029,16.476146662245398,4.091263721934158
c28_2,Type 029,16.189495656782693,4.241262421010657
c28_3,Type 029,16.215666008182396,3.9687204446413213
c28_4,Type 029,16.07770161216534,4.21429209761882
c28_5,Type 029,15.738506066045273,3.8098099698577497
c28_6,Type 029,15.754813035012857,4.240974187752403
c28_7,Type 029,15.809700002963126,3.6065366242560106
c28_8,Type 029,15.94011197867582,4.416307386840709
c28_9,Type 029,16.217820314822042,3.727506396036119
c28_10,Type 029,15.706895933776273,3.6610392939564944
c28_11,Type 029,15.967354016003645,4.037867959524236
c28_12,Type 029,16.13359101868461,4.094549213743025
c28_13,Type 029,16.277380571948378,3.683017217198222
c28_14,Type 029,15.943995622719385,3.8761679316379833
c28_15,Type 029,16.169983627724466,3.839107130249938
c28_16,Type 029,16.0239931839692,4.013538871214851
c28_17,Type 029,16.067017315896248,4.407402813364068
c28_18,Type 029,16.127451521804485,3.5560396755445005
c28_19,Type 029,15.640598178758474,4.447588870263311
c28_20,Type 029,16.282448183421227,4.2886862953266
c28_21,Type 029,15.880664201734735,4.092606112921976
c28_22,Type 029,16.10501036449467,3.6188934138903175
c28_23,Type 029,16.27102498024547,3.700409717247922
c28_24,Type 029,15.866429911135628,3.885153773190021
c28_25,Type 029,16.01727331430143,3.6273369051680424
c28_26,Type 029,16.28009081193471,4.086505068136801
c28_27,Type 029,16.040995201084566,3.946321518271713
c28_28,Type 029,15.669779043945738,3.7945536211838724
c28_29,Type 029,15.619626838463102,4.009321906565158
c28_30,Type 029,16.282224056312078,3.930933015033158
c28_31,Type 029,16.036895204240313,3.9042425835891224
c28_32,Type 029,15.824014338058857,3.8235751686919794
c28_33,Type 029,16.168923162098608,3.873657412962473
c28_34,Type 029,16.393478978895075,4.327301765950346
c28_35,Type 029,16.1364747274378,4.359122838505092
c28_36,Type 029,15.771910474155602,4.119526169292575
c28_37,Type 029,15.97574501879163,4.299697688226193
c28_38,Type 029,16.027756728210207,4.053101804369089
c28_39,Type 029,16.04720439185853,4.170050899391391
c28_40,Type 029,15.93699305851096,4.112634393539267
c28_41,Type 029,16.033666672204586,4.025059339333702
c28_42,Type 029,16.145683598635568,3.781926389970631
c28_43,Type 029,16.093845058544925,3.62165795656905
c28_44,Type 029,16.01560349416039,3.9499110408986935
c29_0,Type 030,18.015743500910375,3.8654883346628233
c29_1,Type 030,18.365937487462865,3.771492299222937
c29_2,Type 030,18.127287054531212,3.5679192972243907
c29_3,Type 030,18.066205301150504,3.806875817179101
c29_4,Type 030,17.910376056752455,4.0783542176546455
c29_5,Type 030,17.70959822385234,3.974742649955073
c29_6,Type 030,18.061340307251893,3.7389260072208645
c29_7,Type 030,17.801206309076317,4.069032865714308
c29_8,Type 030,17.824438825986917,4.2487788705121154
c29_9,Type 030,18.149685353016,3.9662389129056677
c29_10,Type 030,18.03430899313856,4.179805635216496
c29_11,Type 030,18.22175099549685,4.118248248402808
c29_12,Type 030,17.92334977443943,4.00326190137174
c29_13,Type 030,18.034079503767103,4.228847884267357
c29_14,Type 030,17.73189288766948,4.169990884861491
c29_15,Type 030,17.713397743018,3.7991284702278585
c29_16,Type 030,17.640365044881126,4.103614764336527
c29_17,Type 030,18.06450033369723,4.1529907018186965
c29_18,Type 030,17.828448220854327,3.877836437014912
c29_19,Type 030,17.818900768487783,4.058352928459184
c29_20,Type 030,18.363100903869853,4.020590334230841
c29_21,Type 030,18.192055906814527,4.025654227225801
c29_22,Type 030,18.08550711482033,4.170110845417144
c29_23,Type 030,17.984128237504258,3.71543619257654
c29_24,Type 030,17.85233623270764,3.870066329044046
c29_25,Type 030,18.117330317947083,3.842294346368774
c29_26,Type 030,17.89034595744014,3.699987453068947
c29_27,Type 030,17.584537990498273,4.063759856318359
c29_28,Type 030,17.779435899308133,4.170532275403676
c29_29,Type 030,17.913367422866532,4.19573562126179
c29_30,Type 030,17.87205959660396,4.201591557002928
c29_31,Type 030,18.25739599016448,3.8809443829460473
c29_32,Type 030,18.049081708747096,4.016820590506969
c29_33,Type 030,17.773391195472538,4.102243017530129
c29_34,Type 030,17.928681660503507,3.8722127951336005
c29_35,Type 030,18.197021995218773,3.6458710256966653
c29_36,Type 030,18.042015264158362,3.9847564625014256
c29_37,Type 030,17.966147347665906,4.029110484162155
c29_38,Type 030,18.18931431947965,3.9612530378005943
c29_39,Type 030,18.12620356545477,4.0130321611916395
c29_40,Type 030,17.82399023625309,3.9445139184842546
c29_41,Type 030,18.231999718334972,4.299572783653318
c29_42,Type 030,17.88699544747106,3.904333113069693
c29_43,Type 030,17.737786670567022,4.061331568372711
c29_44,Type 030,18.19703991075354,4.0153333940197875
c30_0,Type 031,0.022822393529984508,5.836781398371194
c30_1,Type 031,-0.015606210517319958,6.227101553010534
c30_2,Type 031,0.22575694732590554,6.040464886099286
c30_3,Type 031,-0.11856010337914585,6.0582546532807235
c30_4,Type 031,0.20698138930236476,6.312162111710599
c30_5,Type 031,0.013376252200598316,6.275037178404807
c30_6,Type 031,-0.15842868313516656,6.190524225590781
c30_7,Type 031,0.12128973353592179,5.960133346894454
c30_8,Type 031,0.019357697115311302,5.790623114080664
c30_9,Type 031,0.22281570819460203,6.0608732431380545
c30_10,Type 031,0.044623709206347645,6.126411268293148
c30_11,Type 031,0.36904729202581676,5.910830769888237
c30_12,Type 031,-0.2973475296459252,5.936228954677268
c30_13,Type 031,0.20662634746816635,6.027216750519466
c30_14,Type 031,-0.0661497950485135,6.342468405533788
c30_15,Type 031,0.03803300905065843,5.932276182251445
c30_16,Type 031,-0.02037167939912586,6.07961636689909
c30_17,Type 031,-0.09684158530093157,6.137555983771735
c30_18,Type 031,-0.36600047098913446,5.573626314817729
c30_19,Type 031,0.1580048179432253,6.223546644310051
c30_20,Type 031,-0.11184947744155678,5.802116259046797
c30_21,Type 031,0.008600331388319579,5.979952921026596
c30_22,Type 031,0.2562716668911839,5.976131278650416
c30_23,Type 031,0.12301199576915617,5.9201601309908645
c30_24,Type 031,0.20377754223037475,6.127864155636232
c30_25,Type 031,0.1770248271760944,6.344544588655526
c30_26,Type 031,-0.0973330043119624,6.251804473572334
c30_27,Type 031,0.1992950420800541,6.0449655664120225
c30_28,Type 031,0.002275704523249144,6.098170678511547
c30_29,Type 031,-0.12640105268944682,6.395156278563384
c30_30,Type 031,0.1951204798349021,6.039504593066675
c30_31,Type 031,0.0048614295630619205,5.833855216639143
c30_32,Type 031,-0.12484165467584447,5.948291871521626
c30_33,Type 031,0.05232650239905792,6.299023296610234
c30_34,Type 031,0.018266367069368742,5.791800668184027
c30_35,Type 031,-0.0637690282546906,6.142570846169046
c30_36,Type 031,-0.09267963856353112,6.096744003827431
c30_37,Type 031,0.010362244463105545,5.880599719480572
c30_38,Type 031,0.20065991023926655,6.108416252360635
c30_39,Type 031,-0.0651786461323393,5.826725093277696
c30_40,Type 031,-0.01817040122552475,6.00966501672217
c30_41,Type 031,-0.19833429051813156,5.986585703508532
c30_42,Type 031,-0.04711151839865557,5.697500144555312
c30_43,Type 031,-0.1661166503817957,5.708614314783067
c30_44,Type 031,0.201101573008323,5.921349144992035
c31_0,Type 032,2.2477638707546705,6.118751403134055
c31_1,Type 032,1.9013960589384091,5.578770664085046
c31_2,Type 032,2.0286808807452226,5.873894969346656
c31_3,Type 032,1.8970218148054174,5.983721470740431
c31_4,Type 032,2.1592553053389794,6.114615366231112
c31_5,Type 032,2.2041869090620336,6.222073878843751
c31_6,Type 032,1.89779913731366,5.968639223589669
c31_7,Type 032,1.780750166553304,6.20299106032761
c31_8,Type 032,2.0221947944224,6.154674884235339
c31_9,Type 032,1.875053764629031,6.2306274013325
c31_10,Type 032,2.250535265370741,6.001232508702643
c31_11,Type 032,2.1552276731879023,6.510422702097157
c31_12,Type 032,1.8147224834288636,6.02083370806417
c31_13,Type 032,2.481485747689072,6.089271070905336
c31_14,Type 032,2.125242950330131,5.983979432542259
c31_15,Type 032,2.3082937680154023,5.908891842283594
c31_16,Type 032,2.2088243121396522,5.716303881290013
c31_17,Type 032,2.2914827451903266,6.3230577270257085
c31_18,Type 032,2.0009183192569324,6.166796238697582
c31_19,Type 032,2.080433056766689,5.992479210898344
c31_20,Type 032,1.6742718061409332,6.214027627025042
c31_21,Type 032,2.042706958204529,6.271567034797478
c31_22,Type 032,2.1203837802736683,5.949031555285424
c31_23,Type 032,2.0299869033331475,6.143528930443463
c31_24,Type 032,2.1470509056479288,6.065110758343121
c31_25,Type 032,1.6781748506561933,5.8189827818684945
c31_26,Type 032,2.176282529406643,6.149956680403071
c31_27,Type 032,1.9825702084569308,6.0386697738583415
c31_28,Type 032,2.134231079395945,5.8621778231867605
c31_29,Type 032,1.8636761694861745,5.788278380475043
c31_30,Type 032,1.7985520917505475,5.801534693115579
c31_31,Type 032,2.047209945470862,5.923507961806485
c31_32,Type 032,1.9472089205119751,5.8786665273599095
c31_33,Type 032,1.981242332553955,5.861307198064462
c31_34,Type 032,1.7646773007796046,5.807214826591224
c31_35,Type 032,2.375956119308679,5.925657598153672
c31_36,Type 032,1.7823775257744074,5.828746566840027
c31_37,Type 032,1.9362202285578252,5.810707068227718
c31_38,Type 032,1.688811880866313,5.821829482216345
c31_39,Type 032,1.5943855080833795,5.9748979481240445
c31_40,Type 032,1.9375503523011446,5.946546989729086
c31_41,Type 032,2.007896128721363,6.544892035683019
c31_42,Type 032,1.8733436246902961,6.112124955172955
c31_43,Type 032,2.1360756900816735,6.112924409254569
c31_44,Type 032,1.574417408548899,6.299711846343238
c32_0,Type 033,3.89092793765358,6.270033011058978
c32_1,Type 033,3.8260693874573377,6.369598855034308
c32_2,Type 033,3.9454154639430787,6.112234059320409
c32_3,Type 033,4.2518190894270935,5.970642836736264
c32_4,Type 033,4.376174363583188,6.054094708646145
c32_5,Type 033,3.920949390453928,6.206819426890728
c32_6,Type 033,4.41276876117729,5.968383226640971
c32_7,Type 033,4.185396558925582,5.881607204541989
c32_8,Type 033,4.3654234601449335,6.0705678620406065
c32_9,Type 033,4.043112712343172,6.264269720443166
c32_10,Type 033,3.830842110521089,6.039361029127317
c32_11,Type 033,4.197254731920234,5.908966792446226
c32_12,Type 033,4.05797304440503,6.1848735723410275
c32_13,Type 033,3.936570204677074,6.087780215392483
c32_14,Type 033,3.8208100080637872,5.9997973268860765
c32_15,Type 033,4.091743430162337,5.680832921964702
c32_16,Type 033,4.041015096869606,5.888855991515422
c32_17,Type 033,4.157299404260013,6.118489650484234
c32_18,Type 033,4.2337120342257215,5.953250807714227
c32_19,Type 033,4.016711986960489,5.980172088733416
c32_20,Type 033,3.985060339978876,5.947784007547696
c32_21,Type 033,4.404046728343246,6.041286037054421
c32_22,Type 033,4.164504691333367,6.363010021246183
c32_23,Type 033,4.134425373422585,6.131591961020364
c32_24,Type 033,3.921161523115596,5.973324564567095
c32_25,Type 033,4.31149540570094,6.225624931865095
c32_26,Type 033,3.8713431069708992,6.120795203683109
c32_27,Type 033,3.9356900267013764,5.964804047676279
c32_28,Type 033,4.087891831955811,5.9145186273462675
c32_29,Type 033,4.003307902878575,6.006623171998926
c32_30,Type 033,4.154833285621087,6.154395679784925
c32_31,Type 033,3.785179532406859,6.145606516143584
c32_32,Type 033,3.619908000922258,5.734552542745603
c32_33,Type 033,3.7703932910083955,6.150043252079069
c32_34,Type 033,4.203955046710877,6.121996695771205
c32_35,Type 033,4.128320525368663,6.239178345784715
c32_36,Type 033,4.33825327732826,6.465482241776925
c32_37,Type 033,4.004417540549378,5.843013543847476
c32_38,Type 033,3.689389079300766,6.148146215358288
c32_39,Type 033,4.075805065128019,5.943564321690728
c32_40,Type 033,3.5772321765534896,5.578913958068411
c32_41,Type 033,4.108781638622413,5.953290017185291
c32_42,Type 033,3.7522558708014686,6.112138024978654
c32_43,Type 033,4.049976026109122,6.0019735961130545
c32_44,Type 033,4.486599749337408,6.268855070401819
c33_0,Type 034,6.201065043391273,5.9802633174971715
c33_1,Type 034,5.825328138450323,5.846878519128244
c33_2,Type 034,5.920123089295981,6.263199308826563
c33_3,Type 034,6.184598925221565,5.795040357802939
c33_4,Type 034,5.8430213945051435,5.837270885446468
c33_5,Type 034,5.7240842691517,6.440709351960212
c33_6,Type 034,6.224104698807344,6.44559299963371
c33_7,Type 034,6.100781429615762,5.663636245605022
c33_8,Type 034,6.040240727567771,5.606991158329651
c33_9,Type 034,6.11623740610851,5.946306872869854
c33_10,Type 034,6.411310112066658,5.895923417967675
c33_11,Type 034,5.941608920527984,5.916256396630048
c33_12,Type 034,6.30032952642778,5.83063392885567
c33_13,Type 034,6.221522422361647,5.833762436859526
c33_14,Type 034,5.841770804952986,5.90574661883902
c33_15,Type 034,6.049844091692876,6.180380127031482
c33_16,Type 034,5.739294234463326,5.9557695811005695
c33_17,Type 034,5.9359648322740215,5.6561019856047015
c33_18,Type 034,6.062823674802497,6.215802141755912
c33_19,Type 034,6.1233848625332294,5.850935699276482
c33_20,Type 034,6.138575480656389,6.070252307009435
c33_21,Type 034,5.984326023253143,5.41036669236126
c33_22,Type 034,5.576475696164882,5.8890473543834405
c33_23,Type 034,5.947422195640661,6.064023394569575
c33_24,Type 034,6.456430712671143,6.034571630204511
c33_25,Type 034,6.13246173235949,6.047517370664055
c33_26,Type 034,5.692759596942806,6.004319026117727
c33_27,Type 034,5.76219086782604,5.997587673594489
c33_28,Type 034,6.074631616779441,5.764271327063666
c33_29,Type 034,6.420136591040472,6.1494184447663995
c33_30,Type 034,5.691668468546782,5.85083869383271
c33_31,Type 034,5.922539614261669,5.742959842559947
c33_32,Type 034,6.029516414960399,5.90600492301288
c33_33,Type 034,5.8410502144854455,5.812089467899962
c33_34,Type 034,5.677249895956016,6.055405172153504
c33_35,Type 034,5.959330444319385,5.898775567958081
c33_36,Type 034,5.814065088594129,6.240756166820106
c33_37,Type 034,6.048135741119575,5.761565905534112
c33_38,Type 034,6.13825051503218,6.121321626065505
c33_39,Type 034,6.07719108369894,5.78806882512458
c33_40,Type 034,6.04665998310594,6.143508543365815
c33_41,Type 034,6.088807019566313,5.812693480676942
c33_42,Type 034,6.029875319087858,6.2243592206884655
c33_43,Type 034,5.962420064570113,6.062709115551612
c33_44,Type 034,6.148553008080691,6.024656056540341
c34_0,Type 035,7.885115195609729,6.030126493210024
c34_1,Type 035,8.01772040393365,5.947723096054616
c34_2,Type 035,8.091089836546042,5.343903683068223
c34_3,Type 035,7.937638477079681,6.0224874986886086
c34_4,Type 035,8.126552546441912,5.7606869947567905
c34_5,Type 035,8.05537884576453,5.628606049808029
c34_6,Type 035,8.12441351586105,5.993429298861436
c34_7,Type 035,7.9077025801627805,6.211506611186956
c34_8,Type 035,8.372053266479663,6.437555404139642
c34_9,Type 035,7.890516773297534,6.106324934683965
c34_10,Type 035,7.861159572238665,5.759397194325749
c34_11,Type 035,8.099881707490391,5.633014871078295
c34_12,Type 035,7.87277735200761,5.8926225495201425
c34_13,Type 035,7.654823227662237,5.954363078598542
c34_14,Type 035,8.062663668297338,5.826247278940737
c34_15,Type 035,7.835629416858246,6.114008022665621
c34_16,Type 035,7.8006515887587025,6.102308899642068
c34_17,Type 035,7.742444404469543,5.868710162505405
c34_18,Type 035,7.918820743379502,5.909666778590227
c34_19,Type 035,7.7681053074837045,5.521605186095353
c34_20,Type 035,8.001859258524684,6.252612889983197
c34_21,Type 035,8.246226258151891,6.047142976840038
c34_22,Type 035,7.9449562238430635,6.108355979003163
c34_23,Type 035,7.604827481405881,6.177067633605997
c34_24,Type 035,7.8783389168281515,5.829479770134283
c34_25,Type 035,8.120771165576846,6.049039704931186
c34_26,Type 035,7.528657179976641,6.287094267161754
c34_27,Type 035,8.058343702959794,6.205820812999003
c34_28,Type 035,7.8302598757823665,5.717627036345664
c34_29,Type 035,8.30761469796517,5.855027084645145
c34_30,Type 035,8.002648926010787,5.891861815578775
c34_31,Type 035,7.9602786424853615,6.25833971844107
c34_32,Type 035,8.17737032245912,5.90103280546425
c34_33,Type 035,7.941647986038799,6.025544177989403
c34_34,Type 035,7.947005883211785,6.255886087036771
c34_35,Type 035,7.911448464651016,5.9964721151150755
c34_36,Type 035,7.687284635754987,6.088445675181644
c34_37,Type 035,7.974047427015025,6.269693164706523
c34_38,Type 035,7.750231239574317,6.0434940829357515
c34_39,Type 035,8.341760013776193,5.943993381011426
c34_40,Type 035,8.198175106941813,5.826459196265892
c34_41,Type 035,7.880083918121885,6.001108098611692
c34_42,Type 035,7.615254579210305,5.819214888617834
c34_43,Type 035,8.086788655493647,5.811087829471361
c34_44,Type 035,7.907448940261778,6.093489920169225
c35_0,Type 036,9.73217701471357,6.098225488726426
c35_1,Type 036,10.004471186355154,6.161833894123364
c35_2,Type 036,9.898663168314279,5.648440367755609
c35_3,Type 036,9.95923599750622,5.885696173025868
c35_4,Type 036,9.996636728329866,6.099800361117913
c35_5,Type 036,9.633157819876674,6.147719264891323
c35_6,Type 036,10.041644350378643,6.38194473508637
c35_7,Type 036,10.14671098807277,6.014274804565117
c35_8,Type 036,9.73107614322378,5.975317121382471
c35_9,Type 036,9.72068618427449,5.955734874082049
c35_10,Type 036,10.020560462939104,5.995279588798409
c35_11,Type 036,9.928811698654311,5.835285287455452
c35_12,Type 036,9.84471502945142,5.665090074142735
c35_13,Type 036,9.655261122896748,5.950153786736221
c35_14,Type 036,10.001826779852568,6.013511137835291
c35_15,Type 036,10.173748945439447,6.273075895908114
c35_16,Type 036,9.971532404609064,5.874110864779793
c35_17,Type 036,10.137982649886517,5.9827756370975305
c35_18,Type 036,10.32962467351031,6.187734595464496
c35_19,Type 036,9.786745246398356,5.716802884782011
c35_20,Type 036,10.11213624919294,5.552617121142552
c35_21,Type 036,9.985789999304918,6.069895526638121
c35_22,Type 036,9.841639904538512,6.13207871413853
c35_23,Type 036,10.088974620217767,5.972289398020688
c35_24,Type 036,9.58402362294719,6.211787424616025
c35_25,Type 036,10.522489487116585,6.138165593343784
c35_26,Type 036,9.900308347155756,5.619020137263519
c35_27,Type 036,10.274566445856344,5.883320570784811
c35_28,Type 036,9.797825427223351,5.823302537550414
c35_29,Type 036,10.228621233894195,5.839284491664966
c35_30,Type 036,9.987597007482433,5.8949013255920395
c35_31,Type 036,10.138695010551457,5.775793471507985
c35_32,Type 036,10.238102861285865,6.355512834041595
c35_33,Type 036,10.069336799807122,6.19064002969075
c35_34,Type 036,9.894134742205605,6.042478126386117
c35_35,Type 036,10.101593890006546,6.203132895246795
c35_36,Type 036,9.84683901863359,5.879057619424822
c35_37,Type 036,9.891305797972795,6.215884263738928
c35_38,Type 036,9.944028838056052,5.9707405224204075
c35_39,Type 036,9.99540188760625,5.89342863263849
c35_40,Type 036,9.67172227043162,5.9126686257150425
c35_41,Type 036,9.994999056250062,6.04208553625124
c35_42,Type 036,10.167154409869962,6.035852230757315
c35_43,Type 036,9.752382874526091,6.269409924701071
c35_44,Type 036,10.12110560656128,6.002212558804946
c36_0,Type 037,12.031725573267511,5.983116571289833
c36_1,Type 037,12.272055666840409,5.766480090724106
c36_2,Type 037,11.889885786563609,6.052182469177905
c36_3,Type 037,11.94917240525622,5.920572894886651
c36_4,Type 037,12.00756325656858,5.620021052446564
c36_5,Type 037,11.916263174606001,6.054467033339233
c36_6,Type 037,11.802182406489871,6.092501351815198
c36_7,Type 037,11.675760956833988,6.253422956301736
c36_8,Type 037,11.54444869584753,5.9449323439362765
c36_9,Type 037,12.136318085509695,5.907629137320474
c36_10,Type 037,12.059246899076875,5.893140029415583
c36_11,Type 037,11.624940110009247,6.291635737133833
c36_12,Type 037,12.194867284076507,5.990242719534169
c36_13,Type 037,12.00684250499869,6.1315315090401565
c36_14,Type 037,11.766341035390257,6.341598362640298
c36_15,Type 037,11.862703316785298,5.903381086769155
c36_16,Type 037,12.10123309979144,6.002612625538063
c36_17,Type 037,12.250745765388174,6.170492345323662
c36_18,Type 037,12.003181502429932,6.065866081351966
c36_19,Type 037,11.741249176899064,5.729089170029485
c36_20,Type 037,12.051593984989289,6.086593976148286
c36_21,Type 037,12.054540255896626,6.198817049101718
c36_22,Type 037,12.191593564839277,5.883326159246035
c36_23,Type 037,11.952534546229241,5.897199521798394
c36_24,Type 037,11.986192677620926,6.146020088954815
c36_25,Type 037,12.005340093301186,6.363316241848348
c36_26,Type 037,12.031020745024382,6.3549782016263165
c36_27,Type 037,11.889667590652504,6.066530388802862
c36_28,Type 037,11.937410187302495,6.0046171520258875
c36_29,Type 037,12.239901749498838,6.121815003402335
c36_30,Type 037,11.894199052848755,5.803808338216017
c36_31,Type 037,12.201615560278462,6.339085818450697
c36_32,Type 037,12.144145137918402,6.400296214287495
c36_33,Type 037,11.923371747766158,5.866233167955263
c36_34,Type 037,12.202616912552529,5.968941186137289
c36_35,Type 037,12.150661498949342,5.999157987670317
c36_36,Type 037,12.042536461927673,6.152443633544962
c36_37,Type 037,12.025067258293362,6.312642260604253
c36_38,Type 037,12.020313146195901,6.035829451420686
c36_39,Type 037,12.12295117359815,5.984717933065008
c36_40,Type 037,11.955604930454822,5.894919973000078
c36_41,Type 037,12.062713929653238,5.803556713765787
c36_42,Type 037,11.99137211029027,6.0150173719256586
c36_43,Type 037,11.952667172623864,6.213379687408747
c36_44,Type 037,12.238741169573004,6.024793143785122
c37_0,Type 038,13.550683809318755,5.950508703110997
c37_1,Type 038,14.176000323710014,6.099330525326253
c37_2,Type 038,13.751851873433028,6.128751045511313
c37_3,Type 038,14.1250595552441,5.906762229939304
c37_4,Type 038,14.003857216975861,6.137247217269627
c37_5,Type 038,14.248155240225985,5.8335946952746225
c37_6,Type 038,14.20381925471465,5.850297160852816
c37_7,Type 038,13.975244897675092,5.946922221268532
c37_8,Type 038,13.841954007112955,6.087745846796007
c37_9,Type 038,13.610346760005225,6.069842807654049
c37_10,Type 038,14.172967828566334,6.251736027434546
c37_11,Type 038,13.914185882638318,6.163231310410093
c37_12,Type 038,13.988360073608714,5.820243259681086
c37_13,Type 038,13.799203318369411,5.864851871990404
c37_14,Type 038,14.166672081965665,5.945296417028555
c37_15,Type 038,13.847134740425705,5.920999419652952
c37_16,Type 038,14.228043043285282,5.939618363961673
c37_17,Type 038,14.05696389934905,5.887182304501972
c37_18,Type 038,14.187453390956263,6.0757704710263
c37_19,Type 038,14.2166515019441,6.049139795245575
c37_20,Type 038,14.431642526612722,5.687693331665321
c37_21,Type 038,13.939094514406356,6.0249428729262045
c37_22,Type 038,14.004330286075186,5.859131113955299
c37_23,Type 038,14.145232820745735,6.106697945831782
c37_24,Type 038,14.00748533702784,6.040821761715536
c37_25,Type 038,14.356231877545143,6.110865342778777
c37_26,Type 038,14.184363968268388,5.937875667398062
c37_27,Type 038,14.107279622588814,6.1485086458042275
c37_28,Type 038,14.03486714436344,6.0376181051151585
c37_29,Type 038,13.942920159809976,5.959537888655586
c37_30,Type 038,14.006665221142727,6.114024933626976
c37_31,Type 038,13.773572806572336,6.1827896812667404
c37_32,Type 038,13.66741459537815,5.5930432548053295
c37_33,Type 038,13.752252983462302,6.240922502635951
c37_34,Type 038,13.89310369711872,5.9434341196732285
c37_35,Type 038,14.200007061241376,6.135539258084845
c37_36,Type 038,14.024367004058119,6.019105033615398
c37_37,Type 038,14.220989445788854,6.213259949111707
c37_38,Type 038,14.384223963786809,5.8406460068045725
c37_39,Type 038,13.844617730989729,6.0693030334374205
c37_40,Type 038,14.00658464819729,6.175088955186389
c37_41,Type 038,13.894450636791374,5.919150438533522
c37_42,Type 038,14.067101230162196,6.013905038927916
c37_43,Type 038,14.32622446628051,5.847409576423823
c37_44,Type 038,14.029515156522626,6.056017660012008
c38_0,Type 039,15.851085104643358,6.22948591390017
c38_1,Type 039,15.688755322008413,5.939384195727645
c38_2,Type 039,16.211121021033563,6.057308793080221
c38_3,Type 039,16.211905122134354,5.969417963124174
c38_4,Type 039,16.046315650992497,6.010738846403802
c38_5,Type 039,16.038802891196315,5.788231502321644
c38_6,Type 039,16.09953625197217,5.8610514968160725
c38_7,Type 039,16.404443239513412,6.072992099802226
c38_8,Type 039,16.35953950447996,5.785558217583882
c38_9,Type 039,16.126507322248393,5.8969438904668054
c38_10,Type 039,15.982986507825185,5.629643177952945
c38_11,Type 039,16.082368907174253,5.982058839231049
c38_12,Type 039,15.986972556911647,5.899730206641535
c38_13,Type 039,15.961624854609669,5.954548028064355
c38_14,Type 039,15.858296709093576,5.797678775278194
c38_15,Type 039,16.10505788107841,6.117363401983568
c38_16,Type 039,15.94103731464847,5.96631235636948
c38_17,Type 039,15.638711646228074,6.0097607804160385
c38_18,Type 039,15.936647776506247,5.944570843607005
c38_19,Type 039,15.779965057872495,5.850822323305699
c38_20,Type 039,15.968145451442862,5.872994391330287
c38_21,Type 039,16.274186123918426,6.037223067228401
c38_22,Type 039,16.211475611907233,5.773942154707955
c38_23,Type 039,16.003274926474475,6.1133349383690545
c38_24,Type 039,15.992275110937788,6.449599622339287
c38_25,Type 039,15.859285168725666,5.896801913818737
c38_26,Type 039,15.94184311035703,5.647274778411104
c38_27,Type 039,16.063779092474615,5.885287186906766
c38_28,Type 039,15.870451116358355,5.865134523025819
c38_29,Type 039,15.950148805449233,5.890715884697057
c38_30,Type 039,15.767264228799236,5.727368530112015
c38_31,Type 039,16.04783082188069,5.623255719430563
c38_32,Type 039,15.862454088292875,5.97252981298081
c38_33,Type 039,15.904014001266058,6.107409637207402
c38_34,Type 039,15.950305304602297,6.065061868896194
c38_35,Type 039,15.991020279324013,6.034289916113647
c38_36,Type 039,15.7291980557731,6.002112399482736
c38_37,Type 039,15.740026292317125,6.3379387961713025
c38_38,Type 039,15.877215299649604,6.057432664877529
c38_39,Type 039,15.987930713445918,6.031791837976091
c38_40,Type 039,16.185648448936888,6.316102199313508
c38_41,Type 039,15.940449726134561,5.753515541959415
c38_42,Type 039,16.255301060153762,5.820171984983248
c38_43,Type 039,15.856790118099656,5.858244670597832
c38_44,Type 039,16.064099508715397,5.94282004218452
c39_0,Type 040,18.197626909597965,5.865567508262554
c39_1,Type 040,18.368789344926146,6.030591608213822
c39_2,Type 040,18.171052042736722,6.03111266825549
c39_3,Type 040,18.08648677622697,5.670689923149743
c39_4,Type 040,18.033407709473025,5.725672081902055
c39_5,Type 040,18.058135515468145,6.16921960993295
c39_6,Type 040,18.17398681216257,5.8426266951615915
c39_7,Type 040,18.20509449913996,6.186479322839636
c39_8,Type 040,18.07150514988406,6.180651552086516
c39_9,Type 040,18.184654021575895,6.067736078204172
c39_10,Type 040,17.840009967551936,5.961185303478182
c39_11,Type 040,18.250453858360977,6.143202562747156
c39_12,Type 040,18.319447129189314,5.945533222332119
c39_13,Type 040,17.956346807484426,5.953771559003366
c39_14,Type 040,18.228886565234568,6.051760489364964
c39_15,Type 040,17.71154939718253,6.150352713397689
c39_16,Type 040,18.06769121441124,5.682790734562243
c39_17,Type 040,18.020053608485874,5.934321094859148
c39_18,Type 040,17.88981444815936,6.075633520103897
c39_19,Type 040,17.805814968880657,6.196377976833878
c39_20,Type 040,17.49647096081145,5.958465649643373
c39_21,Type 040,17.84209982437179,5.963598680157084
c39_22,Type 040,17.69943141067727,5.683772338882459
c39_23,Type 040,18.52577144810954,5.713057675713569
c39_24,Type 040,17.780279920214525,5.817463035377606
c39_25,Type 040,18.199326193156217,6.2625498282149215
c39_26,Type 040,18.102964784925874,6.027231536187678
c39_27,Type 040,17.923097637168244,5.718050593853154
c39_28,Type 040,17.962166491390263,5.998390720182665
c39_29,Type 040,17.968280305291113,5.86215451129348
c39_30,Type 040,17.96758642549859,6.151029875939723
c39_31,Type 040,18.3158730051948,6.019009307099358
c39_32,Type 040,18.106993390208576,5.756112557598774
c39_33,Type 040,18.032513522661844,6.43252559659804
c39_34,Type 040,17.806257125224285,5.977398445222044
c39_35,Type 040,18.145405446561103,5.782808945346181
c39_36,Type 040,18.16889716480301,5.801827312005753
c39_37,Type 040,18.0250110844739,6.131491889722647
c39_38,Type 040,18.15121873656857,5.7452778539663685
c39_39,Type 040,17.9407352940108,5.952148413497293
c39_40,Type 040,17.897752220735956,6.038623625673817
c39_41,Type 040,17.67578279989087,6.061329014367675
c39_42,Type 040,18.313441275164976,5.896152510819407
c39_43,Type 040,18.17980629113518,6.114137748703317
c39_44,Type 040,18.08211496388793,6.159492369778435
c40_0,Type 041,-0.03643184410403312,7.655798538243775
c40_1,Type 041,-0.06126251575998577,7.401128630069327
c40_2,Type 041,0.29700138291380757,8.001549805427729
c40_3,Type 041,0.2412229236051319,7.615270702192294
c40_4,Type 041,-0.19153567729561116,8.41146304180726
c40_5,Type 041,-0.12211362325245648,7.980170204289827
c40_6,Type 041,0.038661887933537586,8.105024327348554
c40_7,Type 041,-0.21375114382660942,7.7440050445118604
c40_8,Type 041,0.07781190869702503,7.979057847443511
c40_9,Type 041,0.09676186110480656,8.422212756075059
c40_10,Type 041,0.12231155784033987,7.867632481852239
c40_11,Type 041,-0.01976653840639866,7.594028111623899
c40_12,Type 041,-0.11940278792047634,8.072772338134925
c40_13,Type 041,0.1499669510610627,7.974846716166619
c40_14,Type 041,0.09618052621343771,7.883826035754845
c40_15,Type 041,-0.18661242711914744,7.720273679691158
c40_16,Type 041,-0.16799781985869433,7.707425498758696
c40_17,Type 041,-0.04097083309543703,8.248400867840713
c40_18,Type 041,-0.04362476559255996,8.05711106342381
c40_19,Type 041,-0.019298108966141238,7.795577027505652
c40_20,Type 041,-0.1384195370245579,8.191336797084958
c40_21,Type 041,-0.34195808346015455,7.605840941262244
c40_22,Type 041,0.34356472148145145,7.914647392863552
c40_23,Type 041,-0.28712336192329596,7.744932808429223
c40_24,Type 041,0.19637721597006425,8.234075717366974
c40_25,Type 041,-0.05684504790440381,8.211910844903567
c40_26,Type 041,0.022860507578034615,7.744685245133785
c40_27,Type 041,0.22273455029031855,7.894613145593609
c40_28,Type 041,0.023146227219450758,8.239590143635786
c40_29,Type 041,0.1600975871758506,7.9337532438758185
c40_30,Type 041,-0.08734773517696887,8.047417880104057
c40_31,Type 041,-0.14112294421915647,7.874693815544913
c40_32,Type 041,-0.37653633824362326,8.346215788479945
c40_33,Type 041,0.1055484969498915,8.300114473867664
c40_34,Type 041,0.04711059636902069,8.013160584868446
c40_35,Type 041,0.3475506427113457,8.078728876723565
c40_36,Type 041,0.009236130550769484,7.872487849760393
c40_37,Type 041,-0.09534787966109833,8.452004112787254
c40_38,Type 041,-0.08891550404776846,7.837800954646029
c40_39,Type 041,-0.2660335010852291,7.936574225160868
c40_40,Type 041,-0.11523488490017011,8.035050472547736
c40_41,Type 041,-0.23666489934996293,7.952585575152934
c40_42,Type 041,0.04236607515080917,7.53283852980128
c40_43,Type 041,-0.052508956938822515,7.771741250492823
c40_44,Type 041,0.10419378181097261,8.142657838414026
c41_0,Type 042,2.0159786960803423,8.078564882303246
c41_1,Type 042,1.7646309982240995,7.635243848720396
c41_2,Type 042,1.9405412398992479,8.003048962885815
c41_3,Type 042,2.0813883770157466,8.041733805639844
c41_4,Type 042,2.3099766921803075,7.720001411757599
c41_5,Type 042,1.7777687197591678,7.897325119876702
c41_6,Type 042,2.057387544624718,7.859411957803567
c41_7,Type 042,2.1954964356757256,8.216301480350976
c41_8,Type 042,1.651890815577623,7.787124909151054
c41_9,Type 042,1.8389513881060846,8.151651373425807
c41_10,Type 042,2.1155425689367693,8.060663252847878
c41_11,Type 042,1.72330894207039,8.182639691149507
c41_12,Type 042,2.2878747122002356,8.040423559405102
c41_13,Type 042,1.7206006248783288,8.122532980600546
c41_14,Type 042,1.8544998037773537,8.174078466896747
c41_15,Type 042,1.7584447978442856,7.937552030732355
c41_16,Type 042,1.9172039625485038,8.02377215251794
c41_17,Type 042,1.929964946119129,8.03523562623932
c41_18,Type 042,1.5826950109895537,7.65925783126935
c41_19,Type 042,2.155564210096169,8.00366312909178
c41_20,Type 042,1.7944106870620051,7.712728565785716
c41_21,Type 042,2.0269754992445717,7.8716310700703
c41_22,Type 042,2.074070652301827,7.726540405247262
c41_23,Type 042,1.9118606844639883,8.169782641571862
c41_24,Type 042,2.120171042623385,7.936014522430846
c41_25,Type 042,1.6991510321268524,7.887430518192509
c41_26,Type 042,1.9393735768232636,7.745560774917311
c41_27,Type 042,2.0621752975659535,7.932793059781657
c41_28,Type 042,2.1236942125614044,8.04408210691097
c41_29,Type 042,2.06152119822227,7.945013280120156
c41_30,Type 042,1.8875784132878353,7.97609471846541
c41_31,Type 042,1.741798448363154,8.097890467634043
c41_32,Type 042,1.9491130626795061,7.935275734944083
c41_33,Type 042,1.8800716181797967,7.95098878668561
c41_34,Type 042,2.1110354364269845,7.8534514140729135
c41_35,Type 042,2.0710546297059977,7.968396157158832
c41_36,Type 042,1.5432081884125806,7.932385622520324
c41_37,Type 042,2.129990357860827,7.7464741559507955
c41_38,Type 042,2.220539497317102,8.130905256531044
c41_39,Type 042,2.0192059126665254,8.037044976670622
c41_40,Type 042,1.6466685964941399,7.975988336437841
c41_41,Type 042,2.03221979303416,8.206715412526409
c41_42,Type 042,1.880686675383529,8.211157163002529
c41_43,Type 042,1.8541144826094778,8.018904818050139
c41_44,Type 042,2.226306308996088,7.906855027958166
c42_0,Type 043,3.9705767765739646,8.035457535990922
c42_1,Type 043,3.9984916220642774,8.121338587621034
c42_2,Type 043,3.999436790107351,7.77646516637837
c42_3,Type 043,4.275893997311553,7.728655024515303
c42_4,Type 043,4.152532598234584,8.027736596952868
c42_5,Type 043,3.9687250133529717,8.010704858242313
c42_6,Type 043,4.064412467466956,7.670549178580398
c42_7,Type 043,3.9070693148684557,8.003280736456576
c42_8,Type 043,4.331799860862944,7.64712624051561
c42_9,Type 043,3.9475290477232745,7.765268263348059
c42_10,Type 043,4.259447400342968,8.034320489050298
c42_11,Type 043,3.831914541926551,7.798921493880153
c42_12,Type 043,4.3916692084092634,7.965837918857298
c42_13,Type 043,3.9285761933402865,8.285326236670379
c42_14,Type 043,3.5171784508067803,8.218191138037428
c42_15,Type 043,4.367934338085357,8.127953101388153
c42_16,Type 043,3.849374934483726,7.698217118442958
c42_17,Type 043,3.743369956588253,7.9002577898264486
c42_18,Type 043,4.027883436411114,8.19522051765778
c42_19,Type 043,3.8597249503989643,7.848415362480746
c42_20,Type 043,3.8607609713862847,8.062016071871497
c42_21,Type 043,3.946824147118566,7.782536662638957
c42_22,Type 043,3.902903030569283,8.042890189133402
c42_23,Type 043,4.125133963170139,7.666421994733228
c42_24,Type 043,3.8939914485453477,7.984477129093379
c42_25,Type 043,4.380035668662486,7.961021929707779
c42_26,Type 043,4.037229898256815,7.784638514950985
c42_27,Type 043,3.785402149070806,7.827073142341268
c42_28,Type 043,3.7565987910536434,8.213099872041658
c42_29,Type 043,4.295492350489152,8.284342654403776
c42_30,Type 043,4.201080790968525,8.140796214323187
c42_31,Type 043,3.776489003332074,8.490579618090226
c42_32,Type 043,3.8897422473484298,8.091704601852271
c42_33,Type 043,3.970978695483348,8.104162664084578
c42_34,Type 043,4.274484935009092,7.990690888192984
c42_35,Type 043,4.2293257261619726,7.792494009118624
c42_36,Type 043,4.1397523351448635,7.772954272594211
c42_37,Type 043,3.8919387619668173,7.914916803512986
c42_38,Type 043,3.8080336790165528,8.226700531870405
c42_39,Type 043,4.310390735822395,8.096020023053464
c42_40,Type 043,3.8020261708570344,7.9227662179103255
c42_41,Type 043,3.9045265585985,8.125042022466376
c42_42,Type 043,3.8959245756490493,8.073012125387917
c42_43,Type 043,4.203821069494564,7.981045960334861
c42_44,Type 043,3.869147777865193,7.981523354723692
c43_0,Type 044,5.8494585332541265,8.428413874909067
c43_1,Type 044,6.03884633742358,8.223543884945244
c43_2,Type 044,5.943162042326376,7.965025872056271
c43_3,Type 044,5.853910552284722,8.077402694578609
c43_4,Type 044,6.08599743826196,8.22608057771636
c43_5,Type 044,6.075934308688584,7.693730026076397
c43_6,Type 044,6.322052277255209,7.74716748231323
c43_7,Type 044,5.974303240552457,8.010988305255818
c43_8,Type 044,5.794497789971297,7.78916091564222
c43_9,Type 044,6.070443283195557,7.6574245076185985
c43_10,Type 044,6.050149755787716,7.811864638138839
c43_11,Type 044,6.296197645139949,8.096146264897
c43_12,Type 044,5.761448705545018,8.18739159387256
c43_13,Type 044,6.070620334236981,8.231899936439683
c43_14,Type 044,5.825480556855112,7.869634869172912
c43_15,Type 044,5.861277821667934,7.89523661487856
c43_16,Type 044,6.251744733964146,7.959508528580297
c43_17,Type 044,6.041221556996776,7.830324705531145
c43_18,Type 044,5.718814673515777,7.9768653878949385
c43_19,Type 044,6.126565746200147,8.247498784593946
c43_20,Type 044,5.8012386697689395,8.103367541788161
c43_21,Type 044,6.030203103035778,7.846545665519914
c43_22,Type 044,5.969882700228058,8.220945176937272
c43_23,Type 044,5.85700840265715,7.861503663660705
c43_24,Type 044,5.905626237843014,8.130859871976593
c43_25,Type 044,6.285240154513191,8.145270966395273
c43_26,Type 044,5.877679839733584,7.822996479473242
c43_27,Type 044,6.128121061900642,8.073496169185361
c43_28,Type 044,6.477569848395074,8.218807329349346
c43_29,Type 044,5.876863329394832,7.790498176210684
c43_30,Type 044,5.72091270222308,7.6863885827233345
c43_31,Type 044,6.358650095540213,8.098637263437666
c43_32,Type 044,5.780218130506225,8.015043946875176
c43_33,Type 044,6.151051656963383,8.10096096103782
c43_34,Type 044,5.942922537875148,8.070810238670978
c43_35,Type 044,5.96246406584835,7.863254580136948
c43_36,Type 044,5.906042826487684,8.144683375557053
c43_37,Type 044,5.790090185239326,8.256621472692371
c43_38,Type 044,5.866301788190806,8.113872054711054
c43_39,Type 044,5.7833484847119365,7.9761589387702845
c43_40,Type 044,5.721068526098672,8.116966369991143
c43_41,Type 044,6.125741299495112,7.988492328834456
c43_42,Type 044,6.29938134551348,7.844620846805322
c43_43,Type 044,5.7579345156242185,7.977771843801421
c43_44,Type 044,6.069432065052163,8.014949844133238
c44_0,Type 045,8.113710954136243,8.05151182568113
c44_1,Type 045,7.9378968616195555,8.052640864736615
c44_2,Type 045,8.190162118364702,8.287903322499048
c44_3,Type 045,7.450244004729726,8.095573656016636
c44_4,Type 045,7.807259319316707,8.220251480818805
c44_5,Type 045,7.969539405750415,7.7654047858441535
c44_6,Type 045,7.940891241563993,8.261477203749413
c44_7,Type 045,8.012143734113181,8.12048781543356
c44_8,Type 045,8.233578621034523,8.021158684012322
c44_9,Type 045,7.736911509301897,8.100522431575484
c44_10,Type 045,8.163757848798854,8.145574572098868
c44_11,Type 045,7.947665871676777,7.57393026128671
c44_12,Type 045,7.763582199706649,7.907600781852491
c44_13,Type 045,8.007514999814592,8.24648527443291
c44_14,Type 045,8.112613323053097,7.987298249143944
c44_15,Type 045,8.124050930509403,7.86954311345039
c44_16,Type 045,8.427880246816562,7.974974647603616
c44_17,Type 045,8.150612806350829,8.357441154013767
c44_18,Type 045,8.078202650434744,7.845044524895646
c44_19,Type 045,8.106440399359965,8.174922960141181
c44_20,Type 045,8.057864235362967,8.302093707104774
c44_21,Type 045,8.120314285357207,7.923429155898931
c44_22,Type 045,8.205886400382019,8.079127734382052
c44_23,Type 045,8.066447948991923,8.243446030743863
c44_24,Type 045,7.818292827037905,7.688655533717758
c44_25,Type 045,8.105838402597117,8.173332698512471
c44_26,Type 045,8.04945290005998,8.070305935827726
c44_27,Type 045,7.737911717845046,7.6576244857964415
c44_28,Type 045,7.76693752522749,7.617643346240106
c44_29,Type 045,7.525671468005518,7.732286573349484
c44_30,Type 045,8.090027200992393,7.988930999300077
c44_31,Type 045,8.348884407206373,7.991245526278122
c44_32,Type 045,8.18325782996511,7.9697984837693525
c44_33,Type 045,7.499727052655294,8.167157619822845
c44_34,Type 045,8.315186093100337,7.813676596111242
c44_35,Type 045,8.096825013905853,8.452622277058342
c44_36,Type 045,8.007885449997744,7.870465216243009
c44_37,Type 045,8.012583688716141,7.52763755533844
c44_38,Type 045,7.879179955335414,8.21305681722987
c44_39,Type 045,7.974176129893407,8.125896773968584
c44_40,Type 045,8.080885937231207,7.86819782015715
c44_41,Type 045,8.101565921495117,7.871974207960019
c44_42,Type 045,7.835767557601964,8.23037527046131
c44_43,Type 045,7.893547521398058,7.9890807728351225
c44_44,Type 045,8.065322940911386,7.959068049905218
c45_0,Type 046,9.708067844302292,8.402438376577376
c45_1,Type 046,10.172198846204932,8.17761246061456
c45_2,Type 046,9.864450080405721,7.863367611248242
c45_3,Type 046,10.08958597271954,8.185033967843193
c45_4,Type 046,10.14903020593245,8.02742890927091
c45_5,Type 046,9.654484156591085,7.895122652101522
c45_6,Type 046,9.921687401166075,7.572754986738996
c45_7,Type 046,10.26706642271323,8.14119906861802
c45_8,Type 046,9.780468656059956,7.890708036572895
c45_9,Type 046,10.186142077196216,8.009934524326217
c45_10,Type 046,10.178883338962283,7.803350924596841
c45_11,Type 046,9.960338042164077,8.02384017289662
c45_12,Type 046,10.12384251019657,7.924489347828545
c45_13,Type 046,10.326217482847987,8.270759675941076
c45_14,Type 046,9.828551369701424,7.852801712704416
c45_15,Type 046,9.990846460678535,7.996471829647106
c45_16,Type 046,9.830202834505169,7.926077545390239
c45_17,Type 046,9.998623530240636,8.115100449662856
c45_18,Type 046,10.049073243464468,7.8906898592722
c45_19,Type 046,10.221650983844526,7.993839253851388
c45_20,Type 046,10.178038084777192,7.74619291354805
c45_21,Type 046,9.902230709980355,8.059865427203611
c45_22,Type 046,10.21518498827567,7.856096317683849
c45_23,Type 046,9.756436989116864,8.278443552264566
c45_24,Type 046,10.00742247327982,8.224169327077954
c45_25,Type 046,10.192060827563415,8.145239790881371
c45_26,Type 046,9.944348539393989,7.915206431995007
c45_27,Type 046,10.60797478325878,7.901599185199867
c45_28,Type 046,10.274817454229094,8.068453691103436
c45_29,Type 046,9.780769465387516,8.05519192661226
c45_30,Type 046,9.94105088449656,7.798645930157237
c45_31,Type 046,9.848878097442466,8.241587798881966
c45_32,Type 046,9.957190496326177,8.192068963242079
c45_33,Type 046,9.565437473536315,7.604718099240246
c45_34,Type 046,9.949432990799504,7.994677768896775
c45_35,Type 046,10.398989150079716,8.027240032543604
c45_36,Type 046,9.879483066665124,7.935350655289712
c45_37,Type 046,9.785416399097716,8.031877061112771
c45_38,Type 046,9.737105500903734,7.860709296105365
c45_39,Type 046,10.014667749260372,8.063343510748172
c45_40,Type 046,9.78771632608242,7.698669391187915
c45_41,Type 046,10.370343238058549,7.9243533464067655
c45_42,Type 046,10.227840291813271,8.054268346606188
c45_43,Type 046,10.299664948597462,7.791749563698567
c45_44,Type 046,9.70525753556048,7.652470470600197
c46_0,Type 047,11.930281100477924,8.044825701546667
c46_1,Type 047,11.750429554909136,7.983454768394537
c46_2,Type 047,12.033657948137098,8.263389867747502
c46_3,Type 047,11.92103461160528,7.523977628066533
c46_4,Type 047,11.64000150388584,8.30564987379389
c46_5,Type 047,12.073508053640813,7.74623426947971
c46_6,Type 047,11.891892494160084,8.056189372433751
c46_7,Type 047,12.063975698644848,7.996450173077538
c46_8,Type 047,11.77285447228272,7.8631773737094015
c46_9,Type 047,11.91006711000944,8.23713320358146
c46_10,Type 047,12.312329245812569,7.838168587591358
c46_11,Type 047,11.975097219450893,7.968287862472325
c46_12,Type 047,12.292593198102178,8.089292048553322
c46_13,Type 047,11.814300303579985,8.018530517056169
c46_14,Type 047,11.696714439830034,8.2934629477002
c46_15,Type 047,12.61026818612305,8.428729039432245
c46_16,Type 047,11.806825641357381,7.67104053049032
c46_17,Type 047,12.222634639936146,8.307164561795533
c46_18,Type 047,12.180584508898802,7.894720423293608
c46_19,Type 047,12.28865090859401,8.085910656992127
c46_20,Type 047,11.953388495199192,8.181381207629675
c46_21,Type 047,11.872995347613513,7.95782445859092
c46_22,Type 047,12.151996332666998,7.896397363645431
c46_23,Type 047,12.118766135152955,8.218308147651683
c46_24,Type 047,12.186171830499067,8.114918633945262
c46_25,Type 047,11.865039465541722,7.69972305498545
c46_26,Type 047,11.818854318512653,8.145851046245943
c46_27,Type 047,12.140609941805055,7.5841470138595835
c46_28,Type 047,12.022756710242952,7.886539062188462
c46_29,Type 047,12.29216663480596,8.055729103301637
c46_30,Type 047,11.90270700754606,7.527336710623152
c46_31,Type 047,12.353726446819412,7.835664979933644
c46_32,Type 047,12.088909690981176,7.864283431598912
c46_33,Type 047,12.27284694653816,7.9985499446153945
c46_34,Type 047,11.89225908655945,8.285736035411835
c46_35,Type 047,12.138165259462973,8.141436951908577
c46_36,Type 047,12.167758816154578,8.308624777447932
c46_37,Type 047,12.11406900992991,7.836994542535578
c46_38,Type 047,12.088754296170501,8.041397971161496
c46_39,Type 047,12.192719561978011,8.274673353961333
c46_40,Type 047,11.803893653031542,8.30459132885748
c46_41,Type 047,11.903340471956371,7.727719992826206
c46_42,Type 047,12.078419608134679,7.756371160142609
c46_43,Type 047,12.033014999490725,7.669549861902418
c46_44,Type 047,11.686684143386653,7.982190471112864
c47_0,Type 048,13.641040751600437,8.00862517031207
c47_1,Type 048,14.059835707310194,7.912109537761571
c47_2,Type 048,13.852258341578015,7.816726116050917
c47_3,Type 048,13.982918366091155,7.924421832032459
c47_4,Type 048,13.675667839935825,7.59771503171089
c47_5,Type 048,14.35498523000812,8.029805694885713
c47_6,Type 048,13.699635549801364,8.500495577558697
c47_7,Type 048,13.966916782666688,7.787003744837033
c47_8,Type 048,13.903045063497949,7.897243062910608
c47_9,Type 048,13.8551753945073,7.901780822951838
c47_10,Type 048,13.879120078741987,7.983313886563117
c47_11,Type 048,14.106410373185042,8.316036066766662
c47_12,Type 048,13.952628953914038,7.933238948895868
c47_13,Type 048,14.035734080788833,7.912354103729315
c47_14,Type 048,13.831661035601286,7.98246472705485
c47_15,Type 048,14.152446475696447,8.021083738673065
c47_16,Type 048,14.01573145445017,8.02585707786865
c47_17,Type 048,13.638987840993707,8.196320593576015
c47_18,Type 048,14.227057158937791,7.847268851014063
c47_19,Type 048,13.836764800776896,7.772288230833853
c47_20,Type 048,13.704958202192836,7.878195469028816
c47_21,Type 048,13.635261276577076,8.008894243748816
c47_22,Type 048,13.878768923759415,8.386628495055435
c47_23,Type 048,14.255795594716469,7.617621345168304
c47_24,Type 048,13.894215261041118,7.942065952777273
c47_25,Type 048,13.84417238028981,8.217487752908887
c47_26,Type 048,13.674220143154923,7.9269127473552405
c47_27,Type 048,14.153729091723465,7.825903061234977
c47_28,Type 048,14.160731562659281,8.126277006848964
c47_29,Type 048,13.879485051742138,7.770707965750003
c47_30,Type 048,14.341034572168518,7.9329718169857495
c47_31,Type 048,14.068515611609115,7.760041405785141
c47_32,Type 048,14.045753411837087,8.185359632100784
c47_33,Type 048,14.256071190247136,7.682619185726653
c47_34,Type 048,13.942220667651908,8.26602457541391
c47_35,Type 048,14.127725714318979,8.007352302931709
c47_36,Type 048,14.35671048799871,7.629808314141042
c47_37,Type 048,14.120065961330157,7.9747603673273
c47_38,Type 048,14.19792842774424,7.924236901076042
c47_39,Type 048,14.014499310719785,7.795468065201512
c47_40,Type 048,13.992823968123657,8.113920771128843
c47_41,Type 048,13.875720682942214,8.084512750841753
c47_42,Type 048,13.713042708878543,7.960361352318919
c47_43,Type 048,13.771440628686934,8.079622967525095
c47_44,Type 048,13.732904828587419,8.120806002105134
c48_0,Type 049,15.825795209113096,8.287089689272491
c48_1,Type 049,15.896877132582098,7.893416166077901
c48_2,Type 049,15.46641815487563,7.6256418970846225
c48_3,Type 049,16.2977033539615,8.242073500109308
c48_4,Type 049,15.768118564761009,8.503925645257194
c48_5,Type 049,16.21729343954382,8.170939762169938
c48_6,Type 049,16.09659517060676,8.261965261233028
c48_7,Type 049,16.0283696436912,7.85068488834545
c48_8,Type 049,16.287330358819716,7.9729080388191225
c48_9,Type 049,15.9037178666964,7.93837271154832
c48_10,Type 049,16.240567504017754,8.265062331189172
c48_11,Type 049,16.058053709208355,7.947889309403387
c48_12,Type 049,16.164244814365155,8.118099403158583
c48_13,Type 049,15.984717016403014,8.167044886887707
c48_14,Type 049,15.915012611570086,8.01330023015661
c48_15,Type 049,16.52136464240268,8.161122936342386
c48_16,Type 049,15.713474090762045,8.055420539513829
c48_17,Type 049,16.006544239130577,8.072526291885023
c48_18,Type 049,15.844659832575235,8.107397546851073
c48_19,Type 049,15.873077267874688,7.999371709925481
c48_20,Type 049,15.674990401080366,7.822644242115033
c48_21,Type 049,15.782687795463291,8.28145893925378
c48_22,Type 049,16.133305995322154,8.129158906942303
c48_23,Type 049,16.454578049395028,7.9278619051511034
c48_24,Type 049,15.922283641982329,8.053075246891556
c48_25,Type 049,16.313445727490496,8.043753681864363
c48_26,Type 049,16.06677453957069,7.980556966508117
c48_27,Type 049,15.943917302132169,7.8755876678114385
c48_28,Type 049,15.688379142803122,7.99705105160083
c48_29,Type 049,16.243259053345582,7.826930839528563
c48_30,Type 049,16.187288534035893,7.9818282701133345
c48_31,Type 049,16.238650434859224,7.809254802982212
c48_32,Type 049,15.898303369197267,8.061622257117918
c48_33,Type 049,16.120827616385064,8.478480988750386
c48_34,Type 049,15.594725599240768,7.882573476234317
c48_35,Type 049,16.255832568908552,8.286949998027305
c48_36,Type 049,15.968346461448203,7.647258984853394
c48_37,Type 049,16.033865088590005,8.294795303722731
c48_38,Type 049,15.974428274603065,7.753001761909555
c48_39,Type 049,15.989282765312602,8.069693669560383
c48_40,Type 049,15.684106277558932,8.069095071563659
c48_41,Type 049,16.088036936771044,7.795293081366283
c48_42,Type 049,16.082929531496944,7.679065902829166
c48_43,Type 049,15.86498926855732,8.249904324846188
c48_44,Type 049,16.389823127717694,7.999914754737182
c49_0,Type 050,17.81929652940403,8.08606891687398
c49_1,Type 050,18.400945353349154,7.720517733273331
c49_2,Type 050,18.154903145060562,7.793965635424537
c49_3,Type 050,18.205181958950185,8.360358417990287
c49_4,Type 050,17.996010098713946,7.790979631614555
c49_5,Type 050,18.293834020734963,8.059589836476892
c49_6,Type 050,18.11358543049792,7.820858194135562
c49_7,Type 050,18.141096037467516,7.97297132698497
c49_8,Type 050,18.02815967147014,7.653135826204541
c49_9,Type 050,17.871864456788614,7.831513760017655
c49_10,Type 050,18.26302025702203,7.876464819069828
c49_11,Type 050,18.497482107359,8.086786861573596
c49_12,Type 050,18.20401251537269,7.821193399030181
c49_13,Type 050,18.008025170681613,7.970784819204879
c49_14,Type 050,18.14392785510004,7.836716157866862
c49_15,Type 050,18.0023712629085,8.115977188274314
c49_16,Type 050,17.787080216406373,7.992265288163961
c49_17,Type 050,18.226706760778814,8.135697211496558
c49_18,Type 050,17.99319081283456,8.362667508835807
c49_19,Type 050,17.825654862532645,7.930458085695487
c49_20,Type 050,18.09024975201673,8.180319531263626
c49_21,Type 050,17.9426374060799,7.8603886921554915
c49_22,Type 050,18.05752606473864,7.969824103708396
c49_23,Type 050,18.04114091537773,7.760634484949591
c49_24,Type 050,17.951215662998955,8.052189001341999
c49_25,Type 050,17.98527582281515,7.892799363424629
c49_26,Type 050,17.479895372620888,7.897561702114231
c49_27,Type 050,17.938654920741648,7.770199634540084
c49_28,Type 050,18.038127421686173,8.015809534347307
c49_29,Type 050,18.03018774955769,7.8032914827797955
c49_30,Type 050,17.755627370948208,7.9737625622956445
c49_31,Type 050,18.051840306518457,7.884028502888246
c49_32,Type 050,18.067900743182594,8.303214991209133
c49_33,Type 050,18.159808287960175,8.10450053083969
c49_34,Type 050,18.03215441191645,7.822062419289545
c49_35,Type 050,17.769068388331196,7.564577845456009
c49_36,Type 050,18.245377557200516,8.302273100682223
c49_37,Type 050,18.38387128081736,7.927786875251721
c49_38,Type 050,17.975897721694267,8.06729880772624
c49_39,Type 050,17.686495654834594,8.557838530479538
c49_40,Type 050,17.692887751513986,8.243679052522527
c49_41,Type 050,17.970994574570902,8.025623233392142
c49_42,Type 050,17.497932122744142,8.441842267104644
c49_43,Type 050,18.082999690318633,7.884798312236975
c49_44,Type 050,17.85739796213627,8.166931781959681
c50_0,Type 051,-0.12756475761913877,9.673572002007212
c50_1,Type 051,-0.06211380927847631,10.11907754043763
c50_2,Type 051,-0.06374908933469252,10.471539540400606
c50_3,Type 051,-0.16770348015168957,9.827691557865158
c50_4,Type 051,0.08386658527429838,10.25521475586155
c50_5,Type 051,0.022441113591939996,10.157188919806567
c50_6,Type 051,-0.05258377147331417,9.999841471846075
c50_7,Type 051,0.0933815884643082,9.80875103948169
c50_8,Type 051,-0.030839464754231435,10.319974145259284
c50_9,Type 051,0.0804714950735974,9.875877570494294
c50_10,Type 051,0.23870338039903716,10.442167683375969
c50_11,Type 051,-0.13881102762803763,9.638272151583719
c50_12,Type 051,-0.10063888778388348,10.18698847403618
c50_13,Type 051,-0.0530154897547637,10.148004456463038
c50_14,Type 051,0.03006647938628252,10.129360420426742
c50_15,Type 051,0.14730103083010593,10.087039441624881
c50_16,Type 051,-0.15662000594332204,10.072774535327461
c50_17,Type 051,0.4512506181325446,10.40766341323149
c50_18,Type 051,0.05638269237746714,9.73434304817506
c50_19,Type 051,0.06799931116150955,10.02786614161788
c50_20,Type 051,0.1952691719849975,10.124817500462912
c50_21,Type 051,-0.2958687855215375,10.190119540114477
c50_22,Type 051,-0.349535575004388,9.93946698221804
c50_23,Type 051,0.1595998384570176,10.035369294275968
c50_24,Type 051,-0.12512778735155625,10.087795744933397
c50_25,Type 051,0.11694174792277244,10.059654208936845
c50_26,Type 051,-0.0789927224775883,9.995537002006019
c50_27,Type 051,-0.368104753677158,10.396147990388087
c50_28,Type 051,-0.15119988222561836,10.084638917844954
c50_29,Type 051,-0.22995871315166766,9.838355917468606
c50_30,Type 051,0.1329939051188563,9.888926637348947
c50_31,Type 051,0.20085350497822738,9.929944258324745
c50_32,Type 051,0.1902407283428123,9.865364891899084
c50_33,Type 051,-0.058863060967325326,10.126666035278838
c50_34,Type 051,0.003584368454468505,10.079686511773874
c50_35,Type 051,-0.018192704646302127,9.738278954046404
c50_36,Type 051,0.12491592236093128,9.99396039867015
c50_37,Type 051,-0.17281082181738783,10.068925038982107
c50_38,Type 051,-0.06547144930614854,9.732541595797521
c50_39,Type 051,-0.40058849604246216,10.065250404076117
c50_40,Type 051,-0.47827964611085805,9.866694366676825
c50_41,Type 051,-0.11024458151446866,10.231886461939293
c50_42,Type 051,0.0649315914035698,9.973090243946027
c50_43,Type 051,-0.06100673113290918,10.228202890543427
c50_44,Type 051,0.043367415880214165,9.851463994585602
c51_0,Type 052,1.891904387567205,9.975969314728195
c51_1,Type 052,2.109653260785028,10.107385416718458
c51_2,Type 052,1.213385522232373,10.061909840506578
c51_3,Type 052,2.0560567406336663,9.822171711816482
c51_4,Type 052,1.926888322735359,9.985659724181932
c51_5,Type 052,2.0102365997511598,10.377627832692081
c51_6,Type 052,1.9690638688935904,9.808277029247769
c51_7,Type 052,1.9772936398964625,9.825702733432859
c51_8,Type 052,2.4114541758330796,9.691635682934836
c51_9,Type 052,2.1969206969326023,9.856998323738644
c51_10,Type 052,2.072582150398681,10.020586155393937
c51_11,Type 052,1.9903326184381087,9.846491600723558
c51_12,Type 052,2.2566318671913685,10.127803437247122
c51_13,Type 052,2.0644045200716112,10.238393875552
c51_14,Type 052,1.9671189022691504,9.6933753178375
c51_15,Type 052,1.7405356260169813,10.05463006502296
c51_16,Type 052,1.9397467881039048,10.166514849409594
c51_17,Type 052,1.7759247503426183,9.783884907063294
c51_18,Type 052,2.1286822885855097,10.218450834985813
c51_19,Type 052,1.9083648235944999,10.129676623806041
c51_20,Type 052,1.824072687535599,10.081379066622526
c51_21,Type 052,2.1692837770891553,10.246061423544981
c51_22,Type 052,1.956546854808765,9.757472390330637
c51_23,Type 052,1.7638386834583863,10.08419427345684
c51_24,Type 052,2.009465226894937,9.948180808882555
c51_25,Type 052,2.114848661506821,9.931021053195822
c51_26,Type 052,1.6892789782680326,10.145162203214456
c51_27,Type 052,2.093588053416756,10.115562103358826
c51_28,Type 052,1.8559407411719913,10.184188187759183
c51_29,Type 052,1.976196138845762,9.922847866012031
c51_30,Type 052,2.223875636846586,9.995929058870326
c51_31,Type 052,1.7889102882457608,10.438877953621853
c51_32,Type 052,1.6431188404391381,10.01963084837453
c51_33,Type 052,1.6855180550809936,10.035392620189334
c51_34,Type 052,2.39825382127368,9.908600028462155
c51_35,Type 052,1.898725205806336,10.174588454073628
c51_36,Type 052,1.8692226864629,10.151063448630598
c51_37,Type 052,1.867684021404585,9.651885232245839
c51_38,Type 052,1.8946214887920036,9.933321442499446
c51_39,Type 052,2.159001416174936,10.066639811273161
c51_40,Type 052,2.3835051625372987,10.105459681748622
c51_41,Type 052,2.152688682098651,9.934771064657225
c51_42,Type 052,2.0457142106890807,10.227917795658087
c51_43,Type 052,1.5749292890421778,9.97495388077738
c51_44,Type 052,1.7840257561331359,10.21960950440427
c52_0,Type 053,3.8201919198979994,9.923930438449114
c52_1,Type 053,3.8947270889750287,9.915901876542824
c52_2,Type 053,4.607764874532935,10.207999365971803
c52_3,Type 053,4.243359595930211,9.814394244051662
c52_4,Type 053,4.247663120583198,10.190440330340989
c52_5,Type 053,3.8707673868716177,10.089612404855858
c52_6,Type 053,3.767655360834208,9.951646060886846
c52_7,Type 053,3.99787125192151,9.709615256157543
c52_8,Type 053,3.9546339459429753,10.011406766861587
c52_9,Type 053,3.8082064379452882,10.16635154975216
c52_10,Type 053,4.170756800864386,9.986976094713008
c52_11,Type 053,3.9001062442600305,9.916138638232512
c52_12,Type 053,4.398072449569223,9.864913333105275
c52_13,Type 053,3.830761904111236,9.926941703270556
c52_14,Type 053,4.222487533211176,9.870838594552035
c52_15,Type 053,4.034843670941046,10.054580253108675
c52_16,Type 053,4.0317892781780085,10.066226811178678
c52_17,Type 053,4.2776118702843515,9.725746139410356
c52_18,Type 053,4.5037503181759915,9.954983924394897
c52_19,Type 053,3.7998216023692737,10.017756497097537
c52_20,Type 053,3.9991629788833762,10.433570319204808
c52_21,Type 053,3.8731508675904682,9.963637419625131
c52_22,Type 053,3.941804339444217,9.962177830657382
c52_23,Type 053,4.09471190542477,9.695443616774824
c52_24,Type 053,3.947564536363076,10.042582024587492
c52_25,Type 053,4.117202372431734,10.110077800232208
c52_26,Type 053,4.12122944002156,10.138989718987167
c52_27,Type 053,3.8843902446491625,10.060922131416975
c52_28,Type 053,3.73216090958703,9.913883477024443
c52_29,Type 053,3.9086374775769785,10.134619578071618
c52_30,Type 053,3.8966028545590583,9.913621044329046
c52_31,Type 053,3.645373498198434,10.216862923047588
c52_32,Type 053,4.316860651294089,9.480284052455538
c52_33,Type 053,4.095746590119247,10.24399746354736
c52_34,Type 053,4.097882234438722,9.81179386588396
c52_35,Type 053,3.7094241912060952,9.908160386427008
c52_36,Type 053,3.8377302461047123,9.95480105957573
c52_37,Type 053,3.981625676554867,9.95187437823824
c52_38,Type 053,4.458184318848185,9.881298928915307
c52_39,Type 053,4.080897812292157,10.077343804365764
c52_40,Type 053,3.9415626506537724,9.68453788654156
c52_41,Type 053,4.131840067694378,9.762656246547108
c52_42,Type 053,3.831841029692879,9.696549575585976
c52_43,Type 053,4.395583471826631,9.743298604694218
c52_44,Type 053,4.106343153105235,9.961851404712663
c53_0,Type 054,6.18975645432075,9.783602376375523
c53_1,Type 054,6.143408967142569,10.010015990302517
c53_2,Type 054,5.710519686236926,9.639513878715128
c53_3,Type 054,5.7108278857072765,9.659233371086168
c53_4,Type 054,6.0387613272125975,10.01090357452382
c53_5,Type 054,6.040703357321291,10.170423296355898
c53_6,Type 054,6.2011284889339215,9.767279994307046
c53_7,Type 054,5.993867325851001,9.573044874369746
c53_8,Type 054,5.912614738802605,10.347865175153123
c53_9,Type 054,6.216096046864865,9.797625129581913
c53_10,Type 054,5.938022891308659,9.958873808014767
c53_11,Type 054,6.305273083596101,10.174368414653078
c53_12,Type 054,6.170026611820657,9.485987244143995
c53_13,Type 054,6.232095349187133,9.97147508310935
c53_14,Type 054,6.257953138187948,10.251552738801177
c53_15,Type 054,6.212503580668341,9.832268335867353
c53_16,Type 054,6.009942389588556,9.872860992955028
c53_17,Type 054,6.298140990335827,9.94659756527951
c53_18,Type 054,6.10017852864692,10.106413682125675
c53_19,Type 054,6.2364861296110385,10.160757293784998
c53_20,Type 054,6.292417407268001,10.045043124456438
c53_21,Type 054,5.733081165981812,9.619521506109756
c53_22,Type 054,5.736632638434568,10.069298078455104
c53_23,Type 054,5.818621140647745,10.01967522725302
c53_24,Type 054,5.848012685592532,10.406230769632112
c53_25,Type 054,5.89897138417367,10.042319971691047
c53_26,Type 054,5.917690313215864,10.04403763336685
c53_27,Type 054,6.241082490208792,10.217458105145969
c53_28,Type 054,6.080381791248418,9.936658603191935
c53_29,Type 054,5.57255621599197,9.897607087530037
c53_30,Type 054,6.036713021108481,9.445170774619953
c53_31,Type 054,6.027566599229841,10.202052703870626
c53_32,Type 054,5.9506747226397545,10.076072843292048
c53_33,Type 054,6.21263645832514,9.977610970673018
c53_34,Type 054,6.09639981063637,10.424899306967905
c53_35,Type 054,5.921717066870418,10.148462322909813
c53_36,Type 054,6.043165287347891,9.78434894115667
c53_37,Type 054,5.730545889104828,10.13494643492698
c53_38,Type 054,6.259810684413532,10.027016231598237
c53_39,Type 054,5.829740204669718,9.735858103911825
c53_40,Type 054,6.063086918065291,10.175417591721674
c53_41,Type 054,6.18333333479519,10.131655808132715
c53_42,Type 054,5.807665393072538,9.953360476197545
c53_43,Type 054,6.005788631268709,9.998370962551105
c53_44,Type 054,5.949359528756594,9.929221369901924
c54_0,Type 055,7.922699796555345,10.134827679979336
c54_1,Type 055,7.96692506799311,10.316477073554047
c54_2,Type 055,8.186808772708504,10.24956883278986
c54_3,Type 055,8.035778018603057,10.237675472264836
c54_4,Type 055,7.981082657368089,10.017836999407438
c54_5,Type 055,8.067982474918221,9.908358670816376
c54_6,Type 055,8.185200850409807,10.043317701623556
c54_7,Type 055,8.04872819770593,9.901082579009326
c54_8,Type 055,7.812355766184189,9.952176923869096
c54_9,Type 055,8.159994707146529,10.347562429259233
c54_10,Type 055,8.027876669039273,9.571598415347218
c54_11,Type 055,8.22426436799213,10.336452605986887
c54_12,Type 055,8.356605957055407,9.84462131946996
c54_13,Type 055,7.985114952399055,10.0100884722142
c54_14,Type 055,8.047129156157343,9.98273569938942
c54_15,Type 055,7.918480363345443,10.081861319065094
c54_16,Type 055,7.935938905021897,10.020491126636058
c54_17,Type 055,7.741698199890147,10.01346407140772
c54_18,Type 055,7.819344971369729,10.10706179959897
c54_19,Type 055,7.827850050020498,10.074910676361096
c54_20,Type 055,7.868230119453568,10.15459099848646
c54_21,Type 055,7.834989246120518,10.115590560097393
c54_22,Type 055,8.04399539297759,10.107581654791815
c54_23,Type 055,8.165627059736927,9.945064216154666
c54_24,Type 055,8.104037046394634,9.813616767806733
c54_25,Type 055,7.617361828085507,10.23041979434641
c54_26,Type 055,7.901219457869038,10.259667095375203
c54_27,Type 055,7.967641171449218,9.959674650768058
c54_28,Type 055,7.746327692656036,9.91580535004313
c54_29,Type 055,8.167188247880452,9.757410145088755
c54_30,Type 055,8.072612101526492,9.607652525632343
c54_31,Type 055,7.6603273522984345,10.086451285600441
c54_32,Type 055,7.779131401305793,10.100678191677506
c54_33,Type 055,8.110908926653345,9.806771513166138
c54_34,Type 055,7.92032651675952,10.196938332628722
c54_35,Type 055,7.836085801916227,9.93890566505282
c54_36,Type 055,8.199572823695245,10.08725167756804
c54_37,Type 055,8.05321838972902,9.758857385216618
c54_38,Type 055,8.193019306049292,10.019298402108577
c54_39,Type 055,8.00934011919448,10.002059175572473
c54_40,Type 055,7.999410730096508,9.994872059260189
c54_41,Type 055,7.779172753222248,10.015846373802356
c54_42,Type 055,8.072002032569447,9.976516957566258
c54_43,Type 055,8.0329160691633,9.949152715504061
c54_44,Type 055,8.197056221827168,10.034128316273964
c55_0,Type 056,10.165593841669036,9.906778427797251
c55_1,Type 056,9.853638005496604,9.953844971327316
c55_2,Type 056,10.045374882581667,10.51137890468858
c55_3,Type 056,9.912779508237046,10.096223214295218
c55_4,Type 056,9.995203690822033,10.039241758431723
c55_5,Type 056,9.889806149533483,9.742653289235657
c55_6,Type 056,10.404457862898653,9.57501293673376
c55_7,Type 056,10.291920205667573,9.883300763344371
c55_8,Type 056,10.135159930900919,9.830072644578737
c55_9,Type 056,9.965665568688545,9.644049505413216
c55_10,Type 056,10.391580148578004,9.836611080900816
c55_11,Type 056,9.850034452309442,10.002428107673913
c55_12,Type 056,10.068803869741771,9.617633487102495
c55_13,Type 056,9.622268955625916,9.993785688107808
c55_14,Type 056,9.554139608253273,10.014064042594665
c55_15,Type 056,9.980727350088399,10.480694591208152
c55_16,Type 056,10.388026033569025,10.092524817232146
c55_17,Type 056,10.057750658702384,10.072860284282172
c55_18,Type 056,10.214641645565163,9.89401385694956
c55_19,Type 056,9.843106215687992,10.220089066978158
c55_20,Type 056,9.91437913803457,9.940893032895035
c55_21,Type 056,10.011705125838503,9.82480269365617
c55_22,Type 056,10.137548668883719,9.723257429712879
c55_23,Type 056,10.078033114390754,10.06599950715335
c55_24,Type 056,10.01669805208591,10.187306587859698
c55_25,Type 056,9.977521194389976,10.035080232059588
c55_26,Type 056,10.02785911709452,9.897369298825051
c55_27,Type 056,10.178236298425688,9.828175608297746
c55_28,Type 056,10.547150399100943,10.110876653581318
c55_29,Type 056,10.36846357716068,10.093334309588124
c55_30,Type 056,9.938086042583757,10.26801479113662
c55_31,Type 056,10.039107130230915,10.025187846645606
c55_32,Type 056,10.155717316580063,10.126090352901342
c55_33,Type 056,10.201210504182306,10.020362482332024
c55_34,Type 056,9.695808090492314,9.75113348930329
c55_35,Type 056,10.348169964214904,9.761580966566171
c55_36,Type 056,10.09657329787715,10.044383798664027
c55_37,Type 056,9.683789750065337,9.75853977289272
c55_38,Type 056,9.95518163228567,10.091894037516697
c55_39,Type 056,10.08133553596028,10.055420381028037
c55_40,Type 056,9.806638288799984,9.955747118328697
c55_41,Type 056,10.282327503793976,10.151658216627396
c55_42,Type 056,10.012751064763973,9.86171174009061
c55_43,Type 056,10.216304951785366,10.133348632535851
c55_44,Type 056,10.241632270667825,9.788262395063752
c56_0,Type 057,12.114619420027111,10.174401245354128
c56_1,Type 057,11.864724125499539,10.04600806370403
c56_2,Type 057,12.23695918044656,10.132632515974617
c56_3,Type 057,12.195786463024591,10.312549865724398
c56_4,Type 057,12.36015272839287,10.040297080362551
c56_5,Type 057,12.166281777035666,10.02869534293059
c56_6,Type 057,12.42490400197045,10.16691799515695
c56_7,Type 057,12.263133838117088,9.852250486957649
c56_8,Type 057,12.247838397561413,10.248131061559556
c56_9,Type 057,11.671830729083696,9.889984292757891
c56_10,Type 057,12.016021862208348,10.197903023753534
c56_11,Type 057,11.715477576640394,9.857527080697945
c56_12,Type 057,12.03660168550648,10.357973819886098
c56_13,Type 057,11.751895973183359,10.187376868522517
c56_14,Type 057,12.0348347174988,9.970162576231944
c56_15,Type 057,11.87471608323617,10.239940327118862
c56_16,Type 057,12.160096487303141,9.99662282417754
c56_17,Type 057,11.994122741566603,9.916547775393811
c56_18,Type 057,12.082288644525876,9.597626705708873
c56_19,Type 057,12.223290731033646,9.874504553499667
c56_20,Type 057,12.07217423583795,10.101366846754026
c56_21,Type 057,11.92572816959434,10.120314479220943
c56_22,Type 057,11.779515902126823,10.01379558983667
c56_23,Type 057,12.349783642404473,10.416547927578819
c56_24,Type 057,11.974529792948093,9.819277658091442
c56_25,Type 057,11.757343803796497,9.962424698048428
c56_26,Type 057,12.028459348653701,10.016520939064495
c56_27,Type 057,11.628655964484208,10.124367703279937
c56_28,Type 057,12.120903976858381,10.172440349828358
c56_29,Type 057,11.88386162109593,9.734081671693241
c56_30,Type 057,11.993220504021021,9.992517027203265
c56_31,Type 057,11.865181956520626,9.881920819872011
c56_32,Type 057,11.699715545944338,9.964691495154861
c56_33,Type 057,11.731263252482494,10.226622992708844
c56_34,Type 057,12.42371548036949,9.737903108399406
c56_35,Type 057,11.973647433416614,9.925262049331328
c56_36,Type 057,12.038212685776811,10.210205547645721
c56_37,Type 057,11.889412327818912,9.947310762609623
c56_38,Type 057,12.22827600578089,10.019311731072522
c56_39,Type 057,12.115393419924239,9.994859651617936
c56_40,Type 057,11.920074772290896,9.820182680226717
c56_41,Type 057,12.153880010189642,10.024031148491883
c56_42,Type 057,12.13524162080828,9.813898137927561
c56_43,Type 057,11.918491474309374,10.105530372515213
c56_44,Type 057,11.955965990022419,9.543918791502987
c57_0,Type 058,13.428333332019738,9.979802163876844
c57_1,Type 058,13.999273646471151,10.186955887501007
c57_2,Type 058,14.255101409914339,10.031871239669783
c57_3,Type 058,14.16136390972857,10.152598808311572
c57_4,Type 058,14.047243908335311,9.825658032038808
c57_5,Type 058,13.980732401473698,9.881919694839949
c57_6,Type 058,14.204302417965055,9.9782516844349
c57_7,Type 058,14.025255223894423,10.082501195844738
c57_8,Type 058,13.421473326581852,10.086942713172615
c57_9,Type 058,13.73999380612267,9.977474805458813
c57_10,Type 058,13.922908492237683,9.987472638454912
c57_11,Type 058,13.911990833870881,9.693575739648267
c57_12,Type 058,13.888311644260682,9.984172171335327
c57_13,Type 058,14.036185197412289,9.709091453167234
c57_14,Type 058,14.077459107184271,9.778284033402509
c57_15,Type 058,14.10442224316842,10.289414295678839
c57_16,Type 058,14.07808334490537,10.193932394887938
c57_17,Type 058,14.304739012978093,9.847705449416422
c57_18,Type 058,13.87966715428923,10.043593334183772
c57_19,Type 058,14.354964730935343,10.110683190314951
c57_20,Type 058,13.958395152760662,10.43730524205578
c57_21,Type 058,14.062120760580518,10.01408407702476
c57_22,Type 058,13.775630214310935,10.055247612907227
c57_23,Type 058,13.949678180042879,10.07332567406918
c57_24,Type 058,13.919251608626045,9.918802746178073
c57_25,Type 058,13.719404604804273,10.184694042724944
c57_26,Type 058,13.492828214468092,10.335088977621995
c57_27,Type 058,14.428976711458603,9.833695925363761
c57_28,Type 058,14.0071624458395,10.227743419712251
c57_29,Type 058,13.81834178514145,9.831211563945498
c57_30,Type 058,14.090135436416228,10.083814747124467
c57_31,Type 058,14.152814786707053,10.038135930038312
c57_32,Type 058,13.927092092697968,9.931227775772982
c57_33,Type 058,14.382540946822104,10.007914867406306
c57_34,Type 058,13.926134120922155,10.201591526254024
c57_35,Type 058,13.623853550068732,9.959534416169923
c57_36,Type 058,14.07028285149849,9.802826647398712
c57_37,Type 058,14.222372238534625,9.759337467013765
c57_38,Type 058,13.841888840227227,10.16229617286689
c57_39,Type 058,14.051080957007153,10.391504082702182
c57_40,Type 058,13.779272411031638,10.100599995008539
c57_41,Type 058,13.933362494107849,9.824598573132684
c57_42,Type 058,14.002742256784735,9.913088444512029
c57_43,Type 058,14.322470607879167,10.055560739450335
c57_44,Type 058,13.806641440834936,10.206137150987217
c58_0,Type 059,15.953953194472557,9.572583176245672
c58_1,Type 059,16.07412090012346,9.874482393790055
c58_2,Type 059,16.196584649404098,9.551911609689316
c58_3,Type 059,15.89495442660572,10.016225195998596
c58_4,Type 059,16.21756111171186,9.866544283636696
c58_5,Type 059,15.838945784687464,9.879276166851884
c58_6,Type 059,15.949701339473807,10.074118060635243
c58_7,Type 059,15.847006231363201,9.523413770271754
c58_8,Type 059,16.341854755119204,9.939279193219626
c58_9,Type 059,16.019409886635152,9.941995769657472
c58_10,Type 059,16.043403664835473,9.893811629979286
c58_11,Type 059,16.136255426807146,9.944483869690606
c58_12,Type 059,16.023466826878277,10.158142501238988
c58_13,Type 059,15.999618457366582,10.041654895330154
c58_14,Type 059,16.090337042028878,10.365735473740116
c58_15,Type 059,16.124110040048084,10.119044748293518
c58_16,Type 059,16.186350681438654,10.158634253864117
c58_17,Type 059,16.28586244672498,10.075257655427585
c58_18,Type 059,16.051255212358665,10.177474763254079
c58_19,Type 059,16.1121747347709,9.869449925178156
c58_20,Type 059,16.106468645524252,9.74629671605003
c58_21,Type 059,16.292025500828295,10.31312885341683
c58_22,Type 059,15.742726893983676,10.04628759615796
c58_23,Type 059,16.145929006828993,9.734804917084361
c58_24,Type 059,16.120848772780892,9.941787021291915
c58_25,Type 059,16.105104530087626,10.051658617988073
c58_26,Type 059,16.30062251702985,9.978227496499349
c58_27,Type 059,16.051637364381307,9.968282472662931
c58_28,Type 059,15.912281201315555,9.800120878982309
c58_29,Type 059,15.889069804515321,10.136373363174433
c58_30,Type 059,16.221849878364846,10.195436358060432
c58_31,Type 059,16.16031417658782,10.203872510327356
c58_32,Type 059,16.168303303258163,9.784983644992336
c58_33,Type 059,16.108007956768965,9.774236372700498
c58_34,Type 059,16.192182588247746,9.933952836309318
c58_35,Type 059,16.306039733108605,10.137261661502137
c58_36,Type 059,16.15876958214121,9.789363513766096
c58_37,Type 059,16.025987064389973,10.201845812132515
c58_38,Type 059,15.877031528864492,9.990948221881109
c58_39,Type 059,16.21102556950567,10.280439811419258
c58_40,Type 059,16.027684344621463,9.908115014491772
c58_41,Type 059,15.913901088100358,10.102997675019992
c58_42,Type 059,16.234279142744537,9.791834780813817
c58_43,Type 059,16.0646322420531,10.260381658551632
c58_44,Type 059,16.006497003454562,9.877016793088192
c59_0,Type 060,18.06188338667952,9.78113103979871
c59_1,Type 060,17.906305971462817,9.928995900740942
c59_2,Type 060,18.216642050039354,9.775994587860463
c59_3,Type 060,17.82453200437443,10.079189539163059
c59_4,Type 060,18.219100272487957,10.25830961475163
c59_5,Type 060,17.89554534302308,10.38879324333174
c59_6,Type 060,18.221220134953906,9.939021789003798
c59_7,Type 060,18.1144075447284,9.795726921333669
c59_8,Type 060,17.742454270413972,10.116804768827228
c59_9,Type 060,17.8150373642211,10.104937950439417
c59_10,Type 060,18.38084365106501,10.156291240480858
c59_11,Type 060,18.2191858765762,9.528785736108386
c59_12,Type 060,17.901543729611873,10.148400797454844
c59_13,Type 060,17.573695348745872,10.066628649962105
c59_14,Type 060,18.19653146002589,10.46637623558436
c59_15,Type 060,18.013373025289987,10.172169290424574
c59_16,Type 060,17.913629805907142,10.257801803884687
c59_17,Type 060,18.020130086954353,10.11062088215402
c59_18,Type 060,17.66248203893907,10.225439402146026
c59_19,Type 060,18.130752111859284,10.083065692447532
c59_20,Type 060,17.57628433268618,10.121716440399577
c59_21,Type 060,18.003563763914254,10.376556343795276
c59_22,Type 060,17.94891983707422,9.637062151514604
c59_23,Type 060,17.959096584411363,10.074713947387346
c59_24,Type 060,17.679428901979932,10.144053727658452
c59_25,Type 060,17.67708468287609,10.148832252143677
c59_26,Type 060,17.92654871617832,9.671732719721131
c59_27,Type 060,18.02374372511571,9.663541317805493
c59_28,Type 060,17.834983580982872,9.6581662117868
c59_29,Type 060,18.06873312112077,9.660935554157591
c59_30,Type 060,18.129729105035214,10.228042339593008
c59_31,Type 060,18.060899348276887,9.868269446577866
c59_32,Type 060,18.194767887727398,9.904496380682671
c59_33,Type 060,18.198716392551688,10.009126391888419
c59_34,Type 060,18.143830177907912,10.22800017521468
c59_35,Type 060,18.073292636064476,9.93993645153266
c59_36,Type 060,18.303248647362636,9.80459808100827
c59_37,Type 060,17.501711588830492,9.934694965194788
c59_38,Type 060,17.789652373900548,9.659607583605942
c59_39,Type 060,18.067856464256053,10.276184333888562
c59_40,Type 060,17.89582448766268,9.81192762180344
c59_41,Type 060,17.896034696381292,10.039574587635002
c59_42,Type 060,17.78106695161086,10.404838773794612
c59_43,Type 060,18.15060073530078,10.071033998515098
c59_44,Type 060,17.941700507408537,10.338910267041342
c60_0,Type 061,-0.05383311028732081,12.051120966852992
c60_1,Type 061,0.1632536548937004,11.955385002041462
c60_2,Type 061,0.22364932789701886,11.992044421934352
c60_3,Type 061,-0.22994802326203542,12.134312284799966
c60_4,Type 061,-0.06487804210754758,12.208748801523495
c60_5,Type 061,-0.3575545076440274,12.211996022251968
c60_6,Type 061,0.02497273914023774,11.946355022235636
c60_7,Type 061,0.182334232174888,11.898122132657717
c60_8,Type 061,0.1895674620446063,12.22138862054355
c60_9,Type 061,-0.23715511947330167,12.108274087168615
c60_10,Type 061,0.03914252341684706,12.177600133294764
c60_11,Type 061,-0.19308033191228507,12.260125815923656
c60_12,Type 061,-0.33270180232714536,11.989065026142196
c60_13,Type 061,0.28579841850342436,12.087833039216115
c60_14,Type 061,0.3205242619944623,11.842712784711232
c60_15,Type 061,0.1990779594163485,11.838156932183159
c60_16,Type 061,0.3135968874069962,11.716153171097995
c60_17,Type 061,-0.21019010400778365,11.976447286151572
c60_18,Type 061,-0.3848338318174992,12.245568649371785
c60_19,Type 061,0.16996903408146016,12.032715444273935
c60_20,Type 061,-0.009656727966419434,12.13028932168511
c60_21,Type 061,-0.24818571558383665,11.943055987959506
c60_22,Type 061,-0.42511407977569715,11.943222585285145
c60_23,Type 061,-0.06788964763808526,12.022351969852679
c60_24,Type 061,-0.3474303144933657,11.907809968877311
c60_25,Type 061,0.09389424538646912,11.835170158381121
c60_26,Type 061,0.1521208494550566,11.823711640789075
c60_27,Type 061,-0.05435332032990001,11.676218007717885
c60_28,Type 061,-0.08679494971883545,11.902881569077676
c60_29,Type 061,0.04064943314629729,12.04857388086576
c60_30,Type 061,-0.1468667673504205,12.350972808408532
c60_31,Type 061,-0.11949700276885092,11.830104902924324
c60_32,Type 061,-0.11373231656883198,11.97497530689009
c60_33,Type 061,-0.01510896977778769,11.679614268351886
c60_34,Type 061,0.03144697975839882,12.061312859502335
c60_35,Type 061,-0.04816922354791055,12.094812326412507
c60_36,Type 061,-0.023267893248950657,12.167757808673564
c60_37,Type 061,-0.34421876714798416,12.25735826443341
c60_38,Type 061,-0.03760991597977012,11.825528941113976
c60_39,Type 061,0.14296902532824415,12.034301903865389
c60_40,Type 061,-0.04315459318669526,11.725843678482178
c60_41,Type 061,0.36179620507104227,12.029384895269112
c60_42,Type 061,-0.09435439834190733,11.91849064833377
c60_43,Type 061,0.059761527253699334,12.166157051245836
c60_44,Type 061,0.27029109798323614,12.05594778417791
c61_0,Type 062,1.8704991719617712,11.83034727084134
c61_1,Type 062,1.824559840855447,11.966710222095603
c61_2,Type 062,1.9776235379077296,11.996998685638255
c61_3,Type 062,1.6128519443658802,11.959961378743948
c61_4,Type 062,1.7639723750191452,12.154970408464171
c61_5,Type 062,2.1612734910940294,11.871632590036688
c61_6,Type 062,1.959585665550473,11.755718061060078
c61_7,Type 062,1.898665278973226,12.340026316299323
c61_8,Type 062,2.027267738117014,11.876057703066412
c61_9,Type 062,1.8131611831295673,11.94126777300919
c61_10,Type 062,1.8970053496558357,12.123659174485502
c61_11,Type 062,2.1379259408389784,12.27217151845965
c61_12,Type 062,2.2924709539821073,12.10032368377727
c61_13,Type 062,2.0113294941834527,11.964100086687068
c61_14,Type 062,2.2244054554611337,11.670323121940374
c61_15,Type 062,1.7905481856420122,12.031077194264272
c61_16,Type 062,1.8467029467416203,11.932219694328214
c61_17,Type 062,1.916040349880632,12.032253607542874
c61_18,Type 062,2.419172442130495,11.978764396668355
c61_19,Type 062,2.318952605668806,12.024505527652376
c61_20,Type 062,1.8258596938821363,12.045172517236722
c61_21,Type 062,2.1137605635906467,11.975287865360341
c61_22,Type 062,2.001214634033836,11.9512826974926
c61_23,Type 062,2.1713790326006577,12.02384347603548
c61_24,Type 062,2.089172116346348,12.3706815466241
c61_25,Type 062,2.1477179292536124,11.929459269899715
c61_26,Type 062,2.217057086035124,12.148110520957383
c61_27,Type 062,2.096757926370176,11.426436295244896
c61_28,Type 062,2.129592858578369,11.999605644022607
c61_29,Type 062,1.871857044575338,12.238841224845608
c61_30,Type 062,1.796814130229752,11.824873593926062
c61_31,Type 062,2.3466655842064887,12.056165514031292
c61_32,Type 062,1.8330526404272283,12.088787045121729
c61_33,Type 062,2.1090593348257087,11.980333003691776
c61_34,Type 062,2.210799344902969,11.91362599950899
c61_35,Type 062,2.021185156987577,12.045333259161064
c61_36,Type 062,1.9827095688656908,12.047764959897194
c61_37,Type 062,1.916041302549237,11.992287665533459
c61_38,Type 062,2.021299079150526,11.765638756800538
c61_39,Type 062,1.7432594965574661,11.966622125479121
c61_40,Type 062,2.539843202608605,11.974620320878126
c61_41,Type 062,1.8753478552067593,12.170741404978031
c61_42,Type 062,2.383044986393302,12.115145890597134
c61_43,Type 062,1.7726340688277131,12.234791935560445
c61_44,Type 062,2.006730136891192,11.598697799963348
c62_0,Type 063,3.8224039610328333,12.033348033618323
c62_1,Type 063,4.112080788176355,12.03379661934726
c62_2,Type 063,4.12214319256229,12.035777652894405
c62_3,Type 063,3.890464940473555,11.680975895065446
c62_4,Type 063,4.049813518091694,11.799742625169973
c62_5,Type 063,4.04182057052746,12.061285298650366
c62_6,Type 063,4.598745986450135,12.027209586203213
c62_7,Type 063,4.095506573923052,11.86145284218701
c62_8,Type 063,4.169266471678386,11.837886018813377
c62_9,Type 063,4.027250554186701,12.10086280579208
c62_10,Type 063,3.837959357948821,12.0628126405813
c62_11,Type 063,3.9195926714727096,11.819412834022316
c62_12,Type 063,3.7579350769462,12.20248011790051
c62_13,Type 063,3.809074331160936,12.28415366577473
c62_14,Type 063,3.880748899690208,11.89122811302281
c62_15,Type 063,3.7548144574477123,11.82408574556425
c62_16,Type 063,3.9782068200608562,11.826696442865938
c62_17,Type 063,4.264547279401949,11.977641649140542
c62_18,Type 063,3.964545389760165,12.149132936589806
c62_19,Type 063,4.043353807575307,12.044886273510585
c62_20,Type 063,4.030267123008088,11.831355534687122
c62_21,Type 063,4.030757045780643,11.50666193222469
c62_22,Type 063,3.797415181761896,11.909535921893644
c62_23,Type 063,4.1131328996875895,11.977446139815584
c62_24,Type 063,3.780323096925551,11.626423879304971
c62_25,Type 063,4.0160590525328885,12.189683599724257
c62_26,Type 063,4.205705639382456,11.95260058295764
c62_27,Type 063,3.9679746514637224,11.951630200666246
c62_28,Type 063,3.6069913376791054,12.025076044623637
c62_29,Type 063,4.13684577293243,12.022864333306634
c62_30,Type 063,4.209414155866762,12.181875680132762
c62_31,Type 063,4.155784720753834,12.514535260993446
c62_32,Type 063,4.002992686840666,12.011644905474295
c62_33,Type 063,3.7927133949578447,12.169536275081816
c62_34,Type 063,4.052420830895355,11.912531972445674
c62_35,Type 063,4.180748799376259,12.306033718395973
c62_36,Type 063,3.954568485362335,12.169618909097206
c62_37,Type 063,3.451723762585086,11.650581582022424
c62_38,Type 063,3.786889735835028,12.34780727520531
c62_39,Type 063,4.211816883704545,12.005895665600118
c62_40,Type 063,3.7432911386856587,11.88253862272768
c62_41,Type 063,3.881590481820667,11.44258707919196
c62_42,Type 063,3.996238984537446,12.098964881301367
c62_43,Type 063,3.938938116306884,11.886101290133924
c62_44,Type 063,4.175098935088808,12.282071149402071
c63_0,Type 064,5.67657971940816,11.954117561236382
c63_1,Type 064,5.824641590993334,11.931038340933911
c63_2,Type 064,6.069756402771585,12.049280479856078
c63_3,Type 064,6.09952104196913,12.017046589126306
c63_4,Type 064,6.171994427515049,12.048376512034526
c63_5,Type 064,6.227152578487449,12.132219441017508
c63_6,Type 064,6.052834365005125,11.76306227108224
c63_7,Type 064,6.049367082549673,12.031603477070304
c63_8,Type 064,6.092032657204353,12.009683589134012
c63_9,Type 064,5.916918711381973,12.018086144566821
c63_10,Type 064,6.091282789214749,12.115503026234869
c63_11,Type 064,6.306670617471463,12.07145758101539
c63_12,Type 064,6.153945133304411,11.991640428821585
c63_13,Type 064,5.879043030145496,11.878577973464822
c63_14,Type 064,6.125987541678915,12.312384104788647
c63_15,Type 064,6.046440156659865,12.213667119430706
c63_16,Type 064,5.991122468127549,12.145837314593738
c63_17,Type 064,5.828546998093646,11.589295551421039
c63_18,Type 064,5.655163481082107,11.889402624603733
c63_19,Type 064,5.583536380885456,11.850580117660101
c63_20,Type 064,6.3641406719421925,11.667757098213912
c63_21,Type 064,5.958575181856315,12.255407293588217
c63_22,Type 064,6.024122888026809,11.865704094962293
c63_23,Type 064,5.645302528447339,12.19356101893605
c63_24,Type 064,5.904236197672983,11.998389642464474
c63_25,Type 064,6.176814690945955,11.889368133115305
c63_26,Type 064,5.944315538909724,11.978313336793374
c63_27,Type 064,5.7910849262137605,12.132660945241808
c63_28,Type 064,5.903591449586669,11.858185807225922
c63_29,Type 064,6.118352208318378,12.062011346680027
c63_30,Type 064,6.263806537713091,12.013694521280614
c63_31,Type 064,6.22877726990833,12.11184607529314
c63_32,Type 064,5.5953245360144015,12.127244805111012
c63_33,Type 064,6.161486786110635,11.776853879217024
c63_34,Type 064,6.020920410075189,12.063646350672267
c63_35,Type 064,6.169211152471196,11.887111850296655
c63_36,Type 064,6.206428433376002,11.944736464618353
c63_37,Type 064,6.2107591184953055,11.67288207144971
c63_38,Type 064,5.774507126014772,11.701878697257188
c63_39,Type 064,6.207716946866301,12.059663211554248
c63_40,Type 064,6.348673197899742,11.713089835017316
c63_41,Type 064,6.045287156048872,12.525229791334967
c63_42,Type 064,6.045530877502329,12.26441127424735
c63_43,Type 064,5.913332394581909,11.91252845480763
c63_44,Type 064,5.96963869467272,12.197279935314137
c64_0,Type 065,7.9148160601417565,12.229758417874066
c64_1,Type 065,7.995212687635635,11.768213062498619
c64_2,Type 065,8.032589460309541,11.79076444110837
c64_3,Type 065,7.871875660653911,11.874863261774742
c64_4,Type 065,8.117066714704885,12.086024046887742
c64_5,Type 065,8.293215323396154,12.048178765728114
c64_6,Type 065,8.099670055354297,12.07100341919973
c64_7,Type 065,7.6110142815757955,11.846483868992236
c64_8,Type 065,8.123564042768832,11.910371994707164
c64_9,Type 065,8.162144019708615,12.117838901457153
c64_10,Type 065,7.968703394683877,11.621524437525643
c64_11,Type 065,7.828062851803888,12.008728097429612
c64_12,Type 065,7.948171000942744,12.206750997980583
c64_13,Type 065,7.93643634969301,11.988840181405694
c64_14,Type 065,7.96140558593344,12.109223415172183
c64_15,Type 065,7.946568568780241,12.14231085240857
c64_16,Type 065,8.40345823231954,11.74196645373637
c64_17,Type 065,8.129285754116507,12.052394847412696
c64_18,Type 065,7.514147024143506,12.08709961993282
c64_19,Type 065,7.971148317221041,11.949073019988367
c64_20,Type 065,8.245971863428867,12.282551391875158
c64_21,Type 065,8.196687668517445,11.829573834808864
c64_22,Type 065,7.833236360397982,12.084639396639808
c64_23,Type 065,8.055352689765186,12.005501847314807
c64_24,Type 065,7.701259557313909,12.273681385201424
c64_25,Type 065,7.816297952426663,12.159523009611034
c64_26,Type 065,7.797518195695591,11.991861721895823
c64_27,Type 065,8.025280054194324,11.825761706770331
c64_28,Type 065,8.000400483313967,12.008082552607375
c64_29,Type 065,8.013625816349945,12.200898909222957
c64_30,Type 065,8.013949989618006,11.498141527527164
c64_31,Type 065,8.10393317718042,12.172037059624863
c64_32,Type 065,8.048927370716692,12.002352990085608
c64_33,Type 065,8.274328106496464,12.098440011472087
c64_34,Type 065,7.75095653282267,11.654992089143775
c64_35,Type 065,7.774546339203408,12.2604376798668
c64_36,Type 065,8.474624912120582,12.16579328223903
c64_37,Type 065,7.859288891429007,12.21205751570341
c64_38,Type 065,7.755495375097837,11.82551212984717
c64_39,Type 065,8.097561075892102,12.326326339465465
c64_40,Type 065,7.717803199124199,11.812284721148803
c64_41,Type 065,7.858715285109147,11.868398045419275
c64_42,Type 065,7.869714520128553,11.929085574792456
c64_43,Type 065,8.348057439340858,12.158287235524835
c64_44,Type 065,8.040574509851794,11.70864435221106
c65_0,Type 066,9.825149222952293,11.685010711983574
c65_1,Type 066,9.810155145558747,12.014858399950594
c65_2,Type 066,9.838605770773881,11.907033472918517
c65_3,Type 066,10.062918682942962,11.83999023771835
c65_4,Type 066,9.808064406793118,11.999659261720199
c65_5,Type 066,9.976836533970872,12.09033146902225
c65_6,Type 066,9.968202814591141,11.745714670500707
c65_7,Type 066,9.748323993172024,11.680192592743209
c65_8,Type 066,10.044859572274406,12.09307740306463
c65_9,Type 066,9.855552599864835,11.64814003113749
c65_10,Type 066,10.029471295657771,11.862383647682753
c65_11,Type 066,10.062620914408994,11.817374331325844
c65_12,Type 066,10.13599860660585,12.333121080417396
c65_13,Type 066,9.901860293994948,11.821557086375213
c65_14,Type 066,10.263871985067237,11.848027239173367
c65_15,Type 066,9.834545770334554,12.100535166806008
c65_16,Type 066,9.7736267672232,12.407648289731975
c65_17,Type 066,9.943455615083456,11.746083806303323
c65_18,Type 066,10.153761858459333,12.144608329993815
c65_19,Type 066,10.038162761450135,12.171557481742797
c65_20,Type 066,10.479532634854168,12.25527634152074
c65_21,Type 066,9.931943881855295,12.054574086983386
c65_22,Type 066,10.033259145476938,12.026787297293112
c65_23,Type 066,10.221800444795969,12.035457563175752
c65_24,Type 066,9.813198199787546,11.852186748448222
c65_25,Type 066,10.059637716197374,12.310991704207378
c65_26,Type 066,10.08764688333995,11.747420590710519
c65_27,Type 066,10.326956827567871,11.874619308554154
c65_28,Type 066,10.103424316503803,12.262677005659205
c65_29,Type 066,10.348123920221536,12.113676165564565
c65_30,Type 066,9.992337378399485,12.332447751777387
c65_31,Type 066,10.260657604225079,12.179390948019151
c65_32,Type 066,10.194558773753155,11.940486126935614
c65_33,Type 066,10.088144649735085,11.959176630103421
c65_34,Type 066,9.816182744922388,12.17243349746424
c65_35,Type 066,10.042748446797892,12.064036210841268
c65_36,Type 066,10.19042898955977,11.787898722058065
c65_37,Type 066,9.824975595428965,11.953731277898182
c65_38,Type 066,9.784998615777846,12.172337340310017
c65_39,Type 066,10.145701563858935,11.955577294557468
c65_40,Type 066,10.093437183951396,11.906400981571673
c65_41,Type 066,10.155741224180897,11.99104281270709
c65_42,Type 066,10.113981009747528,12.23374285336126
c65_43,Type 066,9.954537262711787,11.985976285433285
c65_44,Type 066,9.892111746319536,11.830775405153197
c66_0,Type 067,12.145780863631302,11.97737923961305
c66_1,Type 067,11.861798259148172,11.815953065673394
c66_2,Type 067,11.799942387607015,12.129274323628115
c66_3,Type 067,12.00243346266567,11.723508689221513
c66_4,Type 067,11.801125290745539,11.90109307637663
c66_5,Type 067,11.808929362497475,11.991488960023752
c66_6,Type 067,11.803762221041188,11.604905798972673
c66_7,Type 067,12.085222744212656,11.85997170633196
c66_8,Type 067,11.961695423493733,12.022831513193992
c66_9,Type 067,11.988965726530934,11.67340359632445
c66_10,Type 067,11.796630409054258,12.272643314049954
c66_11,Type 067,11.778038017409262,12.181700116714959
c66_12,Type 067,12.33603223596219,11.985646487914957
c66_13,Type 067,12.064323171566686,11.93433283415228
c66_14,Type 067,11.982548648088994,11.991974459926958
c66_15,Type 067,12.028652171225234,12.202693204639473
c66_16,Type 067,12.300175718762715,12.267526950724264
c66_17,Type 067,11.894332055911102,12.049917431074455
c66_18,Type 067,12.026997144183131,11.99915190400668
c66_19,Type 067,11.971674892475264,12.102333601568558
c66_20,Type 067,11.815045853369613,12.397195331569412
c66_21,Type 067,12.24832096431256,12.05592431953904
c66_22,Type 067,12.241419155996207,12.263988583639787
c66_23,Type 067,11.869448221719049,11.921936102465649
c66_24,Type 067,12.318004254979744,12.04300805999973
c66_25,Type 067,11.653962175748234,11.911419457020743
c66_26,Type 067,11.85106816200214,12.564956835310754
c66_27,Type 067,11.317041511977118,11.76837214504824
c66_28,Type 067,11.75049122725779,12.10483280616896
c66_29,Type 067,12.18624113531778,11.889920843346662
c66_30,Type 067,12.20526377551064,11.849498165413104
c66_31,Type 067,11.853703001385977,12.161421701644269
c66_32,Type 067,12.341593819963798,12.29314250828622
c66_33,Type 067,11.981044806005816,12.1072372513103
c66_34,Type 067,11.919614098073316,11.90241258681569
c66_35,Type 067,12.111741308594294,12.303727939649884
c66_36,Type 067,11.785362248177588,11.884262187669107
c66_37,Type 067,12.196859062520176,12.486587337853793
c66_38,Type 067,12.09945225101336,11.946284139949388
c66_39,Type 067,12.225139147681906,12.21967713119709
c66_40,Type 067,11.876798211840818,12.23385475670559
c66_41,Type 067,12.17131312907244,12.106515339683831
c66_42,Type 067,11.87673730007986,11.839066675619865
c66_43,Type 067,12.308395471785296,11.885587068517122
c66_44,Type 067,11.989714035372419,12.094052637187811
c67_0,Type 068,14.050743875124278,11.843117179933913
c67_1,Type 068,14.3272138015709,11.88259048429422
c67_2,Type 068,13.808127004772976,12.040295416954725
c67_3,Type 068,13.971410490445708,11.952698283750951
c67_4,Type 068,13.871484034525047,11.976702853497585
c67_5,Type 068,13.868135913355532,11.923609408703179
c67_6,Type 068,13.861150978176415,12.042522655838038
c67_7,Type 068,14.140791756699349,12.025816131947588
c67_8,Type 068,14.061347849594451,11.827149024759638
c67_9,Type 068,14.10794785563017,11.768204475822222
c67_10,Type 068,13.845198657298834,12.036848431062044
c67_11,Type 068,14.034762450062894,12.210888193944712
c67_12,Type 068,14.01856746478839,12.256349937592502
c67_13,Type 068,13.779897190934749,11.79183619194782
c67_14,Type 068,14.025029427741428,11.8719687430533
c67_15,Type 068,14.37491404953486,11.900876422558477
c67_16,Type 068,13.84303854711193,12.125860656056705
c67_17,Type 068,14.012783777730167,11.785964807620273
c67_18,Type 068,14.018938153560006,12.08551874623762
c67_19,Type 068,14.114465875904289,11.93509462506825
c67_20,Type 068,13.981689204338013,11.803550644915342
c67_21,Type 068,14.241524586256807,12.293268165449422
c67_22,Type 068,14.117205813172959,11.778861257071775
c67_23,Type 068,14.122536067208223,12.15799406938969
c67_24,Type 068,13.900703450198602,12.04475088066627
c67_25,Type 068,13.82582201999911,12.164702574068958
c67_26,Type 068,13.856889255541818,11.970281129256385
c67_27,Type 068,13.89909500411574,12.565483266089299
c67_28,Type 068,14.030347411281248,12.004366741693193
c67_29,Type 068,14.120992422030824,11.96358064256965
c67_30,Type 068,14.254424111679072,12.030595681201511
c67_31,Type 068,13.940093956549074,12.024685702405698
c67_32,Type 068,14.073422505054891,11.986382311381806
c67_33,Type 068,14.141019383461117,11.604001385939815
c67_34,Type 068,14.004424458590083,12.19518463001367
c67_35,Type 068,13.996650596691726,11.875818080378732
c67_36,Type 068,13.97671984238968,11.861499825873166
c67_37,Type 068,13.980445706734722,11.8293940837123
c67_38,Type 068,13.64585769493299,11.818720246292443
c67_39,Type 068,14.030308509971643,12.032600510279106
c67_40,Type 068,13.975107884442174,11.999617987963317
c67_41,Type 068,14.273183553139974,11.986901916844266
c67_42,Type 068,13.9731012007375,11.893648130523788
c67_43,Type 068,13.997600947306482,11.816398616264562
c67_44,Type 068,13.835897944912833,11.915036358755636
c68_0,Type 069,15.961336499183124,12.004453941053745
c68_1,Type 069,15.865027674757195,11.73060825279003
c68_2,Type 069,16.00466250137098,11.668046063668227
c68_3,Type 069,16.276562007239907,11.637637526065525
c68_4,Type 069,15.843742513281823,12.27701112665176
c68_5,Type 069,15.986612887084897,12.013154698515763
c68_6,Type 069,16.41473812554855,11.705301034403753
c68_7,Type 069,16.17843496362686,11.842201620835224
c68_8,Type 069,15.755795902404227,11.966965861407349
c68_9,Type 069,16.060705181636695,11.78385129400959
c68_10,Type 069,16.282246284805872,12.36109776640372
c68_11,Type 069,16.058906737991226,11.81486523344084
c68_12,Type 069,15.778997082939757,12.221820376937503
c68_13,Type 069,15.791197680988102,11.790955837563374
c68_14,Type 069,16.004920383931264,11.776043305451001
c68_15,Type 069,16.007072918804088,12.041712811004604
c68_16,Type 069,16.088824467139137,12.03130119861844
c68_17,Type 069,16.123760692366513,11.908595483321031
c68_18,Type 069,16.331981547606592,11.98789212829655
c68_19,Type 069,15.981031467675178,11.893265933171282
c68_20,Type 069,15.977137095887898,11.846211998844263
c68_21,Type 069,16.014633007755922,11.810553739540062
c68_22,Type 069,15.92491561254396,11.866856405289198
c68_23,Type 069,15.938925538053333,11.843003460787603
c68_24,Type 069,15.73070101362296,12.316908799713087
c68_25,Type 069,15.654837726193502,11.846860843190175
c68_26,Type 069,15.932593794355132,12.212886226156769
c68_27,Type 069,16.119219349609736,12.462493167126583
c68_28,Type 069,15.900189768216467,12.025553315789214
c68_29,Type 069,15.98720626563618,12.00468092029409
c68_30,Type 069,16.002625881210996,12.306442559419827
c68_31,Type 069,16.242140395410395,11.720168767964743
c68_32,Type 069,16.023935727227677,12.281406470906703
c68_33,Type 069,16.15898066278872,11.420849112224168
c68_34,Type 069,15.680890742860177,12.35589254514278
c68_35,Type 069,16.072980671081332,12.319076516826598
c68_36,Type 069,16.224065197397476,11.846735926816411
c68_37,Type 069,15.89381082782355,12.144054167702096
c68_38,Type 069,16.0505521596627,11.779228087327365
c68_39,Type 069,15.869943295036432,12.305803101877201
c68_40,Type 069,15.731698393816528,12.144056237520722
c68_41,Type 069,16.093769149085897,12.00893788892942
c68_42,Type 069,15.705904869648391,11.845549180776299
c68_43,Type 069,16.000865775668704,12.046527012989849
c68_44,Type 069,15.901944961421547,12.070908437151258
c69_0,Type 070,17.842261177778074,12.159420780023439
c69_1,Type 070,17.98009738607405,11.550065839665672
c69_2,Type 070,18.07823856677817,11.975705912353556
c69_3,Type 070,17.885699781976214,12.18535584434071
c69_4,Type 070,18.204894702799297,11.918568080700313
c69_5,Type 070,17.5390123890202,12.061581283636857
c69_6,Type 070,18.125974151404623,12.042216545093856
c69_7,Type 070,17.748431033398568,11.62552588689615
c69_8,Type 070,18.09291723530819,11.84660445832299
c69_9,Type 070,18.020002768155727,12.014708506045668
c69_10,Type 070,18.152937020889716,12.230571097302013
c69_11,Type 070,18.340402629174548,12.174860234545815
c69_12,Type 070,17.95726041591925,11.716553640269026
c69_13,Type 070,18.13474025750629,11.953536287956386
c69_14,Type 070,17.689713302401156,11.862686369044603
c69_15,Type 070,18.110841740572447,12.119598737663635
c69_16,Type 070,18.154596655656707,11.694744425904169
c69_17,Type 070,17.826229848090748,11.987195190952626
c69_18,Type 070,18.070768977304773,12.01850450109122
c69_19,Type 070,17.922867997460013,11.677587057123137
c69_20,Type 070,17.612111471024686,11.961190295056163
c69_21,Type 070,17.706357724927592,11.947653299092241
c69_22,Type 070,18.083454679726394,12.179425221355944
c69_23,Type 070,17.477577143783172,11.603189740732201
c69_24,Type 070,17.821242525128365,11.747698226084923
c69_25,Type 070,18.05960946654569,12.037671990639883
c69_26,Type 070,17.793189100241197,12.17036077933529
c69_27,Type 070,17.777543454848217,12.308311072623953
c69_28,Type 070,17.924964944142985,11.760746182740036
c69_29,Type 070,17.819973974855213,11.720750080004454
c69_30,Type 070,17.7864751774979,11.887831912948235
c69_31,Type 070,18.1675401539672,11.888625382639537
c69_32,Type 070,18.052093056804654,11.841482087300268
c69_33,Type 070,18.146144479182794,11.78687740819087
c69_34,Type 070,18.048578206863855,12.08725464037818
c69_35,Type 070,18.019614832446987,11.655779205097048
c69_36,Type 070,17.939302406032585,11.886460219069729
c69_37,Type 070,18.081921709164135,12.180830215849587
c69_38,Type 070,17.802773703543792,12.039307894229824
c69_39,Type 070,18.00940966581708,11.87114789717916
c69_40,Type 070,18.246559345973555,12.042660138259677
c69_41,Type 070,17.73152455585186,11.649263743157796
c69_42,Type 070,17.904131298706886,11.799830146626723
c69_43,Type 070,17.91936673737697,11.88831627545708
c69_44,Type 070,17.673638818305093,11.776175457639809
c70_0,Type 071,0.07693811038050144,14.117612156036937
c70_1,Type 071,-0.3813541827348119,13.958103331377117
c70_2,Type 071,-0.28088655166904103,14.03577782753385
c70_3,Type 071,-0.38342273334903604,14.23590979940416
c70_4,Type 071,0.21962362108228506,13.697577378316375
c70_5,Type 071,0.2888949309816487,14.189793550176622
c70_6,Type 071,0.17025981036346854,13.927148679900728
c70_7,Type 071,-0.3314942661334803,14.024939789640975
c70_8,Type 071,-0.11728243318838259,14.104040883448675
c70_9,Type 071,-0.1664294652068081,13.656193668448804
c70_10,Type 071,0.1568771133874838,13.99922552251358
c70_11,Type 071,0.16114588262795496,13.760876178823658
c70_12,Type 071,0.05503267199203722,13.922958307542025
c70_13,Type 071,-0.8566334856655353,13.96440236966937
c70_14,Type 071,-0.08331507690403354,14.508037395996414
c70_15,Type 071,0.08282672597735868,13.758113449003805
c70_16,Type 071,0.2842029278680289,14.004491240050804
c70_17,Type 071,0.31160437197510604,14.226623408828216
c70_18,Type 071,-0.012162754244224533,13.890208982879217
c70_19,Type 071,0.12711114323126013,14.20738959008089
c70_20,Type 071,-0.11447408758922573,13.709623857608348
c70_21,Type 071,0.05543803126055988,14.059523804317019
c70_22,Type 071,-0.14581404326162417,13.968095074956961
c70_23,Type 071,0.20227083831726508,14.247062707375658
c70_24,Type 071,0.09250802329865043,14.030620301134038
c70_25,Type 071,0.14665892536529748,14.033662126009645
c70_26,Type 071,0.23864002838230325,13.962475472536074
c70_27,Type 071,-0.1437581011467186,14.207249588805357
c70_28,Type 071,0.029729024831844888,14.059687078449109
c70_29,Type 071,0.0431459294077311,13.998366816286374
c70_30,Type 071,-0.22103905922710165,14.170314817012226
c70_31,Type 071,0.21192146117388178,14.312776789265534
c70_32,Type 071,-0.041673684265963566,14.318661504582705
c70_33,Type 071,0.07333507734781673,14.007588546317812
c70_34,Type 071,-0.04855725643753442,14.102502049472566
c70_35,Type 071,0.10939965805191194,14.016005057146918
c70_36,Type 071,-0.05318488249167093,13.790515472117171
c70_37,Type 071,-0.1404911129067759,14.263733423946569
c70_38,Type 071,0.06454293061648486,14.034804907101847
c70_39,Type 071,-0.03460365403664172,14.005253386283647
c70_40,Type 071,0.27212913935179334,13.902806539033941
c70_41,Type 071,-0.007265243224098135,13.85082081063478
c70_42,Type 071,-0.05234383415781483,14.005936091632583
c70_43,Type 071,-0.3941565242651199,14.13259178438902
c70_44,Type 071,-0.18952908692395112,14.028428825784637
c71_0,Type 072,2.053582123929548,14.024165130880059
c71_1,Type 072,1.8407674652139385,14.094191831321108
c71_2,Type 072,1.8344060109680282,14.291516033961553
c71_3,Type 072,1.9999589573891643,13.865812959747005
c71_4,Type 072,2.45925476251146,14.062935481595327
c71_5,Type 072,2.0161732814539244,13.906453156198674
c71_6,Type 072,1.8097435852106494,13.904411847795052
c71_7,Type 072,1.8291673912675488,14.193673788266937
c71_8,Type 072,1.7277383403635738,14.18481172323283
c71_9,Type 072,1.8982421685220472,13.762619827937831
c71_10,Type 072,2.1797802074031054,13.828402148238878
c71_11,Type 072,1.8731093758140422,14.241760945285476
c71_12,Type 072,2.001802025204374,13.795510139258989
c71_13,Type 072,1.9647254217092318,14.02517493584017
c71_14,Type 072,1.935116798156246,13.919426198439552
c71_15,Type 072,1.9573138938261807,14.114691562198994
c71_16,Type 072,2.2130952685269945,14.313500136518329
c71_17,Type 072,1.673640078481992,13.951529063043422
c71_18,Type 072,2.1272261019594794,13.753291221068348
c71_19,Type 072,1.935176043290727,13.769790622322667
c71_20,Type 072,1.6823160369573218,13.821553789312471
c71_21,Type 072,2.12302992464902,14.057052447442773
c71_22,Type 072,2.230117181269251,14.01367779394763
c71_23,Type 072,2.016310775609686,13.777481605326493
c71_24,Type 072,2.1857931218117574,13.727580129469022
c71_25,Type 072,2.171013947670703,13.691925930755383
c71_26,Type 072,1.792392481051605,13.821804127969497
c71_27,Type 072,1.9864764542377322,13.964776802115585
c71_28,Type 072,1.8851831565475166,13.934211220715584
c71_29,Type 072,1.8310129957462173,13.832938305939068
c71_30,Type 072,1.5888278115603092,14.185783046490341
c71_31,Type 072,1.8483522243826072,14.203898795673425
c71_32,Type 072,1.9692352117781762,13.92390223211827
c71_33,Type 072,2.0099106850613593,13.722138812091623
c71_34,Type 072,1.8823822028346873,14.075841558401455
c71_35,Type 072,1.763354310696169,13.915095843782513
c71_36,Type 072,2.16874976945035,13.999900928399635
c71_37,Type 072,1.8809639492087233,14.068051084720036
c71_38,Type 072,2.1208349315070802,14.311570710433221
c71_39,Type 072,1.8308797473837237,14.364403968367201
c71_40,Type 072,2.2656954634979862,13.9120071046293
c71_41,Type 072,1.7711304095590326,14.182083556693666
c71_42,Type 072,1.8436713584936206,14.351303494073814
c71_43,Type 072,1.7719774708770426,13.797969621746011
c71_44,Type 072,1.7365866902941196,14.104128089911942
c72_0,Type 073,3.7456960178230787,14.057787822778511
c72_1,Type 073,3.8315094085028094,14.046761052727657
c72_2,Type 073,4.457675449793759,13.870012662953284
c72_3,Type 073,3.8693505352188127,13.876172259938263
c72_4,Type 073,4.243215121295599,13.982795600082392
c72_5,Type 073,4.202334578796453,14.225567602688466
c72_6,Type 073,3.7605162958222205,14.266149535006832
c72_7,Type 073,3.6983610659622963,14.193306244262969
c72_8,Type 073,3.801715265152192,14.020602422825021
c72_9,Type 073,4.039630712528461,13.898716916792859
c72_10,Type 073,4.174487547949499,14.060340197626804
c72_11,Type 073,4.024533658388276,13.800004791134377
c72_12,Type 073,3.9469468812280764,14.188273516067873
c72_13,Type 073,4.516797890509634,14.270721967519814
c72_14,Type 073,3.9049844733353223,14.304066245435978
c72_15,Type 073,4.031034181622105,13.91343065767881
c72_16,Type 073,3.918859532688656,14.123785357671022
c72_17,Type 073,3.804237390674434,14.095401823481414
c72_18,Type 073,4.341357793077224,13.630079768814383
c72_19,Type 073,3.7054494246126284,14.072547170869427
c72_20,Type 073,4.136389844933909,13.98635876244503
c72_21,Type 073,4.2131008865043365,13.850950020083385
c72_22,Type 073,4.267270074188389,14.143783773851371
c72_23,Type 073,3.9317989657910357,14.47225873386057
c72_24,Type 073,4.171490948151803,13.868582203261658
c72_25,Type 073,3.714743486873872,13.950752149185993
c72_26,Type 073,4.199956852887426,13.917613241352244
c72_27,Type 073,3.6107890087737764,14.171621372360855
c72_28,Type 073,3.767035371603577,14.38805838537154
c72_29,Type 073,4.008609223174235,14.030748385087884
c72_30,Type 073,3.794361665142146,14.021625351360017
c72_31,Type 073,3.9037237761606316,13.870998859404821
c72_32,Type 073,3.906608566388699,13.541525593097562
c72_33,Type 073,3.9315086887651463,14.308064568296443
c72_34,Type 073,3.8513381107232187,13.93447757389595
c72_35,Type 073,4.070617772659021,14.34187330047702
c72_36,Type 073,4.216215060987698,13.889091177264447
c72_37,Type 073,3.9379439741227036,14.093036091437956
c72_38,Type 073,3.9634588474374457,14.076848556858405
c72_39,Type 073,3.8956940685020274,13.903827622378198
c72_40,Type 073,4.450605354649388,14.236303557074024
c72_41,Type 073,3.936513321831927,13.837154281669063
c72_42,Type 073,3.8350850278120805,13.863362261284765
c72_43,Type 073,3.8520921038469216,13.839018321734015
c72_44,Type 073,4.076727675468281,13.942474715292756
c73_0,Type 074,6.18785034912094,14.192802903504274
c73_1,Type 074,5.463372055624974,13.977608822100342
c73_2,Type 074,5.878817864985678,13.723144408782241
c73_3,Type 074,6.080276871846346,13.941334976141789
c73_4,Type 074,6.022693345074704,13.896399699223599
c73_5,Type 074,6.178014211128289,13.950753244646407
c73_6,Type 074,6.133126717186582,14.155894427910068
c73_7,Type 074,5.8633045615018835,13.762617971294052
c73_8,Type 074,6.175691697787733,13.8542734882203
c73_9,Type 074,6.317516647822117,13.932650417422403
c73_10,Type 074,5.85409532490565,13.902849408504462
c73_11,Type 074,5.745725508431589,13.557225677168788
c73_12,Type 074,6.095272281444323,14.122632794513923
c73_13,Type 074,5.912062736330312,13.613519800637114
c73_14,Type 074,6.215403635932336,14.184733620445817
c73_15,Type 074,5.975618474241477,14.17295601723653
c73_16,Type 074,5.9986596754092245,14.10304861888502
c73_17,Type 074,5.954249290677749,14.078463013363146
c73_18,Type 074,6.087651222238993,14.109323200588515
c73_19,Type 074,6.041198533680823,14.046787750567853
c73_20,Type 074,5.657256070436322,14.040014387091308
c73_21,Type 074,6.017136271900355,13.9113888173087
c73_22,Type 074,6.0225233641051314,14.052379611841866
c73_23,Type 074,5.7463656401081575,13.910046877429519
c73_24,Type 074,5.652234402194186,14.119140914202038
c73_25,Type 074,5.843521173192395,13.869930074542658
c73_26,Type 074,5.922860970157365,14.102682912252286
c73_27,Type 074,6.118389165309961,14.249997182384496
c73_28,Type 074,6.279188897409162,14.090792761140754
c73_29,Type 074,6.407176564018229,13.805389130748654
c73_30,Type 074,6.39639442577986,14.344175568976217
c73_31,Type 074,6.107114176293412,14.20159031461303
c73_32,Type 074,6.036419946763995,14.110601192510442
c73_33,Type 074,6.238978803211673,13.883967211489265
c73_34,Type 074,5.947538172235129,14.226731415285348
c73_35,Type 074,6.066950102409108,13.90847736930347
c73_36,Type 074,5.999835816727677,14.113003317331899
c73_37,Type 074,5.904085234750034,13.799166348582347
c73_38,Type 074,5.939269751101259,14.22135141504652
c73_39,Type 074,6.202300336570322,13.813492278667228
c73_40,Type 074,6.134706301207791,14.060017932773228
c73_41,Type 074,5.710758636280372,14.132187479746419
c73_42,Type 074,5.989877188674136,14.237598184109803
c73_43,Type 074,5.9381363709999455,13.981082262400042
c73_44,Type 074,5.979653213881673,14.083928576172141
c74_0,Type 075,8.068713165869653,13.879187753492834
c74_1,Type 075,8.1091419240944,14.12138372471591
c74_2,Type 075,7.778330931703067,14.339532657508144
c74_3,Type 075,7.80981351147789,13.882666313243087
c74_4,Type 075,7.59796847786258,13.765721489866571
c74_5,Type 075,8.015687818525798,13.77977791126355
c74_6,Type 075,8.22886190215828,13.870344487296947
c74_7,Type 075,7.870514607618642,14.245913882237469
c74_8,Type 075,8.003570847508591,13.99447672398369
c74_9,Type 075,7.930399861768104,13.856350021889133
c74_10,Type 075,8.27507639970471,13.796449481613434
c74_11,Type 075,8.467454287094101,13.807139860194383
c74_12,Type 075,7.889722665120118,13.865457041603532
c74_13,Type 075,7.667997039839001,14.116327621430655
c74_14,Type 075,8.37528772030493,14.056021801135723
c74_15,Type 075,7.657492227608252,14.183476151727248
c74_16,Type 075,7.486940102559682,14.234703587033978
c74_17,Type 075,7.732193794798311,14.229554586841637
c74_18,Type 075,8.016237303022004,13.828147858041895
c74_19,Type 075,8.140718662091713,14.1715898489579
c74_20,Type 075,7.822777903871508,14.12833155712472
c74_21,Type 075,7.946267492620625,13.842055076809334
c74_22,Type 075,7.7381072522087955,14.00825882644463
c74_23,Type 075,8.144674843504834,14.040375545643611
c74_24,Type 075,7.94122136196392,14.035982439307217
c74_25,Type 075,7.71367236436575,14.063591642975071
c74_26,Type 075,7.812796144333011,13.689395119691383
c74_27,Type 075,8.34805573490861,14.053277153794365
c74_28,Type 075,8.265334239604595,14.02357386809496
c74_29,Type 075,7.927665151847614,14.029625516461138
c74_30,Type 075,7.6619615884277765,13.995286550937754
c74_31,Type 075,7.9454621803123855,13.894155052737817
c74_32,Type 075,8.130519437647873,14.110375472829114
c74_33,Type 075,8.110718572684375,14.107632424430854
c74_34,Type 075,7.99300638118792,14.179727918069888
c74_35,Type 075,7.9828396123812135,14.160777822338918
c74_36,Type 075,7.81168763871147,13.730250899513262
c74_37,Type 075,8.054665491233273,13.948548507231749
c74_38,Type 075,7.923228045604868,13.866649848103917
c74_39,Type 075,7.887259097000694,13.801079053284749
c74_40,Type 075,7.713715776075392,13.907101265153448
c74_41,Type 075,8.157493785627128,13.843202143504273
c74_42,Type 075,7.788936131255635,13.588941043358867
c74_43,Type 075,7.9968484282729735,14.044409926821132
c74_44,Type 075,8.056359395090944,13.857673837840332
c75_0,Type 076,9.953517654588433,14.05616488840646
c75_1,Type 076,9.871347368132321,13.988312675301122
c75_2,Type 076,10.025432693737109,14.230708992495796
c75_3,Type 076,9.684822536393595,13.959344786857
c75_4,Type 076,9.924659243380237,13.985995300778834
c75_5,Type 076,9.921508370851605,14.295073466880257
c75_6,Type 076,10.08439520734485,13.809575985526092
c75_7,Type 076,10.146777871854907,14.099613560611715
c75_8,Type 076,10.102714953897728,14.0613028198139
c75_9,Type 076,9.698825236425005,14.04644482035488
c75_10,Type 076,9.580122161028365,14.06105434269215
c75_11,Type 076,10.227625329067145,13.982961161500931
c75_12,Type 076,9.673326223849802,13.992138854045
c75_13,Type 076,9.850920215605461,13.867494021121995
c75_14,Type 076,9.95285750503973,13.81980416881113
c75_15,Type 076,10.157471191435762,14.1957029944041
c75_16,Type 076,10.126557355922097,13.962336647331645
c75_17,Type 076,10.276515505754391,13.80748583414718
c75_18,Type 076,10.133120692286065,14.054570535176554
c75_19,Type 076,10.2046323685796,14.250934365787156
c75_20,Type 076,9.859369783628573,13.918466065953144
c75_21,Type 076,10.332078556761994,13.689147132219585
c75_22,Type 076,10.792074652006969,13.721676193058101
c75_23,Type 076,9.878402679769147,13.768326592654214
c75_24,Type 076,10.465528527576726,13.716060495015645
c75_25,Type 076,10.003190856737666,13.817898610754625
c75_26,Type 076,10.079698412444131,14.15632683950178
c75_27,Type 076,9.963074921086848,14.133414956443511
c75_28,Type 076,10.1042799370946,14.079474982205282
c75_29,Type 076,10.018773847573119,13.954193269473905
c75_30,Type 076,10.262908080972455,14.058689388573518
c75_31,Type 076,9.86983743964649,14.023203678183856
c75_32,Type 076,9.918739909643767,14.542689842078886
c75_33,Type 076,9.801336478144465,13.806519152761968
c75_34,Type 076,9.973676930254523,14.156114121445214
c75_35,Type 076,10.060463952694208,13.997927035050353
c75_36,Type 076,9.874938721831482,14.320521736873243
c75_37,Type 076,10.096749107441417,13.760507295695735
c75_38,Type 076,10.357693504402254,13.734608418211408
c75_39,Type 076,9.97432010522789,13.759463712160624
c75_40,Type 076,9.931991893437115,14.116020980003
c75_41,Type 076,9.878630980148593,13.696214452055754
c75_42,Type 076,9.882438422534236,14.125619537034089
c75_43,Type 076,9.814301873151052,14.212093868444915
c75_44,Type 076,9.856994128291618,14.195523954993876
c76_0,Type 077,11.966113902165443,13.727043254011825
c76_1,Type 077,11.710761544293659,13.789420512083144
c76_2,Type 077,11.977238186421893,13.81778301138341
c76_3,Type 077,12.13820499685219,14.010676553136303
c76_4,Type 077,12.007698796299819,13.48216358426324
c76_5,Type 077,11.621669898614588,13.780436637353768
c76_6,Type 077,12.160797688777347,14.088620679080528
c76_7,Type 077,11.940240947588766,13.670767757380831
c76_8,Type 077,12.13402301319461,13.895262912016586
c76_9,Type 077,12.322586814513134,13.902233384827666
c76_10,Type 077,11.91342583201971,13.823762549630892
c76_11,Type 077,11.858555470700257,13.877265254715386
c76_12,Type 077,12.265008137150923,13.925779872213871
c76_13,Type 077,12.11358247963786,13.885619216033334
c76_14,Type 077,12.301757851824437,14.066244527582933
c76_15,Type 077,11.640123621899894,14.18199318572403
c76_16,Type 077,11.766973411434414,13.851092147624708
c76_17,Type 077,12.042387165814949,13.85781188412279
c76_18,Type 077,11.874466102307817,14.159715180168167
c76_19,Type 077,12.1109482678712,13.788847354711363
c76_20,Type 077,12.05317093732497,14.183970748620172
c76_21,Type 077,12.042910842456534,13.82747672827852
c76_22,Type 077,11.559386687908388,14.096831189714266
c76_23,Type 077,11.826301411499031,13.792022986950258
c76_24,Type 077,11.758654694011339,14.004005636739295
c76_25,Type 077,11.663985128337655,14.130250215456346
c76_26,Type 077,11.621306930676033,14.05453668802685
c76_27,Type 077,11.977741611567795,14.063598224137278
c76_28,Type 077,12.022893894690792,13.858739249407783
c76_29,Type 077,11.699027650207983,14.018733586439925
c76_30,Type 077,11.745269533552468,14.041653744826045
c76_31,Type 077,11.981442447482959,14.270818968132886
c76_32,Type 077,12.045361867315838,13.621135247914014
c76_33,Type 077,11.944419932355983,14.214036865353592
c76_34,Type 077,11.973820829946657,13.698845892464066
c76_35,Type 077,12.060342492642258,14.205538088833585
c76_36,Type 077,11.703518181473314,14.259310249269099
c76_37,Type 077,11.798281124428389,13.601437888247535
c76_38,Type 077,12.032324733758234,14.148013743464396
c76_39,Type 077,12.266330832505009,14.032008064515562
c76_40,Type 077,12.269298273986642,14.471674781691869
c76_41,Type 077,11.828165418307709,14.182290076904952
c76_42,Type 077,12.15685115194038,14.01830159769211
c76_43,Type 077,11.782309016205563,13.781208852051803
c76_44,Type 077,11.666279458012388,13.800939857935685
c77_0,Type 078,13.952253065209534,13.677827772056665
c77_1,Type 078,14.018580764822339,13.750816720593788
c77_2,Type 078,14.076390829231839,14.171607522333453
c77_3,Type 078,14.391090814945715,13.91231319863013
c77_4,Type 078,14.11150666581175,13.889102071017021
c77_5,Type 078,14.241283783402583,13.665756794163872
c77_6,Type 078,13.966084506349086,13.498528337054907
c77_7,Type 078,13.562345734928554,13.934349551097899
c77_8,Type 078,14.005532254170486,13.745340690250183
c77_9,Type 078,13.988137933472508,13.8461562158831
c77_10,Type 078,14.248254800146386,14.508454903024486
c77_11,Type 078,14.154989836878258,13.751844616829786
c77_12,Type 078,13.845952160447888,14.369221073374968
c77_13,Type 078,13.605751794916436,13.697696273824558
c77_14,Type 078,13.522021268554026,14.087301175562601
c77_15,Type 078,13.614031927301655,14.067471432644163
c77_16,Type 078,13.976449860330993,14.102239241374068
c77_17,Type 078,13.919370347552043,13.97289496831868
c77_18,Type 078,14.061240130420995,14.209678581852655
c77_19,Type 078,14.046896100367537,14.121062668018627
c77_20,Type 078,13.936430392046665,14.004039211864965
c77_21,Type 078,14.226838591698659,13.711512233379878
c77_22,Type 078,13.784364720738905,13.92224613068428
c77_23,Type 078,13.897519782427786,13.956617058847558
c77_24,Type 078,13.831087378288347,13.581219187112607
c77_25,Type 078,13.675960320949068,14.010911536954834
c77_26,Type 078,13.688927805316588,14.155207777475969
c77_27,Type 078,13.830033830584787,13.789863884512116
c77_28,Type 078,14.069716924598403,13.931107862190684
c77_29,Type 078,14.334897356376395,13.860611247846558
c77_30,Type 078,14.082774364343635,14.098292160769388
c77_31,Type 078,14.045829640395402,13.537833384597173
c77_32,Type 078,13.507251829593859,13.907548005353068
c77_33,Type 078,13.663423792440112,13.890770626201684
c77_34,Type 078,14.120152263653493,13.743763861720865
c77_35,Type 078,14.003363545236024,13.840104811318378
c77_36,Type 078,14.02733717519306,14.144243564074747
c77_37,Type 078,14.126170241640136,14.078489102764575
c77_38,Type 078,13.896014671164837,13.655060949320402
c77_39,Type 078,14.078428728298888,14.155910806558273
c77_40,Type 078,13.850590313850761,13.765742770296098
c77_41,Type 078,14.051695026669407,14.205767911154432
c77_42,Type 078,14.079112955914301,13.966980228859557
c77_43,Type 078,13.868609251595636,13.853484018258925
c77_44,Type 078,13.923190054566474,13.976508538962909
c78_0,Type 079,16.151138235343154,14.176916049037398
c78_1,Type 079,16.02186252984648,14.054216437244262
c78_2,Type 079,16.225179249249592,14.15542827254724
c78_3,Type 079,15.650539961719607,13.9269365366393
c78_4,Type 079,15.960760937905398,14.223817349667797
c78_5,Type 079,15.544386560394816,13.837578798050984
c78_6,Type 079,15.899335681019968,14.331083954067172
c78_7,Type 079,15.869187801731679,13.969903959200701
c78_8,Type 079,15.858130397940524,13.99622046442444
c78_9,Type 079,15.73794912018494,13.77584232875382
c78_10,Type 079,15.981879320954963,14.07331488827243
c78_11,Type 079,15.82422990689448,14.107058533522814
c78_12,Type 079,16.159810816272024,13.931464169044723
c78_13,Type 079,16.094216638361182,13.831539853946063
c78_14,Type 079,15.906384081125786,13.93218517991463
c78_15,Type 079,15.927805786174934,14.60411987120759
c78_16,Type 079,16.100380942607718,13.935283791518318
c78_17,Type 079,15.483135413100818,13.787177128032308
c78_18,Type 079,15.868225140426006,13.559101367135854
c78_19,Type 079,16.07206955859608,14.147661354003548
c78_20,Type 079,16.20632499999361,13.863628581871206
c78_21,Type 079,16.242203945444658,13.845268811764704
c78_22,Type 079,15.892112563819186,13.90747273192021
c78_23,Type 079,16.053866532913148,14.303954101526173
c78_24,Type 079,16.093236132730468,14.223129611097223
c78_25,Type 079,16.23135638431069,13.614206562062463
c78_26,Type 079,15.726733044593203,14.56832157840805
c78_27,Type 079,16.119148540801888,13.906983856361858
c78_28,Type 079,15.703411721637915,13.887622403778238
c78_29,Type 079,16.111296045449432,13.946317327319719
c78_30,Type 079,15.965590563985348,14.067859426256064
c78_31,Type 079,16.15267160037572,14.079401495533112
c78_32,Type 079,15.892822995918266,13.976125556328272
c78_33,Type 079,15.821734448990792,13.957647571854341
c78_34,Type 079,16.051412195719664,13.910934340993645
c78_35,Type 079,16.098126729369838,14.306251709816136
c78_36,Type 079,15.879770978747187,14.008825801237528
c78_37,Type 079,16.177291794032246,14.022687424980223
c78_38,Type 079,16.196173411371557,14.013417323028808
c78_39,Type 079,16.114196021372887,14.019525947172985
c78_40,Type 079,15.998845202464308,13.912416764368759
c78_41,Type 079,15.967959271366743,14.12060530742112
c78_42,Type 079,15.601199504868148,13.800853990178766
c78_43,Type 079,16.35809592365979,14.087142203217583
c78_44,Type 079,15.805296696653562,14.03945789762544
c79_0,Type 080,18.233394051083437,14.148726643762847
c79_1,Type 080,18.197410791149608,14.30018299446381
c79_2,Type 080,17.8765332277607,14.177537112230501
c79_3,Type 080,17.92815481166035,13.839219745920332
c79_4,Type 080,17.85516252044035,14.136812957180094
c79_5,Type 080,18.158324507767755,14.175444607626867
c79_6,Type 080,18.270219648272835,13.754052946370173
c79_7,Type 080,18.099966856201636,14.325303657244477
c79_8,Type 080,17.922140714865844,13.760704705997153
c79_9,Type 080,18.088177320774165,13.986365118163965
c79_10,Type 080,17.92529060338701,13.787334950912395
c79_11,Type 080,17.913254714220816,14.219633796543848
c79_12,Type 080,17.94607069568118,14.03257702804766
c79_13,Type 080,17.794448132316468,13.829185787187795
c79_14,Type 080,18.00115330401433,13.751140942583806
c79_15,Type 080,17.95983215280881,13.971582881275994
c79_16,Type 080,17.809062294349083,14.250095735798887
c79_17,Type 080,17.866235425922216,13.783770734957844
c79_18,Type 080,17.745486168513082,14.040427270056734
c79_19,Type 080,17.899963219872706,13.830566403200907
c79_20,Type 080,17.807913582134276,14.206541126229615
c79_21,Type 080,17.866396482614494,14.091613284151775
c79_22,Type 080,17.99103118806512,13.86386890531917
c79_23,Type 080,17.927282269093286,13.837079677422476
c79_24,Type 080,18.12228105008289,13.92047205143286
c79_25,Type 080,17.93200320796786,13.806935167336157
c79_26,Type 080,17.866065385008465,13.84288743803505
c79_27,Type 080,18.093552032563828,14.106205908668873
c79_28,Type 080,17.932669873689598,14.07677650432098
c79_29,Type 080,18.0305532905675,14.121606545705168
c79_30,Type 080,17.838475797709652,14.26525826522782
c79_31,Type 080,17.59165404174125,14.073347481028007
c79_32,Type 080,18.027477629401726,14.160178694079626
c79_33,Type 080,18.07465279861194,14.108273869351786
c79_34,Type 080,18.107519666908612,13.893800264395276
c79_35,Type 080,18.0123259259407,14.0153487754669
c79_36,Type 080,17.91282170223595,13.989448777173076
c79_37,Type 080,18.11622182625652,13.913918505877149
c79_38,Type 080,18.160571965541997,13.755979687873234
c79_39,Type 080,17.679546985930738,13.771695216696804
c79_40,Type 080,17.951340722975416,14.497932257024503
c79_41,Type 080,18.109365886610092,13.992681984077393
c79_42,Type 080,17.933491567079148,14.038469862940373
c79_43,Type 080,18.178195442117556,13.90881796537974
c79_44,Type 080,18.234965814773965,13.788108960491517
c80_0,Type 081,0.2694232257986328,16.107590261436616
c80_1,Type 081,-0.0034324389402756034,16.04733366849051
c80_2,Type 081,0.22177508709633395,16.390277203594287
c80_3,Type 081,-0.05761707241042288,15.732683289765928
c80_4,Type 081,-0.25584371535660416,16.11099501555395
c80_5,Type 081,0.06669804535300515,15.824962673435358
c80_6,Type 081,0.8112678464817713,15.959557766976538
c80_7,Type 081,0.30789340952606226,16.04644935697265
c80_8,Type 081,-0.05020055133638758,16.08743302520479
c80_9,Type 081,0.13151880762046222,16.132287107356664
c80_10,Type 081,0.15590753447091935,16.075769906632164
c80_11,Type 081,-0.015016077304116443,16.209333380743054
c80_12,Type 081,0.17162497536285584,16.30979369062532
c80_13,Type 081,0.004365342527028788,16.063772615346252
c80_14,Type 081,-0.37357044099664183,16.38446060803003
c80_15,Type 081,0.11149297767748777,16.02824050520931
c80_16,Type 081,0.16442843352269113,16.117765341585358
c80_17,Type 081,-0.2696509095704801,15.891298001973942
c80_18,Type 081,0.14203049347427396,16.073783867469245
c80_19,Type 081,0.09816210625758023,16.1579408176144
c80_20,Type 081,0.06101568168070503,15.52721429389602
c80_21,Type 081,-0.0054975313508404365,15.972951029318493
c80_22,Type 081,-0.04056997971034815,16.05185134553886
c80_23,Type 081,0.06863599977665769,16.12136619094164
c80_24,Type 081,0.06874375201688562,16.363557427047162
c80_25,Type 081,-0.2665008313048303,16.09992035959898
c80_26,Type 081,0.18716360865894666,16.160599144707685
c80_27,Type 081,-0.006388059380924936,16.271465986638308
c80_28,Type 081,-0.05053119890864091,16.110607801441013
c80_29,Type 081,-0.012456057677223391,15.846562507294246
c80_30,Type 081,-0.13459831526798224,16.313641058534515
c80_31,Type 081,-0.12612496496207679,15.65789072761414
c80_32,Type 081,-0.3619641042462584,16.20536631303654
c80_33,Type 081,-0.08222295144287062,16.09064617321836
c80_34,Type 081,0.1514290718854815,16.4864326927543
c80_35,Type 081,-0.12174124577421881,15.893262501090911
c80_36,Type 081,0.17596769417734925,15.582601478054793
c80_37,Type 081,0.3701438629928522,15.644513632001072
c80_38,Type 081,-0.06196026895925724,15.845380900416682
c80_39,Type 081,-0.1690409727643656,15.931907642240393
c80_40,Type 081,0.1826669421293594,16.02081526968174
c80_41,Type 081,0.0371514862545265,16.03042930425128
c80_42,Type 081,0.030336727904556757,16.243511846771337
c80_43,Type 081,0.15973819638914988,16.496688418681924
c80_44,Type 081,-0.2114409911055565,16.048518172356196
c81_0,Type 082,2.0904522846014824,15.785509721880679
c81_1,Type 082,2.1234956839674695,16.241902630120734
c81_2,Type 082,1.8633751686033224,15.971701073417123
c81_3,Type 082,1.8930579137871946,16.034356888313077
c81_4,Type 082,1.8640862813986718,16.052319866779857
c81_5,Type 082,1.804315117654684,16.12163395520806
c81_6,Type 082,1.9743778279412691,16.388643958707778
c81_7,Type 082,1.9142627744970293,15.988538451899439
c81_8,Type 082,1.905335543200168,15.910125267550384
c81_9,Type 082,1.991637960022409,16.250094206878593
c81_10,Type 082,1.864059903435912,16.01173647995967
c81_11,Type 082,2.5998571044140104,16.264364495881537
c81_12,Type 082,1.9870436167257066,16.070690494499466
c81_13,Type 082,2.029349418933888,15.900758636544841
c81_14,Type 082,1.9002014925008217,16.280344731402234
c81_15,Type 082,2.0584829426121325,16.082767355292905
c81_16,Type 082,1.9092082231722365,16.068406797624522
c81_17,Type 082,2.1188183223695005,16.02684083834059
c81_18,Type 082,1.9030127467053548,16.09294828743355
c81_19,Type 082,2.2947437980277923,16.107449905344996
c81_20,Type 082,2.0007957969234007,15.873568151874155
c81_21,Type 082,1.8178617228150353,15.908444565193946
c81_22,Type 082,2.0586554503070333,15.892591691947045
c81_23,Type 082,2.2540357334031653,16.075034236965863
c81_24,Type 082,2.0425973924328713,15.87836895611301
c81_25,Type 082,1.8858945777228555,16.183266590321683
c81_26,Type 082,2.1807057921701354,15.924204686844078
c81_27,Type 082,2.08498478608251,16.126145429046318
c81_28,Type 082,2.004204989846045,15.602512254859946
c81_29,Type 082,1.882108866547873,15.846090990091414
c81_30,Type 082,1.9651678501886192,15.672982241032171
c81_31,Type 082,2.067897167559525,15.851866324678664
c81_32,Type 082,2.1258768112486,16.199437122715388
c81_33,Type 082,1.9341477843658936,16.158356935834398
c81_34,Type 082,1.8089609468493113,15.924011779680937
c81_35,Type 082,1.9644453313771768,16.032198661622356
c81_36,Type 082,2.2739573010497094,15.906321972804744
c81_37,Type 082,2.0313060763289332,15.937130969817996
c81_38,Type 082,1.9731838065371707,16.09965424686245
c81_39,Type 082,1.937985067918258,15.971353074193315
c81_40,Type 082,2.0893966414853113,16.38988439840019
c81_41,Type 082,1.588456476071312,15.74614572687354
c81_42,Type 082,2.410358580846465,16.038163071027487
c81_43,Type 082,2.326168580638117,15.575990296791156
c81_44,Type 082,2.0775394649077827,15.97902955865362
c82_0,Type 083,3.999171539558799,15.935248180803312
c82_1,Type 083,4.127136518973723,16.092821114443375
c82_2,Type 083,4.055140181214656,16.521901419009353
c82_3,Type 083,4.160995631200469,15.893037832155203
c82_4,Type 083,3.8710779987019874,15.732656335217586
c82_5,Type 083,3.7669320015064627,15.834606948354274
c82_6,Type 083,4.013652337592507,15.868853750631573
c82_7,Type 083,3.9797589732162715,16.479502795034293
c82_8,Type 083,3.909722759106046,15.862594805405188
c82_9,Type 083,4.049444682239008,15.87551434510689
c82_10,Type 083,4.0379096433304404,16.030647952752567
c82_11,Type 083,3.969322561117867,15.843956934198516
c82_12,Type 083,3.8613488911486127,15.937114126305854
c82_13,Type 083,3.988466751556559,16.12026211096389
c82_14,Type 083,3.8251527550150057,16.041771975107512
c82_15,Type 083,4.060916714365028,15.68489576857365
c82_16,Type 083,4.469439915349764,15.890965844347418
c82_17,Type 083,3.9759517479057815,15.562485250740355
c82_18,Type 083,4.158984446617224,16.08125105619708
c82_19,Type 083,4.144148274009355,15.850797593250324
c82_20,Type 083,3.9999414449178206,15.824894757082886
c82_21,Type 083,4.1512767710935465,16.03462533563261
c82_22,Type 083,3.8918699857812653,16.06198151465087
c82_23,Type 083,3.955683937484073,15.9393549913623
c82_24,Type 083,3.8868048382241294,15.939718148224193
c82_25,Type 083,4.41034707660694,15.7195304611876
c82_26,Type 083,4.02065689618731,15.854865144107572
c82_27,Type 083,3.5797493672447214,15.52842763478699
c82_28,Type 083,3.6412576018911187,16.008857935531307
c82_29,Type 083,3.560287850057244,16.013016513459146
c82_30,Type 083,3.8936091355933686,15.85981056582488
c82_31,Type 083,4.016806617674155,16.02613754741426
c82_32,Type 083,4.019575406099134,15.856613656226976
c82_33,Type 083,4.331481546446189,15.796962071251462
c82_34,Type 083,4.088282677121094,16.32548113531318
c82_35,Type 083,3.900767579481435,15.806045331910163
c82_36,Type 083,3.9865947653873315,15.637247178876427
c82_37,Type 083,4.041958332108298,16.161920837651316
c82_38,Type 083,3.9577361920601697,16.35131987903715
c82_39,Type 083,4.112351698329651,16.03398393204688
c82_40,Type 083,3.9415173602242297,15.880830927352115
c82_41,Type 083,4.367368175672838,16.164939725100815
c82_42,Type 083,3.9909592516094645,16.06904555478691
c82_43,Type 083,4.059425566772055,16.236647670062602
c82_44,Type 083,3.885364574120544,16.08572950089195
c83_0,Type 084,5.984902374788402,16.099740838054302
c83_1,Type 084,5.799016151975223,15.881056248668786
c83_2,Type 084,5.984745263471654,15.894818827543205
c83_3,Type 084,5.920054456564657,15.636742550723568
c83_4,Type 084,6.0952910545945445,16.218748161795958
c83_5,Type 084,5.722445923014978,15.618477193657958
c83_6,Type 084,5.982860982141176,15.86845573843906
c83_7,Type 084,6.0720944981976706,15.934367719360761
c83_8,Type 084,6.298042696713305,15.92869589896521
c83_9,Type 084,5.935515743016347,16.141717143169565
c83_10,Type 084,6.097657476244863,15.918588341134136
c83_11,Type 084,5.776662448878598,15.820831791329889
c83_12,Type 084,6.265004260186685,16.303106416920723
c83_13,Type 084,5.8135122349892026,15.724584909635613
c83_14,Type 084,5.829693659717243,15.975041103317155
c83_15,Type 084,5.980161341385458,16.271720995120944
c83_16,Type 084,6.286199085474588,15.735094742361387
c83_17,Type 084,6.0817830178047085,15.92130460754607
c83_18,Type 084,5.702200459214302,16.010682766709827
c83_19,Type 084,6.01381290500626,15.72508683895145
c83_20,Type 084,6.022023246187619,15.867909244252795
c83_21,Type 084,5.617205289648227,15.916477025690142
c83_22,Type 084,5.804041727616017,15.884253847767889
c83_23,Type 084,6.11936719236312,16.374302260660205
c83_24,Type 084,6.132902043127089,16.1610626402966
c83_25,Type 084,6.228157083551619,16.13415386448478
c83_26,Type 084,5.782420721056036,16.041341901413965
c83_27,Type 084,5.919832023684643,15.926547739448154
c83_28,Type 084,5.881290035875086,15.78122196553147
c83_29,Type 084,5.9667762886741835,16.059976647218612
c83_30,Type 084,5.5270039166066205,15.77300922189718
c83_31,Type 084,5.606443536739014,16.186286073196307
c83_32,Type 084,6.343073147307436,16.162525943602226
c83_33,Type 084,5.885578210861908,16.094142348715028
c83_34,Type 084,6.2289198037279485,15.99239963178484
c83_35,Type 084,6.2131454645508795,16.266659366041065
c83_36,Type 084,6.051658305074062,15.919041200297103
c83_37,Type 084,5.933581321439433,16.03175593693589
c83_38,Type 084,5.892260284194053,16.091889961133916
c83_39,Type 084,5.7374529771705856,15.914037135143888
c83_40,Type 084,6.108821521545353,15.880782514794191
c83_41,Type 084,5.703299149637931,15.777040963743252
c83_42,Type 084,5.868391550557857,16.078948064843445
c83_43,Type 084,5.998776670118538,16.332407767240575
c83_44,Type 084,5.966461122165131,16.13704890917849
c84_0,Type 085,7.691448203788624,16.076382334246837
c84_1,Type 085,8.02856463959527,15.777236705492724
c84_2,Type 085,7.979780949502545,15.8883284392766
c84_3,Type 085,7.731229821596854,15.889716854034365
c84_4,Type 085,7.885895340785688,15.90072605045442
c84_5,Type 085,8.152782940913838,15.901447466048065
c84_6,Type 085,7.991708505899348,16.1621777731103
c84_7,Type 085,8.267823561160215,16.123059465006065
c84_8,Type 085,8.149075142928961,16.242066298456614
c84_9,Type 085,8.10128573157077,16.075976492277757
c84_10,Type 085,7.9621335282334735,16.107473809825557
c84_11,Type 085,8.163459909674387,16.253423825612746
c84_12,Type 085,8.125796997688761,16.02748397557054
c84_13,Type 085,8.080586703017374,15.99281484137207
c84_14,Type 085,7.895668011334735,16.37323705794745
c84_15,Type 085,8.123751687419706,15.858628783444786
c84_16,Type 085,7.848026298099555,15.904820071824364
c84_17,Type 085,8.22720157998358,15.972352333515271
c84_18,Type 085,8.209387923765824,16.107425274899057
c84_19,Type 085,8.19376279628944,15.907935064259306
c84_20,Type 085,7.975640097071722,16.00029759964432
c84_21,Type 085,7.802167538436883,16.343118817967692
c84_22,Type 085,8.08486559537816,16.38186673341377
c84_23,Type 085,7.62353284047533,15.89776115252662
c84_24,Type 085,8.059670281346467,15.705177436352493
c84_25,Type 085,7.845446079888532,15.976122712789671
c84_26,Type 085,8.29535208474945,15.615501477015282
c84_27,Type 085,7.5012469840408444,15.84746033302397
c84_28,Type 085,7.509694119206101,15.697072641053678
c84_29,Type 085,8.343097774726383,15.74208602428481
c84_30,Type 085,8.140752317695892,16.171798523176577
c84_31,Type 085,7.329212104396068,15.621882407926195
c84_32,Type 085,8.391560162776722,15.9539991462189
c84_33,Type 085,8.075548022602826,15.93798518631765
c84_34,Type 085,8.012802484541616,15.724725955654632
c84_35,Type 085,7.713992109651291,16.050781550304208
c84_36,Type 085,7.852141360900074,16.093629768883854
c84_37,Type 085,8.569177143791617,16.020291180286755
c84_38,Type 085,8.199516710855507,16.21897064813759
c84_39,Type 085,7.79061935451297,15.686097302041388
c84_40,Type 085,7.837671663539678,15.75747654299863
c84_41,Type 085,7.880038134590954,15.704714383735226
c84_42,Type 085,7.935947769048012,15.555013013626063
c84_43,Type 085,8.237937913157095,15.621115266588859
c84_44,Type 085,8.057384700403455,15.758872595869208
c85_0,Type 086,9.857732747156756,16.163437831422215
c85_1,Type 086,10.261879112116178,15.780470326188462
c85_2,Type 086,9.925340859073586,16.05841656934328
c85_3,Type 086,10.221105716159888,15.826771403086765
c85_4,Type 086,10.055956774969912,15.986432145573046
c85_5,Type 086,10.271920950627978,15.945748793616335
c85_6,Type 086,10.009693143874658,15.887689675266909
c85_7,Type 086,10.172199889046109,16.309835043107455
c85_8,Type 086,9.927491215289017,16.22569656074111
c85_9,Type 086,10.19233500021553,15.823744996865278
c85_10,Type 086,9.593985900300181,16.06784138162037
c85_11,Type 086,10.10962295636021,16.02057229463147
c85_12,Type 086,9.868625703492613,15.871304705017483
c85_13,Type 086,9.970035931090234,15.927487237969142
c85_14,Type 086,10.086519416695136,15.963205538945633
c85_15,Type 086,10.204374331589882,15.46388162346238
c85_16,Type 086,9.86434290122836,16.188056170915882
c85_17,Type 086,10.296317894822465,15.68471636168185
c85_18,Type 086,10.256494953024061,16.325162375499893
c85_19,Type 086,9.936108883886256,15.950390202706755
c85_20,Type 086,10.131318178244172,16.21208373414911
c85_21,Type 086,9.776463434482125,16.11173763168092
c85_22,Type 086,9.788773459756944,15.470357251361714
c85_23,Type 086,10.108319089598277,15.677454726423415
c85_24,Type 086,10.385870670497562,16.02275518518508
c85_25,Type 086,9.72960752220126,16.151513400574167
c85_26,Type 086,10.122386674283218,16.156976065441402
c85_27,Type 086,9.905331609999466,15.994557035365593
c85_28,Type 086,9.965145362138935,15.751967479571404
c85_29,Type 086,10.061271199811992,16.00429322019184
c85_30,Type 086,10.129069245232788,15.546696537818649
c85_31,Type 086,10.300843439492136,15.637350269744822
c85_32,Type 086,9.8558668407928,16.356256929565944
c85_33,Type 086,9.891754164833637,16.022918699037383
c85_34,Type 086,10.02455453502512,16.057947746319012
c85_35,Type 086,10.037010617181691,16.198340612102204
c85_36,Type 086,10.096329728071272,16.060733983387504
c85_37,Type 086,9.9868159969161,15.751633387228175
c85_38,Type 086,9.937986038081156,15.815350277171467
c85_39,Type 086,9.8580147524946,16.199341496389433
c85_40,Type 086,10.159707466950431,16.319299655785322
c85_41,Type 086,9.734928569329375,16.18458599700401
c85_42,Type 086,10.587512546175022,16.074968015869448
c85_43,Type 086,9.785586413286602,15.983060787483774
c85_44,Type 086,10.254653543262009,16.1276835953715
c86_0,Type 087,12.031816048813761,15.789975260190692
c86_1,Type 087,11.938554613309293,15.918664604180798
c86_2,Type 087,12.104054499053039,16.200898848461453
c86_3,Type 087,12.132916379235605,16.097375089160774
c86_4,Type 087,12.251316914260558,15.89259205301072
c86_5,Type 087,11.719431071189018,15.884816312645247
c86_6,Type 087,12.122376597292298,16.08136348523479
c86_7,Type 087,11.424670582691967,16.14448585335847
c86_8,Type 087,12.277205940504306,15.886552219938482
c86_9,Type 087,12.179872317923094,16.30545463505235
c86_10,Type 087,12.097656392539418,16.440292978223155
c86_11,Type 087,11.961594972236774,15.852400999887323
c86_12,Type 087,12.005868022941412,16.180893666063085
c86_13,Type 087,11.992704402983808,16.092374369824743
c86_14,Type 087,12.477441576470147,15.875502601189652
c86_15,Type 087,12.01306764361864,16.42676825777187
c86_16,Type 087,12.238988114266018,16.146603103184756
c86_17,Type 087,12.136957105897345,15.868568232150649
c86_18,Type 087,12.05206059570536,15.911832097230088
c86_19,Type 087,12.035039815738996,16.00271137907102
c86_20,Type 087,11.892468190842965,15.683259832278141
c86_21,Type 087,11.58919881265027,16.354430424374605
c86_22,Type 087,11.962479783701683,16.11050602976125
c86_23,Type 087,12.135452587537403,16.363694415228125
c86_24,Type 087,12.561134221766922,15.840725410825804
c86_25,Type 087,12.435650942757098,16.191184964985148
c86_26,Type 087,12.211956295675538,15.939562803490952
c86_27,Type 087,12.09515337013445,15.639852445416295
c86_28,Type 087,11.858099734547755,16.05484586420078
c86_29,Type 087,12.070828050778081,16.175425415463835
c86_30,Type 087,12.406660697826041,16.071701260422614
c86_31,Type 087,12.0214306258847,15.969354628344341
c86_32,Type 087,12.210113890177036,16.172302457796444
c86_33,Type 087,11.839126275479893,15.975455685268699
c86_34,Type 087,12.18368188425779,16.15287873613972
c86_35,Type 087,12.133852680399285,16.010244912420344
c86_36,Type 087,11.995180677962974,15.616588410919599
c86_37,Type 087,11.98660832622958,16.0667465091206
c86_38,Type 087,12.225549189243917,16.155105397346052
c86_39,Type 087,12.057243424697685,16.3537372063111
c86_40,Type 087,12.225112468087614,15.840055374976513
c86_41,Type 087,11.575866511729,15.64754283677402
c86_42,Type 087,12.001199690838156,15.858459613726538
c86_43,Type 087,11.917394967367532,15.97281743704955
c86_44,Type 087,11.982619953501933,16.0578720606713
c87_0,Type 088,14.101655390446755,15.748729764146155
c87_1,Type 088,13.889687183146394,16.013107349616128
c87_2,Type 088,14.048095024623096,15.77255152710319
c87_3,Type 088,13.641481673455036,15.880347880941212
c87_4,Type 088,14.021086390453581,15.850166035951586
c87_5,Type 088,14.145382990807228,15.809728941156756
c87_6,Type 088,14.05737067115232,15.805418537918626
c87_7,Type 088,14.09834746134176,15.971798413319531
c87_8,Type 088,14.014685959410878,16.018137615850236
c87_9,Type 088,13.97120490465392,15.845721160090498
c87_10,Type 088,14.247119376136324,16.09300039033312
c87_11,Type 088,13.672976058507444,16.280141898947505
c87_12,Type 088,14.0318363888083,16.07765837177272
c87_13,Type 088,13.993133973884731,16.270680355442426
c87_14,Type 088,13.925303984947652,16.023886246009013
c87_15,Type 088,13.851456380549086,15.863675377511932
c87_16,Type 088,14.000994955739591,16.064888831199145
c87_17,Type 088,14.22003827315629,15.939069318040337
c87_18,Type 088,13.967229198571857,15.999742572985374
c87_19,Type 088,13.995177396824248,15.912020645607146
c87_20,Type 088,13.79434440112936,16.149308454618478
c87_21,Type 088,13.843982401778877,15.902775588074824
c87_22,Type 088,13.796573842565923,16.144138325124235
c87_23,Type 088,14.021495108053198,16.00561939662097
c87_24,Type 088,13.501948599526798,16.064138840852664
c87_25,Type 088,14.216132045401624,16.118601943781997
c87_26,Type 088,14.235945271860883,15.932691912603088
c87_27,Type 088,13.933873922024853,16.069481589326877
c87_28,Type 088,13.896503672510816,16.26315938473149
c87_29,Type 088,13.701127710756943,15.752453072494138
c87_30,Type 088,14.216046425434431,16.106164448660735
c87_31,Type 088,14.12585618460171,16.133451504370033
c87_32,Type 088,13.605615710400198,16.53980313452693
c87_33,Type 088,13.983478121091489,15.90682899888797
c87_34,Type 088,14.058404907233639,16.120841294323693
c87_35,Type 088,13.926874112558867,16.360260847076244
c87_36,Type 088,13.899152136343307,15.874084301670626
c87_37,Type 088,14.057341103683342,16.08489681424174
c87_38,Type 088,14.54448215069002,16.227118582284092
c87_39,Type 088,14.147981988495884,15.883990369555011
c87_40,Type 088,13.814481161609747,15.783426952463778
c87_41,Type 088,14.076222135919927,16.07255851295361
c87_42,Type 088,13.863910190197112,16.12213695104988
c87_43,Type 088,13.801490243512506,16.104413077244153
c87_44,Type 088,14.090314255658084,15.681058862358588
c88_0,Type 089,16.0244799579544,15.836894759305885
c88_1,Type 089,15.779797842290103,16.12223840829841
c88_2,Type 089,15.859177793873771,16.056994604295568
c88_3,Type 089,15.981003406833274,16.023171558960758
c88_4,Type 089,15.781670473519688,15.997348429386177
c88_5,Type 089,16.491426981993605,16.007354272046477
c88_6,Type 089,15.99270274958834,15.831055819256159
c88_7,Type 089,15.999052092903256,15.760047687010935
c88_8,Type 089,16.048214394059144,16.154371015699443
c88_9,Type 089,15.703513513724308,16.076912936662087
c88_10,Type 089,15.822660292789836,15.945197864326897
c88_11,Type 089,15.942042377488614,15.988627741726592
c88_12,Type 089,15.756672083049619,15.658453997747555
c88_13,Type 089,15.927350720530013,16.03154138644692
c88_14,Type 089,16.02038267823783,15.797462186611027
c88_15,Type 089,15.829527229058774,16.32718928615472
c88_16,Type 089,16.41562021256887,16.295007429155454
c88_17,Type 089,15.960735088354213,15.828906022489186
c88_18,Type 089,16.003682052520265,16.144340158072307
c88_19,Type 089,15.883901387603045,16.184933101588072
c88_20,Type 089,15.794221091014363,16.08105668949659
c88_21,Type 089,15.947262612195589,15.69330176569126
c88_22,Type 089,15.703819211694238,15.911145916348898
c88_23,Type 089,16.045316766007538,15.799204792588624
c88_24,Type 089,15.909425559866795,16.352271141900964
c88_25,Type 089,15.865646938423097,16.36866427906584
c88_26,Type 089,16.30772815443645,16.136924652074395
c88_27,Type 089,16.048396596660524,15.905509538326587
c88_28,Type 089,16.038438998650797,16.017321492257057
c88_29,Type 089,16.021846823356377,16.2249210984613
c88_30,Type 089,15.88273197103614,16.00157939146267
c88_31,Type 089,15.79462944749038,15.759898890360848
c88_32,Type 089,15.770951252333736,15.965652186140955
c88_33,Type 089,15.944372645317946,15.826464418032513
c88_34,Type 089,16.050747497422932,15.956772293254879
c88_35,Type 089,15.805815689307357,16.07918622752241
c88_36,Type 089,16.061678101628768,15.958377112457919
c88_37,Type 089,15.886054980956054,16.034749380080992
c88_38,Type 089,16.258338797553115,16.001882745981312
c88_39,Type 089,15.831060518225767,16.325578802139777
c88_40,Type 089,15.931352057654422,15.758345232239307
c88_41,Type 089,15.96120039879067,15.891771279727353
c88_42,Type 089,15.994965040342965,15.817561925654646
c88_43,Type 089,16.1647836403555,15.855780434277328
c88_44,Type 089,16.157780100630127,16.098645927975383
c89_0,Type 090,18.2885603643388,16.082455682282994
c89_1,Type 090,17.82770228735435,15.821898442263292
c89_2,Type 090,18.173200926485574,15.961603516437213
c89_3,Type 090,18.15947278783275,15.702655574047917
c89_4,Type 090,17.62327713314587,15.817525016811208
c89_5,Type 090,18.40561771398292,16.042402442067427
c89_6,Type 090,18.26066487685577,16.07871193375557
c89_7,Type 090,18.074372310876655,15.810304914086782
c89_8,Type 090,17.754730375464643,16.055017139867964
c89_9,Type 090,18.429443910225295,16.30516144389815
c89_10,Type 090,18.000509039498798,16.22647614576717
c89_11,Type 090,17.56985718091488,16.065958051796404
c89_12,Type 090,17.75861410006681,16.198038664359757
c89_13,Type 090,17.700832934120307,15.911036584228462
c89_14,Type 090,18.006402138490294,16.025305093000306
c89_15,Type 090,17.855328769179362,16.203560780830816
c89_16,Type 090,18.022942022377503,15.984801936713216
c89_17,Type 090,17.782444146228542,15.55181197912947
c89_18,Type 090,17.733862194188198,16.113988534794064
c89_19,Type 090,17.953845094802386,16.04471400986128
c89_20,Type 090,18.37360125864828,15.936499842395538
c89_21,Type 090,17.707970092919652,16.213365277149276
c89_22,Type 090,18.003914470992168,16.3021468243727
c89_23,Type 090,17.896519176726095,15.755429258492756
c89_24,Type 090,18.17669674889312,15.879820635910898
c89_25,Type 090,17.822357953309453,15.942164899731498
c89_26,Type 090,18.232756118292347,15.978170417617617
c89_27,Type 090,18.061427730254827,16.147788771613776
c89_28,Type 090,18.218488814014343,15.8814065951281
c89_29,Type 090,17.878309649561857,16.02177474222129
c89_30,Type 090,18.11963955059591,16.11482224841851
c89_31,Type 090,17.949291193013092,15.946028016177838
c89_32,Type 090,18.21948920758151,15.706235588422814
c89_33,Type 090,17.89419395223193,16.206583486418594
c89_34,Type 090,18.069359067097665,15.823337172341562
c89_35,Type 090,18.122590029216983,16.31124107396329
c89_36,Type 090,18.133057922733343,16.30239676709218
c89_37,Type 090,17.693902846120874,15.995997347962657
c89_38,Type 090,17.95970762970313,15.992416056445826
c89_39,Type 090,17.91923792082781,15.94155202698187
c89_40,Type 090,17.866419888381472,16.02052706692145
c89_41,Type 090,18.063247468314295,15.890766363669885
c89_42,Type 090,17.910564926207115,15.560616336567769
c89_43,Type 090,17.761241070565127,16.111726657851822
c89_44,Type 090,17.74763361816641,15.987370208724814
c90_0,Type 091,-0.27314603513106234,17.999328169173616
c90_1,Type 091,-0.07184994391384412,17.83047627261131
c90_2,Type 091,-0.1164246033352806,18.52158096676235
c90_3,Type 091,-0.3164038777366779,17.940381297716264
c90_4,Type 091,-0.0403674113686784,18.02361677569092
c90_5,Type 091,-0.3688838801089866,17.932984045988505
c90_6,Type 091,-0.09459440776672334,18.24665141868754
c90_7,Type 091,0.07257258770395783,18.093302252072604
c90_8,Type 091,-0.11348167624180823,18.200244887634426
c90_9,Type 091,-0.22204141020888166,18.13005100483728
c90_10,Type 091,0.03935090483038713,18.17979457483184
c90_11,Type 091,-0.2658840235258341,17.993867289858837
c90_12,Type 091,-0.23595723108619937,17.724682924015553
c90_13,Type 091,0.4358578793298283,17.96747668905275
c90_14,Type 091,-0.28855457831133363,17.62162992533194
c90_15,Type 091,0.06569603945706101,18.21500418402075
c90_16,Type 091,-0.30329073951955,17.817563728345036
c90_17,Type 091,0.05959235630978981,17.679262726509915
c90_18,Type 091,0.37445170009279605,18.019399730177287
c90_19,Type 091,0.14320980789854462,17.963343823946484
c90_20,Type 091,-0.090373478101678,17.94114344771993
c90_21,Type 091,-0.39632621716387906,17.6422535250319
c90_22,Type 091,-0.008301372185502073,18.11084436807006
c90_23,Type 091,0.21412535858977086,18.05915298362301
c90_24,Type 091,-0.5670498733426103,17.5361486059384
c90_25,Type 091,0.2594617653875928,18.06626244934823
c90_26,Type 091,-0.27150409466307995,17.968483367064884
c90_27,Type 091,0.10227907103399825,18.089824768140932
c90_28,Type 091,-0.5188478990122996,17.81903973753451
c90_29,Type 091,-0.06561352760351831,18.304078654401106
c90_30,Type 091,0.2546781677878945,18.243142358155293
c90_31,Type 091,-0.013206433720859417,18.077617987453287
c90_32,Type 091,-0.2433778308186431,18.00029870956744
c90_33,Type 091,0.024615373225809006,17.985804677492368
c90_34,Type 091,0.08494265017310759,17.71897618497312
c90_35,Type 091,-0.11215104670612785,18.069043923173606
c90_36,Type 091,-0.3268359343057174,18.385392863634756
c90_37,Type 091,0.18014678143691287,18.027459077669196
c90_38,Type 091,0.3861464032713076,17.7673660097018
c90_39,Type 091,0.3863719923073809,18.13168721581534
c90_40,Type 091,0.14972757718690202,17.962303825558994
c90_41,Type 091,-0.09834907786352408,18.2797007109915
c90_42,Type 091,0.0326819840105072,17.950169586699154
c90_43,Type 091,-0.023596356627488494,17.950710955298277
c90_44,Type 091,0.6379379542808676,18.06448062325626
c91_0,Type 092,2.2695896282886556,17.739301980878906
c91_1,Type 092,2.1916944351640133,18.005145791045624
c91_2,Type 092,1.7305159434754067,18.19802665107673
c91_3,Type 092,2.064601193223318,18.185925465829893
c91_4,Type 092,1.7953012923724765,17.892809674136775
c91_5,Type 092,1.9410972949210628,17.816392520810478
c91_6,Type 092,1.9985373316576087,17.718325932746335
c91_7,Type 092,2.0513328061289124,17.99207065248248
c91_8,Type 092,1.9305005453936108,17.94428238255461
c91_9,Type 092,2.126496037053291,18.199780182663602
c91_10,Type 092,2.0979910802038693,18.0613707444106
c91_11,Type 092,1.8210722777814616,17.94593264026424
c91_12,Type 092,1.9528167813548212,17.949822573132458
c91_13,Type 092,1.8933913914247815,17.955317987783832
c91_14,Type 092,1.8055472091887628,17.54612076827947
c91_15,Type 092,1.724783787752438,17.92844986598284
c91_16,Type 092,1.9560101772600678,18.32633792643016
c91_17,Type 092,1.8679038749626222,18.22029187275054
c91_18,Type 092,1.7032685680252735,18.138327985007763
c91_19,Type 092,1.8478762465813285,18.056505563827724
c91_20,Type 092,2.1583638287022238,17.74774249795273
c91_21,Type 092,1.9505847928667697,18.020874726998855
c91_22,Type 092,2.17200145680398,17.70536869979314
c91_23,Type 092,1.9036436735450126,18.108308441731033
c91_24,Type 092,1.9856375608356782,18.08526344223499
c91_25,Type 092,2.25112847356328,17.94147394626053
c91_26,Type 092,1.9309748763155226,17.791168297849357
c91_27,Type 092,1.8832257248783764,17.973070953583907
c91_28,Type 092,2.00258951116003,17.672547960773237
c91_29,Type 092,2.1968753131833396,17.929826253270438
c91_30,Type 092,1.866314748846733,18.095343011928435
c91_31,Type 092,2.0129222054020737,18.16862504715544
c91_32,Type 092,1.7224581632986298,18.205739439821247
c91_33,Type 092,1.9405298335234717,17.930796375152447
c91_34,Type 092,1.5875346734871707,17.837581155894252
c91_35,Type 092,2.112587496135618,17.89671732376484
c91_36,Type 092,1.7902538937128905,17.734400177347926
c91_37,Type 092,1.9033357592883602,18.26295132638219
c91_38,Type 092,1.9966086325169716,17.97472026431406
c91_39,Type 092,2.1006114573818415,18.37572496868661
c91_40,Type 092,1.7829288797251366,17.992928777736683
c91_41,Type 092,1.7865764119000287,18.30218140197471
c91_42,Type 092,1.8529428884787056,18.011447792348303
c91_43,Type 092,1.9746027218190751,17.80315276849768
c91_44,Type 092,1.9786212205414548,18.005556387096107
c92_0,Type 093,3.9428237328636344,18.208370123348065
c92_1,Type 093,4.063809065890573,18.212063622500626
c92_2,Type 093,3.941368995195472,18.064073828732944
c92_3,Type 093,3.904747847287484,18.350499739467633
c92_4,Type 093,4.240815713417657,17.882153151749996
c92_5,Type 093,3.7583032996647607,17.9066562258449
c92_6,Type 093,4.249361146133477,18.03328372270072
c92_7,Type 093,3.805622637288381,17.869069977914023
c92_8,Type 093,4.109676106498907,18.021530592798214
c92_9,Type 093,4.0287085359556585,18.312750415364462
c92_10,Type 093,3.9989717652279912,17.937670222770258
c92_11,Type 093,3.8397978553998433,17.810826627287547
c92_12,Type 093,3.94277783556464,17.709620484092007
c92_13,Type 093,4.212222106466802,17.98306174856947
c92_14,Type 093,3.835137784410549,17.91126173386491
c92_15,Type 093,3.6331286104129408,17.929503556298492
c92_16,Type 093,3.9305045137505696,18.079946004233474
c92_17,Type 093,4.0758636091017415,17.9790003022373
c92_18,Type 093,3.721236797347987,17.866442842698838
c92_19,Type 093,3.9874290486481883,17.86785106676025
c92_20,Type 093,3.915501643455741,18.016599338293123
c92_21,Type 093,4.043491521535291,17.90239188325598
c92_22,Type 093,3.9454354163995418,18.054348316659762
c92_23,Type 093,4.0585069246706365,18.072407486905124
c92_24,Type 093,4.3260911518297345,18.118262566448525
c92_25,Type 093,3.9760153940315712,17.987239966231993
c92_26,Type 093,4.285722108877365,18.059996161291654
c92_27,Type 093,4.395260186214594,17.862218819490117
c92_28,Type 093,4.241155417963226,18.261729970392615
c92_29,Type 093,3.9294500788212825,17.914005705721905
c92_30,Type 093,4.1766721910405495,18.01125378622378
c92_31,Type 093,3.599066995499415,17.953016046358535
c92_32,Type 093,3.852659898202967,17.97846958822494
c92_33,Type 093,4.0386861505249305,17.691257033822147
c92_34,Type 093,3.9639871684760117,18.00050479259094
c92_35,Type 093,4.073118086205491,18.00167551795789
c92_36,Type 093,4.005700883342069,18.021301694641544
c92_37,Type 093,3.960758626884023,18.246174763394407
c92_38,Type 093,3.9087864503386234,18.37056173649678
c92_39,Type 093,3.795321648116858,17.774426149691433
c92_40,Type 093,3.970743351032662,18.22055260184188
c92_41,Type 093,3.805990561431387,17.814906336757442
c92_42,Type 093,3.9456112633832015,18.338086148255623
c92_43,Type 093,4.029591282647474,17.756789633168452
c92_44,Type 093,3.97508399444767,17.996151500249457
c93_0,Type 094,6.112266165555553,18.291996610607807
c93_1,Type 094,6.11644860246445,17.90039272527773
c93_2,Type 094,5.7525028428145575,17.967415397893255
c93_3,Type 094,5.9770495760039095,18.073537580060535
c93_4,Type 094,6.251316033924243,18.102237893046674
c93_5,Type 094,6.024679682966106,18.181981458141056
c93_6,Type 094,6.125370121421035,17.82494677428414
c93_7,Type 094,5.845459924135284,18.30528206491737
c93_8,Type 094,5.912894023314917,18.08710302331991
c93_9,Type 094,5.844843617201424,18.12376306264846
c93_10,Type 094,5.801257966015136,18.185634305840317
c93_11,Type 094,6.238961950769091,17.764632360299117
c93_12,Type 094,6.0917569887923735,18.07582446600837
c93_13,Type 094,5.99407222449575,17.92436774462638
c93_14,Type 094,6.083810571404693,18.38526016321422
c93_15,Type 094,5.966277667814752,17.786160037382707
c93_16,Type 094,5.9166497203160064,18.48768607451054
c93_17,Type 094,5.701425093999396,18.07502069503151
c93_18,Type 094,6.040107196261247,18.071506001855965
c93_19,Type 094,6.22606320643322,17.8247929973841
c93_20,Type 094,5.897657443173,18.165782692160953
c93_21,Type 094,6.111564699676363,17.876900261085186
c93_22,Type 094,5.991052389967381,17.96220152941127
c93_23,Type 094,5.861368145602209,17.707248138588028
c93_24,Type 094,6.090194323929843,18.388124249006182
c93_25,Type 094,6.007713652500804,17.955880836304654
c93_26,Type 094,6.117331852674175,18.228349482919363
c93_27,Type 094,5.953295016344246,17.87918999914202
c93_28,Type 094,6.073270656608966,17.959829663059892
c93_29,Type 094,5.82431338698178,17.691951603401748
c93_30,Type 094,6.014820645858618,18.055409665197658
c93_31,Type 094,5.9677566521003556,17.98774345172429
c93_32,Type 094,6.030783615433564,17.80954439270732
c93_33,Type 094,6.23198414086917,17.806811196443217
c93_34,Type 094,6.238590548323618,18.025139570469083
c93_35,Type 094,6.077315140627141,18.1628935833842
c93_36,Type 094,5.86050373552033,18.311593755587815
c93_37,Type 094,6.141098197252409,18.293122888771858
c93_38,Type 094,5.857602009277955,17.98349224888683
c93_39,Type 094,6.132747575945974,17.704982363800603
c93_40,Type 094,5.937343137732362,18.061400517474194
c93_41,Type 094,5.972135071098451,18.451217158726024
c93_42,Type 094,5.771010262446615,17.718012764237283
c93_43,Type 094,6.00266532207017,18.517930754006876
c93_44,Type 094,6.245879828018791,18.14790692017318
c94_0,Type 095,7.814250236544776,18.025148797041275
c94_1,Type 095,8.403958736491514,18.230485675126697
c94_2,Type 095,7.63710616296616,17.983012970041962
c94_3,Type 095,8.051880036339803,17.83306107513907
c94_4,Type 095,8.159178808218732,18.30387828021357
c94_5,Type 095,8.34497978797011,17.935812537218062
c94_6,Type 095,7.638603950599386,18.117324164911107
c94_7,Type 095,8.137240748697929,18.158489553898267
c94_8,Type 095,8.385433317067225,17.837585566592754
c94_9,Type 095,7.869321028629461,17.806861106354283
c94_10,Type 095,8.390037627836724,17.41530569059939
c94_11,Type 095,7.868769812094677,17.91907281942321
c94_12,Type 095,7.443400507816705,17.64210110676816
c94_13,Type 095,7.780850502146172,18.05932395876491
c94_14,Type 095,8.147260779965505,17.941857263472468
c94_15,Type 095,7.838916249354675,17.686421244465105
c94_16,Type 095,7.595087743986538,18.047527089661134
c94_17,Type 095,8.243251271550891,18.25373151438851
c94_18,Type 095,8.194842662482504,17.980966725567892
c94_19,Type 095,7.598702426866473,18.032910092718925
c94_20,Type 095,8.337989014329686,17.88158985584608
c94_21,Type 095,7.655613151334431,18.080585743355048
c94_22,Type 095,7.648825224305032,18.018373544933198
c94_23,Type 095,8.025856206070857,18.346313005836574
c94_24,Type 095,8.150599034435404,18.14883343103096
c94_25,Type 095,8.05062789135241,17.80665115137684
c94_26,Type 095,8.200050165732538,17.81704952724835
c94_27,Type 095,7.936671764261022,18.008039004036092
c94_28,Type 095,7.875106793637919,18.093504621393652
c94_29,Type 095,7.82541263808799,18.17509799408372
c94_30,Type 095,8.073280742403158,18.38979705998448
c94_31,Type 095,7.954706072300568,18.212446245326586
c94_32,Type 095,7.9151230272174615,17.907912462524198
c94_33,Type 095,8.116120470655087,18.20517310282487
c94_34,Type 095,8.175174485278054,17.88059365742012
c94_35,Type 095,8.012314029985273,17.74116872771438
c94_36,Type 095,8.292875283283912,18.396058362451598
c94_37,Type 095,7.695542782481025,18.20649325155609
c94_38,Type 095,8.104658432750583,18.087728389052014
c94_39,Type 095,7.906727661616458,17.985342547918886
c94_40,Type 095,8.178998553212978,17.95297259538051
c94_41,Type 095,8.01914209221418,17.71860494619655
c94_42,Type 095,8.05921342260368,17.78295318013633
c94_43,Type 095,7.907116320447827,17.935556135130593
c94_44,Type 095,7.56183690674099,18.004828473865604
c95_0,Type 096,10.150165310388811,18.077092855895806
c95_1,Type 096,10.220169711281144,17.948599769269467
c95_2,Type 096,9.8990472217653,18.1267573490225
c95_3,Type 096,9.680628273154937,17.91140557723366
c95_4,Type 096,10.156207562253002,18.248225248457953
c95_5,Type 096,10.134541914449787,17.579158694477943
c95_6,Type 096,9.851620414874166,18.360654388724072
c95_7,Type 096,9.796286685007667,17.708468634014764
c95_8,Type 096,10.123388523468057,18.156292438992704
c95_9,Type 096,10.01042236874392,17.9129889351435
c95_10,Type 096,10.308949166133656,18.174019173898987
c95_11,Type 096,10.353537869983532,17.702810317195972
c95_12,Type 096,10.1916152760929,17.80641943944942
c95_13,Type 096,10.158206744134796,18.393102042267632
c95_14,Type 096,10.092170865354825,18.391797571857612
c95_15,Type 096,10.256384393083074,17.4568493514957
c95_16,Type 096,9.696283324095218,18.14180668361248
c95_17,Type 096,10.003717411369816,18.06030382551231
c95_18,Type 096,10.452850815663883,18.233693536980116
c95_19,Type 096,10.207008751458472,18.19072069120988
c95_20,Type 096,10.009922906599874,18.206661519466557
c95_21,Type 096,9.963159314065868,17.88034915702264
c95_22,Type 096,9.83665432857654,18.173741226060862
c95_23,Type 096,10.116791493178429,18.157275347793096
c95_24,Type 096,9.775145773134057,17.988710325710233
c95_25,Type 096,10.09361588448359,17.85214096141499
c95_26,Type 096,9.890574377252955,17.924591505119793
c95_27,Type 096,10.008008133713522,18.172557990101637
c95_28,Type 096,9.987201594250422,17.796722347063834
c95_29,Type 096,9.86619554267798,17.82303249349367
c95_30,Type 096,10.203572355349108,18.051479805742954
c95_31,Type 096,9.82535955144488,17.98384086738451
c95_32,Type 096,10.02739693990463,17.80025738238925
c95_33,Type 096,9.719852408549357,17.71019370514407
c95_34,Type 096,9.766796062897283,17.90520656403717
c95_35,Type 096,9.919630250242674,18.14444872562921
c95_36,Type 096,10.221916484806966,18.111993852747236
c95_37,Type 096,10.135602093899758,18.14431830329602
c95_38,Type 096,10.138730431343118,18.137884270005195
c95_39,Type 096,9.923618225160526,17.857601326860973
c95_40,Type 096,9.874298607544306,18.063455674687052
c95_41,Type 096,9.599191805196579,17.654461372894463
c95_42,Type 096,10.156570449869253,18.02793094191725
c95_43,Type 096,9.84796392709916,17.982245343661294
c95_44,Type 096,10.173582792780321,17.351392041775856
c96_0,Type 097,12.075435430377704,17.8463890829073
c96_1,Type 097,11.968629119581907,17.846396840349733
c96_2,Type 097,12.295950382576274,17.63284017544094
c96_3,Type 097,11.745178096349846,18.208453627549467
c96_4,Type 097,11.736501224933962,17.869753728904133
c96_5,Type 097,11.98634237718996,18.170253367187787
c96_6,Type 097,12.158545237711756,17.964547922442016
c96_7,Type 097,11.889553935823562,17.59159605949651
c96_8,Type 097,12.213302255888797,18.07358904953137
c96_9,Type 097,12.024025450746372,18.11529728497955
c96_10,Type 097,11.948792225344937,18.135043608837684
c96_11,Type 097,11.719807139548534,18.255921542934466
c96_12,Type 097,12.176508147583693,17.889882638827228
c96_13,Type 097,12.181258173203885,18.063489873134152
c96_14,Type 097,12.030807157810512,17.95462656828435
c96_15,Type 097,12.27396486052468,17.864074333276857
c96_16,Type 097,11.991008154329611,18.0799789565625
c96_17,Type 097,12.117400757360139,18.0110556996589
c96_18,Type 097,11.949647615580432,17.587081400035967
c96_19,Type 097,11.868295120402331,17.786701604697523
c96_20,Type 097,12.026438778045632,17.852533205165855
c96_21,Type 097,12.084199548406866,18.275372395064327
c96_22,Type 097,12.0476854983618,18.03058492199942
c96_23,Type 097,12.092390446981218,18.03099301635162
c96_24,Type 097,12.088381387305343,18.022438518994612
c96_25,Type 097,11.918831901453993,18.196889123367768
c96_26,Type 097,12.080330327587088,18.111059703346367
c96_27,Type 097,11.988651841495855,17.851362174585457
c96_28,Type 097,12.29548219960435,18.116802050891266
c96_29,Type 097,11.860048007970029,17.650162267809517
c96_30,Type 097,12.099824593480811,17.920619717286215
c96_31,Type 097,11.554521955778839,18.17442964851257
c96_32,Type 097,11.8958250541474,17.804611473718516
c96_33,Type 097,12.215943700398906,18.000344967235346
c96_34,Type 097,11.954311225573027,17.84438667384518
c96_35,Type 097,11.923108071300328,17.8977664078378
c96_36,Type 097,12.186979665972656,18.156189176789265
c96_37,Type 097,11.867056467709082,18.091334904182606
c96_38,Type 097,11.820251236235721,18.24950089447846
c96_39,Type 097,12.068771240223509,17.71258210950435
c96_40,Type 097,11.627135836675986,17.931376363375335
c96_41,Type 097,11.930630990137793,17.467709613356533
c96_42,Type 097,11.864442437081719,18.123331114610508
c96_43,Type 097,12.185265570801748,17.913301055885555
c96_44,Type 097,11.98593069687634,18.227879861844013
c97_0,Type 098,13.91287813882738,18.509742776100246
c97_1,Type 098,14.062167666124564,18.00796571768155
c97_2,Type 098,13.741867241138923,18.137174675140034
c97_3,Type 098,14.1222481336665,17.76132047605002
c97_4,Type 098,13.898911238672088,17.982389429904252
c97_5,Type 098,13.880341830367744,18.13872514777926
c97_6,Type 098,13.88827329348719,17.627719429257652
c97_7,Type 098,14.00174196026431,17.907057242143356
c97_8,Type 098,13.921732168738675,18.13352802017455
c97_9,Type 098,13.96207097418721,17.780398057191984
c97_10,Type 098,13.735751518049693,18.1803725089276
c97_11,Type 098,14.417711252111465,18.20849399094245
c97_12,Type 098,13.828742350251451,17.92077972924383
c97_13,Type 098,13.579417121923585,17.595723840156506
c97_14,Type 098,13.967915639649004,17.913997373380504
c97_15,Type 098,14.111769103511058,18.140520872397467
c97_16,Type 098,14.058151394507327,17.866372276483407
c97_17,Type 098,13.758470549701116,17.93620344208996
c97_18,Type 098,13.869286506921275,17.98661618037486
c97_19,Type 098,14.350030052255802,17.985239811801907
c97_20,Type 098,14.114452946240004,17.943536352097627
c97_21,Type 098,13.729081059695,18.342907602089213
c97_22,Type 098,13.98531616010297,18.41583856163626
c97_23,Type 098,14.032186624975537,18.17352914402475
c97_24,Type 098,13.902738520619648,17.803765690438674
c97_25,Type 098,14.042157891490163,18.090410237031094
c97_26,Type 098,14.38820216764896,17.805314305272137
c97_27,Type 098,14.203094599321851,17.855758581551818
c97_28,Type 098,13.850770640233975,18.39138917724327
c97_29,Type 098,13.935781143350997,18.01899661078759
c97_30,Type 098,14.071992150321986,18.009165388933408
c97_31,Type 098,13.965221413661977,17.60204910104662
c97_32,Type 098,13.878357898616784,17.918104266113094
c97_33,Type 098,14.117355598179037,17.890278559731538
c97_34,Type 098,14.052035183485318,17.88665161348606
c97_35,Type 098,14.090268452151932,17.792008893089694
c97_36,Type 098,14.025625095268952,18.318338221134717
c97_37,Type 098,13.972083295359596,18.089438065650267
c97_38,Type 098,14.203748436129137,17.92027535237172
c97_39,Type 098,13.940165213279736,17.926482425586627
c97_40,Type 098,13.887851021365623,18.171258583578666
c97_41,Type 098,13.872382903519394,18.166250934571202
c97_42,Type 098,13.797692398537519,17.66160460843812
c97_43,Type 098,14.056164147438668,18.051377512189994
c97_44,Type 098,14.180936604328327,18.05633448626222
c98_0,Type 099,16.088698438256475,18.15581856589011
c98_1,Type 099,15.821750651105571,18.02228980539147
c98_2,Type 099,16.055521258197622,17.916622462009048
c98_3,Type 099,16.08215808533908,17.8134541175343
c98_4,Type 099,15.865873405675424,17.97857087204178
c98_5,Type 099,16.073128023882685,17.7602859042623
c98_6,Type 099,15.832204546643137,17.88120350816413
c98_7,Type 099,15.888421566321838,18.239344189470433
c98_8,Type 099,15.713648855102004,18.322136213463125
c98_9,Type 099,16.23724664785974,18.210328370895407
c98_10,Type 099,16.461310653048137,18.226814711677537
c98_11,Type 099,16.00086816150077,18.291259779766285
c98_12,Type 099,16.00598901684356,17.649802735619456
c98_13,Type 099,15.780036359611538,18.3179113315467
c98_14,Type 099,16.106881160786326,18.036587665910062
c98_15,Type 099,16.244467686527866,18.252814367993626
c98_16,Type 099,16.170317252733337,18.115937918445063
c98_17,Type 099,16.271944454894477,18.051082394778675
c98_18,Type 099,15.922337666135853,18.062979578576932
c98_19,Type 099,16.13172490252825,17.93982140216478
c98_20,Type 099,16.364617063395578,18.081775398241135
c98_21,Type 099,16.163755146254925,17.943684524592946
c98_22,Type 099,16.029026437998503,17.80978709752016
c98_23,Type 099,16.044169754060817,17.821224103983436
c98_24,Type 099,16.333459400535144,17.85437611483133
c98_25,Type 099,16.124728483464796,18.228535771812794
c98_26,Type 099,16.127827561701153,17.754147254547107
c98_27,Type 099,16.074447478401115,17.758901318401115
c98_28,Type 099,16.04539350564412,17.958523297545987
c98_29,Type 099,15.555188345144654,17.532367822804957
c98_30,Type 099,16.145374612033283,17.890981596234077
c98_31,Type 099,16.08282070730689,18.12158776502467
c98_32,Type 099,15.647543012624961,17.676192057620945
c98_33,Type 099,15.98193030024344,18.075915606191135
c98_34,Type 099,16.039229463359263,17.82170308475313
c98_35,Type 099,16.24822962243926,18.25530512009119
c98_36,Type 099,16.072313050792015,17.710991295268634
c98_37,Type 099,15.913317930529026,17.709064611211566
c98_38,Type 099,16.075635944684347,17.939051327236676
c98_39,Type 099,15.958219065338678,17.817158108246552
c98_40,Type 099,16.321406722756993,17.78909026024423
c98_41,Type 099,16.067832491066394,18.309284339047338
c98_42,Type 099,15.745234234972536,17.809932863825438
c98_43,Type 099,16.461341837412213,18.337216388054788
c98_44,Type 099,16.09278547361592,18.27652365796679
c99_0,Type 100,17.65662598634924,18.121016397812465
c99_1,Type 100,18.106417316639174,18.15218498481272
c99_2,Type 100,17.739718646143967,18.422304738352175
c99_3,Type 100,17.92943648730822,18.04336574893688
c99_4,Type 100,18.26707629329247,17.781981011999076
c99_5,Type 100,17.668629425694103,18.213617760355405
c99_6,Type 100,17.969458284330752,18.011402116682397
c99_7,Type 100,17.897724316094067,18.012460820780017
c99_8,Type 100,18.295987729018012,17.89649657642798
c99_9,Type 100,18.017533616253072,18.153531353692248
c99_10,Type 100,18.179014491100624,18.149498900269396
c99_11,Type 100,18.131599709712717,18.24757523240461
c99_12,Type 100,18.125499129669425,17.96141064710875
c99_13,Type 100,17.86910224780212,18.14046809286091
c99_14,Type 100,18.13874438506224,17.94682013668856
c99_15,Type 100,17.99309041918332,17.861981023575503
c99_16,Type 100,17.991962050157223,17.52320493605711
c99_17,Type 100,17.86949362151732,17.82425653296927
c99_18,Type 100,18.14313288892037,17.613999395582937
c99_19,Type 100,17.909427724733412,17.741612679380715
c99_20,Type 100,18.133480543911407,18.11500912362022
c99_21,Type 100,18.043774646033675,17.843037397524682
c99_22,Type 100,17.866356535045778,18.167157669980526
c99_23,Type 100,18.276509121370413,18.271573256910603
c99_24,Type 100,18.245736326457706,17.95232920929244
c99_25,Type 100,17.960291190393512,17.869487168721278
c99_26,Type 100,17.938141447671434,17.890748054678824
c99_27,Type 100,17.94181199829061,18.313872791965977
c99_28,Type 100,18.083151932473598,17.86541094198562
c99_29,Type 100,18.102318011645377,18.18226919384594
c99_30,Type 100,17.809027427190518,18.253961588284106
c99_31,Type 100,18.19211525530887,17.91529665882481
c99_32,Type 100,17.69183975135618,17.968979230582377
c99_33,Type 100,18.271366481985012,18.12765191129503
c99_34,Type 100,17.836217960510442,18.036457962751253
c99_35,Type 100,17.62460632707941,17.953946311972324
c99_36,Type 100,17.84729976349995,18.10013208368856
c99_37,Type 100,18.31596389170269,17.41478981509206
c99_38,Type 100,18.120905451175492,18.095918392157678
c99_39,Type 100,17.972916912883477,18.270625735535717
c99_40,Type 100,17.726091368711675,18.0690255897848
c99_41,Type 100,17.908739503959513,18.037231404195403
c99_42,Type 100,17.91187133148533,18.191843934291676
c99_43,Type 100,18.24182852003829,17.905608497077193
c99_44,Type 100,18.11827914335114,17.943830289772855
