id,x,y
0,4275.140627498052,2928.5933569903073
1,3050.944011650628,2341.811151501371
2,1257.4443769085235,1483.8805062143922
3,3701.3931216398632,2602.0245059862727
4,5126.2532184838565,3311.1069826696394
5,1733.6147147603265,1947.9023999320818
6,3766.784376825072,2815.3292476611055
7,2033.1510257282807,2031.762118116515
8,4465.655322074508,2839.7138457920255
9,1552.8542568265489,1773.6944251286545
10,2709.1236005966525,2165.947690790372
11,1198.3790202391028,1816.5990675231944
12,4057.4579569803705,2923.2886175702465
13,2882.0778047092376,2301.973681159805
14,3800.1614153809464,2957.869299600813
15,2938.2844010833223,2673.0943028192596
16,2444.4878082932987,2316.9198061807338
17,2269.8525391322496,2053.7288903210597
18,3647.404215254825,2829.6207781474686
19,2112.7768244788663,2012.4575226830577
20,2225.882707524353,2319.330509990907
21,7217.976313917057,3799.389088286265
22,3271.0227738847457,2443.6951349714554
23,1702.3883909178605,1919.236698671416
24,1811.8619328317523,2086.017799070188
25,2205.6941347640554,1980.575157733743
26,7069.200616599427,3679.2922278613482
27,2857.7281699224595,2374.0269440723373
28,3365.248454075686,2542.87920635812
29,3520.0752005025756,2791.151172229049
30,4238.791379080649,2779.5241799891464
31,2974.3491505129628,2357.261186108395
32,2331.2966613410363,2055.5109383217523
33,3898.7321021763114,2759.3401468037605
34,3825.4418853536563,2658.6993251356835
35,4949.014556375181,3255.3552148219273
36,5803.182220824171,3162.8170560756525
37,3084.627407385604,2693.1191114463527
38,2523.2305959208456,2165.80006380187
39,3089.414945285528,2662.41146278145
40,3137.5288045494763,2549.474381320771
41,3371.083198437438,2726.2228953967947
42,5416.9375313344435,3350.6615768104275
43,3306.385472755265,2629.5749898364306
44,2243.355124298144,2224.0178843805766
45,3682.491592885481,2826.376563156232
46,3067.5539141348163,2617.4987644576745
47,1440.142439697392,1751.990843357944
48,1497.6580204578365,1922.3966619684631
49,2595.014794444227,2190.1284068124783
50,4046.9248951956456,2943.549687409734
51,2639.3100827724093,2414.987766237483
52,3728.322496843606,2816.9684208725
53,1032.9141564036663,1429.2719031729293
54,3639.8564502736954,2905.9938503017493
55,5380.399120462877,3135.8476363151008
56,3034.0537222578378,2660.69211874531
57,2246.1295479054183,2117.9874819218553
58,1543.4115934437198,1766.1884670426757
59,1090.1804330703578,1526.761788317298
60,2986.9293592254653,2586.158469627233
61,2650.4209371479324,2454.0092580135592
62,3759.641376810092,2611.9825822603257
63,1577.9079935637997,2035.67562060555
64,2148.988641976531,1984.9955577052194
65,4466.842146394563,3068.9777503468354
66,1726.6632429085896,2084.952176939963
67,2626.164062570343,2263.023824412617
68,3063.112555650035,2415.2146485682947
69,3542.5044178072094,2674.1136589181287
70,3363.7168016116943,2618.6629964164317
71,2558.367147966097,2312.0051167209294
72,3915.8794989036996,2656.0599923584414
73,2555.4442963637343,2240.735678991092
74,2269.714216710631,2139.7234911572414
75,3316.800677067744,2573.600222449195
76,2751.689847072494,2131.774255558536
77,719.1358479899525,1254.1585176962385
78,4480.956500596852,3012.995341165528
79,3129.3218411940375,2625.8008198351595
80,1436.7454081847945,1755.1294623281194
81,1240.2389435599,1497.2875424564204
82,4984.079077307385,3134.937430019198
83,3136.2904523094753,2606.711450406601
84,3391.8094813285866,2886.477899662109
85,1906.7443421443998,1966.0013811863819
86,4129.421617987839,2986.7341084863947
87,527.5515003234086,1438.458897127864
88,1603.5744834589816,1679.5518126621434
89,3205.1940001470343,2478.228677684362
90,3221.853858172579,2803.6173549690347
91,3091.026594559626,2621.3765325291934
92,4662.270820003404,3148.2411968517813
93,1619.618161021143,2252.8908260871017
94,2224.2806463939546,2081.5378305194677
95,2508.076285187213,2459.6919382965757
96,2916.2855263680644,2260.4055258302333
97,2548.8499971444567,2332.2428962932636
98,328.9969497644001,681.9693608600599
99,2777.827318638448,2339.362302627858
100,9089.39598339973,4277.89475147076
101,2000.666701963378,1942.5431079698824
102,1559.2809253929329,2032.4963851648008
103,239.12393692112823,660.5459996818948
104,3598.566639874455,2592.588799296103
105,1960.2804441064493,1877.3351716352981
106,4673.355734060892,2977.8140550896796
107,2376.0037672711633,2162.8337378599645
108,1570.9636383742284,1913.2732969597935
109,3601.1814838883283,2684.7393485775
110,6024.851553110141,3410.0776288405414
111,3485.1574460177144,2386.580935866574
112,3246.0299493406287,2477.3608858261878
113,4516.26599022037,2950.5659395806097
114,2785.130904664731,2472.1972993278164
115,3339.7547226991474,2481.6769501235967
116,1521.969929467026,1717.1560080986078
117,770.85003588265,1190.566957418292
118,3628.2871919195713,2825.689127536445
119,4588.302470437566,2964.481568865763
120,3864.142080903592,2977.0992721468356
121,8646.447985023395,3904.307551918715
122,4174.697793546947,2782.446751734955
123,588.9180696082386,1007.9267316197215
124,3390.7814562790572,2794.949650019017
125,6386.471630624686,3436.0159067141317
126,634.5806009919143,991.5445255572963
127,1036.9444407900655,1227.6734358953966
128,1778.9402092180212,1713.558705985411
129,4827.028457258913,3258.346623415622
130,1252.777076503308,1715.4425544419291
131,2769.4015603000717,2604.7807071250845
132,1233.3190628946927,1357.5833595388567
133,7463.478912502866,3875.27466291815
134,2762.5032661159576,2383.663122722201
135,1870.1422384480873,1636.223232765226
136,2700.1848085959773,2468.2349289226945
137,2768.031217191668,2335.055566289761
138,1617.2386905096853,1904.0985812275098
139,2435.3799674963757,2217.4809695311083
140,5393.37530247323,3238.5361800315586
141,7845.212737834622,3909.471120136087
142,2501.8690526229025,2278.147699442445
143,2583.083442011549,2256.8409996793594
144,634.7888052066926,939.1443739412614
145,1964.165879217564,2031.0426212445425
146,1928.4966744231115,2223.8111244813826
147,743.0817782937263,1374.7377894093288
148,2860.7149134597666,2429.185557539448
149,1407.174730791092,1748.2080339215381
150,6978.457321772356,3762.9657259394985
151,7223.003217139965,3835.160686547721
152,1642.201750472932,1611.999516528906
153,1007.5256472878948,1385.1118100693743
154,2800.2753794445957,2495.1977372698357
155,2926.005013166356,2563.260390334667
156,2642.3041781078437,2166.3627160361243
157,1540.0908229895308,1574.898549292519
158,7596.697234141,3821.878310192231
159,2070.976550986608,1974.8272527467643
160,3136.4943067247955,2706.5838898830057
161,3770.7744099691586,2816.5333773464563
162,3700.9258984211892,2884.0627439995187
163,1649.988657819537,1777.9818964421365
164,3690.1884545441458,2718.747978402266
165,906.0775685369168,1335.2140888418794
166,2096.478274511076,2006.2819976328672
167,724.6221172942786,1240.5611140035373
168,2716.5413621577095,2228.935968767184
169,3481.983693159895,2484.374213212159
170,3139.4777795953755,2721.4361268683856
171,2167.4608472107593,2137.9439514478854
172,3316.1174623890843,2681.187417763108
173,7308.619884796623,3742.1989853654395
174,3844.527186875022,2617.6848337692268
175,4066.597908358377,2842.8011119874027
176,3129.3450605023504,2468.671549690218
177,3756.923157343301,2612.9028224464682
178,2628.2975187313514,2517.57271195458
179,2541.1584813032277,2372.7934851575033
180,2576.139963760013,2294.9745698503098
181,933.5173268554133,1358.3536984423527
182,2142.7949006763324,2131.8752610733286
183,5743.937391021406,3640.897898696391
184,5600.421908981503,3543.588840001841
185,2466.819968311937,2176.092471136349
186,1857.7965069666245,1863.989598726337
187,2477.4095130277647,2244.4019605249196
188,3668.755461274623,2914.9234384285915
189,2233.9348698995354,2067.943980220799
190,4152.727897506393,2772.3753536725485
191,2825.007455595976,2420.240890223888
192,3484.0560181862124,2558.0028134881013
193,1102.4056724449867,1378.3543987626394
194,2561.7834648881662,2187.7900899500755
195,3293.5516922487445,2485.6641349846996
196,2601.5047783627697,2195.930337532795
197,4155.187730491583,2932.9984392107226
198,1989.6547578971279,1987.7077895712189
199,5328.338409553706,2990.8632575139895
200,4012.170054694555,2864.405022441009
201,991.0747189309873,1769.074475789155
202,3556.345437445284,2753.386459848305
203,1010.0928660476117,1528.3914834197337
204,650.1338733195313,1239.70241550197
205,4508.381138928234,2963.849879976681
206,7312.387833871733,3946.7243794703495
207,2188.542286785424,2345.4978237717733
208,4343.942509175797,2865.224607896996
209,5662.7734482104015,3471.1793182391043
210,2154.7052964649256,2031.351974749302
211,3190.3803361866208,2735.230740815999
212,375.5711451548425,913.3779142152541
213,3287.8884778959564,2602.464536164867
214,5866.437567739848,3633.4409715923766
215,7331.8657317790185,3833.5861886168886
216,5960.669364892138,3450.723685480404
217,8063.232886534882,4179.230754642784
218,7522.794703182027,3809.4562709762386
219,4276.506390675036,3101.0980478472916
220,3633.857477818525,2558.9718334281606
221,2353.6869264555176,2136.8262461367863
222,3696.883755916806,2804.1966699164877
223,4826.408298019691,3068.351130794887
224,3204.992710012892,2495.3701986829847
225,4991.54564768811,3286.7184369431775
226,1469.9304641075316,1732.127505715688
227,5659.743861260011,3398.9663590133446
228,2991.500743046139,2406.738507022186
229,4606.577184815665,3003.422412401963
230,2585.2418827017605,2138.7521596508914
231,2717.6690834561164,2126.268634481673
232,5677.704848542534,3636.3857688623
233,3680.2533117652433,2460.818031348934
234,2982.813530356652,2308.793028489476
235,2493.4467713520967,2246.4325431056927
236,2486.097004041666,2068.047674382885
237,3095.4608822618216,2649.2720401213587
238,2773.157944959384,2450.7035384181468
239,3818.626304666482,2573.7758489783578
240,4048.6044613529193,2869.4918369296106
241,4228.46474280257,2804.2481307624653
242,3926.3245217318254,2879.5322715399375
243,2343.7979863180185,2112.6753042961327
244,2965.800171624983,2484.530118620044
245,2182.347079047411,2038.3966504993484
246,1293.7199721160541,1551.0819307012168
247,4013.0005263314865,2840.2096573677954
248,2623.240891042906,2162.151362069303
249,4740.974755261177,3034.1714421957895
250,1154.3547085306504,1464.6761833626224
251,4594.387625405903,2900.99296842288
252,1619.0881039770156,1919.504257178441
253,6022.65564305918,3627.4829245171545
254,4957.510440946799,3466.3692399001548
255,3686.445169166309,2777.130792737371
256,1926.8885673341674,1909.4453755572495
257,6618.104690930242,3683.069347990461
258,4178.857347400809,2851.47219409049
259,3612.1132778994943,2683.6051973809876
260,921.2569248657936,1371.0655788593285
261,2153.5015235382843,2007.5800425087405
262,5408.511051529414,3206.835977838089
263,3473.9557801394913,2491.2511219408493
264,8534.821955556774,4111.855549446734
265,3636.6139069748256,2648.9316104555805
266,989.9514725521722,1438.7670704125585
267,3004.5497468928584,2391.4158621366996
268,1743.3726498593503,1766.3781101924633
269,1327.4161522528746,1637.2180004216636
270,2891.4850693526414,2489.389174918794
271,2728.65355468925,2399.458153799979
272,4218.840762991431,3041.979036779891
273,6581.843304793412,3696.7088972192887
274,1771.1272736480005,2009.4391327256874
275,4981.874145950434,3021.6758074975146
276,1735.783924902602,1871.0023460447853
277,1058.3414334270537,1393.8868616708955
278,2802.429218904606,2698.11317894587
279,2812.4486717656664,2513.54301439518
280,1196.2245505386961,1583.4644969292488
281,2642.8851591023736,2091.83582204127
282,4786.26482890711,3183.751853773899
283,2350.4316773614883,2169.152847732586
284,6017.791380468494,3452.8487979005963
285,207.9681866528615,797.17942767165
286,718.6719757055977,1155.3754914692167
287,1546.3259016710729,1659.1834651874406
288,3338.597273102826,2647.419387614461
289,527.6537119829592,1158.0380513795108
290,1720.3427524211256,1851.2709567304685
291,6891.603399899044,3595.66486200219
292,2360.1978266243973,2182.2086858112825
293,6987.014212218934,3830.108865455155
294,3755.80199720641,2598.3614257780796
295,2930.532214402653,2487.8214326011603
296,3526.7753043898574,2553.36253442648
297,5896.882262854042,3531.7901367045424
298,2670.234465270881,2298.803112410504
299,7908.980304497072,4071.958550317035
300,4078.8197528570336,2746.6355747940306
301,5048.523507013787,3328.5657546318303
302,4833.866969031566,3025.0833276158346
303,1641.9106371207122,1656.020758468039
304,2286.921283945993,2096.1949019359645
305,3867.2391680736473,2904.5801167917275
306,4505.7991716234355,3061.140576476067
307,2088.868463990241,1957.4145323955265
308,1351.8058726328682,1877.1330369754803
309,4943.787989047796,3144.593078819188
310,3347.909524430022,2962.4334486652656
311,4637.482658059843,2822.409956045108
312,1651.111152908844,1897.0474454083483
313,911.1358318556796,1278.4246790604577
314,5344.277370718891,3224.172330849864
315,4846.153017191685,2964.7290924254803
316,2689.9031270141713,2146.557778557713
317,1963.9141043509687,2026.176036015865
318,5562.980157768409,3399.260239616972
319,961.0047397764215,1458.5853343092742
320,2540.13466002852,2054.8774621150715
321,2211.042967934973,2133.0201562827183
322,2006.2873792465919,2071.285247921393
323,4264.373085788914,3014.426830707518
324,4392.128583000335,2952.773469392333
325,1787.108191245257,1811.7089947008858
326,3898.1851252485662,3012.747380361506
327,2398.870477931021,2106.3484179223583
328,3714.823626327027,2810.9800213633816
329,954.8871616399916,1472.2358312352656
330,2700.430062948687,2455.373541082724
331,2279.095145310897,2173.0288747913323
332,1814.3010534404748,1859.5028759678976
333,3923.271181660922,2821.55753984805
334,3518.2645156041203,2636.633830260858
335,2608.8542600251626,2076.3445244282475
336,2955.82265359921,2480.1624351073597
337,830.1280175635216,1351.2585610934334
338,8446.500917584151,4180.029781121687
339,4170.436793863879,3216.2074155854434
340,2507.1562006201752,2167.205178104155
341,4361.973121729214,3107.3108527944282
342,1897.4917380175425,1933.6429760937137
343,2398.36255447427,2208.424147350481
344,4242.689632659848,2922.4892252501213
345,2823.70809902766,2443.5637063139784
346,2832.637442488283,2445.5581406400042
347,7795.213722409677,3983.016352155661
348,2072.5388720346346,1955.6879738620275
349,1985.9075467010173,2148.221906066967
350,2215.8080325530873,2014.0764006301538
351,2029.1940978168789,2159.779867955739
352,2806.101312612011,2339.7117672590575
353,2834.2963795169208,2397.2795418604514
354,3444.886537814965,2682.359098109595
355,1976.811053484398,2029.259586261108
356,3243.6221840672606,2492.8185297610444
357,8681.614226363004,4028.7725839396353
358,3942.382492701135,2719.0952270313564
359,3098.3047687108137,2414.1512257778636
360,4021.7277637515267,2874.5006966270857
361,4921.294609295319,2906.6761104930197
362,1624.8302319160732,1942.6890485892025
363,6978.1691989311785,3874.833088557429
364,4868.992701980004,3259.2981185501762
365,2655.4148681621205,2686.047012763323
366,5500.509360338509,3223.795384841658
367,5193.164658377947,3232.3443465683404
368,10606.934238105878,4545.861347975731
369,4123.759836577864,2810.244819983823
370,7468.851122247459,3759.4566554829357
371,4087.812109463537,2917.812889938522
372,954.8340983219432,1301.4666096091876
373,1911.366265825871,2077.7567732894136
374,5506.6038141022955,3367.886988887638
375,2826.4406550982208,2410.8287360759855
376,4138.436887979547,2797.0270921935607
377,6375.576961316416,3609.179297279279
378,3984.7426660484903,2677.255349044161
379,4969.79137550331,3305.2082102836257
380,2674.4797717986203,2091.043590171558
381,2377.9532842990807,2013.5113082146186
382,4367.4711821694455,3089.430143509753
383,1297.479235689192,1675.344444842287
384,4324.178133259063,3002.260483180382
385,790.7926954993258,1189.8635461029385
386,2559.026130927593,2199.437942323306
387,2425.9868326725887,2392.8787219601927
388,3442.163991841804,2901.129379434191
389,3914.831707769698,2868.725901326562
390,2533.991309019168,2121.2486889683505
391,2004.0279582450576,2124.702697129606
392,6311.168338914042,3678.8500264471622
393,3481.8363190465893,2893.692712547945
394,5040.071345264177,3487.719978629199
395,3746.1024810715876,2546.285969545527
396,1193.5004287552192,1448.510021749533
397,2510.9399064585273,2328.0909553147726
398,3839.8698809515,2663.572506033371
399,2280.8838442782185,1995.9865365067565
400,1015.1277074334092,1477.4332223404133
401,2496.6409003273498,2574.6675522172104
402,1291.08841054099,1355.6683910008437
403,5443.020818134038,3477.2049337759913
404,2440.5714997371015,2193.9053338551194
405,4559.767613621039,3055.9148938216963
406,1651.3419682827564,1966.1402573067937
407,2635.5912957086794,2027.670542360454
408,156.10932695609162,457.5912822079322
409,844.1072941086925,1213.3703457200218
410,968.2809232315449,1336.5890315100164
411,2408.8079692037327,2192.3702781493653
412,2525.734050796119,2508.5646211626718
413,2242.900346193678,2304.535551559389
414,3273.6723984275327,2740.5183451722287
415,5587.611529560368,3222.180609822965
416,7930.0374810671265,4082.5081365248566
417,2070.9810637632972,2141.5294431970783
418,4014.7987526398347,2903.4806824215334
419,850.9229482139061,1287.013272055868
420,1544.540070475893,1789.0021702537051
421,1435.2143249133785,1843.8970378649867
422,4149.314277279067,2912.4088509921535
423,1917.447217455998,1823.9004619953828
424,1026.2227173712624,1469.2365662261195
425,1807.2346079717745,1945.5908920182376
426,3028.505567780278,2381.8187928538728
427,3083.8850181318066,2805.641060228443
428,1261.7223906837578,1512.898661594902
429,5165.64715014213,2961.5161969338074
430,3746.8187098845633,2758.2113704429275
431,1127.431067894236,1441.4197351596856
432,2711.353782825983,2172.016950784021
433,1356.19669992533,1469.0041692403358
434,1327.0129587615384,1481.9949409925575
435,5864.863118877204,3285.357465901826
436,9850.226195579518,4480.581570377013
437,7483.4946756999725,3922.658136221155
438,1666.9384646464998,1596.172438535755
439,3131.0820935865336,2628.0734962041147
440,1077.8937829944498,1749.675042083854
441,2078.4952899039313,2094.82468623826
442,4588.150908811684,3196.2637269650763
443,640.7330750665777,1068.4074013643792
444,5274.222290262762,3086.0351935162203
445,4680.389826540491,3056.472811654697
446,2397.1017365258576,2264.3913197678767
447,4015.615549727707,2678.7788995147394
448,4685.549605405962,3178.0032077824712
449,4724.078729349195,2913.086037689793
450,3986.994662704712,2847.1337912442077
451,2556.5504931172136,2351.071149524725
452,2903.499496009928,2415.6338547635705
453,3543.6861009745608,2347.4619566026
454,4291.559326845197,3066.686840462407
455,4666.017452541517,2874.768800190505
456,2867.521550153994,2263.1855636401883
457,2397.710989941878,2159.8300926737147
458,719.6781185309152,1241.6315201796049
459,3592.3975598159204,2775.869751625343
460,899.9986948193564,1399.1824862464114
461,7144.096076577558,3813.559289088713
462,3892.500415101373,2967.6024416391933
463,2039.421099001389,2145.508596295956
464,6467.745495041229,3709.724341944628
465,3887.2692124101386,2872.894867953319
466,5932.792076922063,3298.1069637992778
467,2120.85735631469,1959.6148340606812
468,2462.4161160724407,2300.613905410898
469,4268.532187151124,3054.590298868115
470,8847.41835139209,4033.621293905114
471,4175.547083989997,2824.3778123947586
472,7551.565913061505,3808.0766302643888
473,2987.665175354285,2644.1193671190754
474,4704.7319346392715,3234.0344780357664
475,3992.309812104254,2834.68038339647
476,1478.5369409406023,1569.5639593170185
477,1662.091522770083,1783.8623003402038
478,2574.2427378524794,2329.363696504547
479,2123.1716565884617,1944.8894857327316
480,3162.703641295059,2649.035418881952
481,1116.5374747312121,1560.771606278365
482,1610.8892605200301,1997.692440636964
483,1691.2324869530923,1975.693610135927
484,3550.5548689861685,2552.3953408182238
485,7024.636493707842,3825.1890155659053
486,1378.2305733697108,1548.1765003219791
487,3943.985871004768,2931.5512243259127
488,1636.6009713201645,1696.4644933761083
489,9820.036433279505,4626.870663194393
490,3514.5559508915644,2590.418810322119
491,3306.8247935578424,2799.3876105206723
492,4166.601110289265,3143.9144592365465
493,2899.851495507831,2364.7375050442224
494,1576.0469504595142,1562.3230261041108
495,1521.4268068377992,1693.9228286834198
496,2600.523279459745,2175.560573335287
497,941.6759677634147,1394.7127437027416
498,1555.1641740586608,1821.5633273993988
499,4031.9730424191252,2926.7666453860174
500,2480.6376800990292,2456.566789477579
501,1872.3272590609279,1915.7431278537374
502,2157.164524635826,2063.6849754287696
503,3838.57651944101,3036.1776084404237
504,1200.3228769864327,1462.6057635284724
505,2478.984131852009,2339.699243261859
506,3921.37481834602,2807.8427913668575
507,3520.8555733447765,2640.099438210711
508,1667.3803924595522,1838.1494848657967
509,6496.885733211685,3559.677520662529
510,4392.5697299519215,2897.8687155388566
511,5187.480528868924,3272.568311704916
512,2843.872520575739,2285.0937161149977
513,3271.662723993741,2470.318968319715
514,2968.8048121320394,2417.8405991245722
515,2926.7253931515274,2385.2073238645744
516,1624.4924860453593,1713.8704734677187
517,2308.0233085784885,2178.675724809685
518,936.1996252324242,1300.9031753080617
519,4880.784318868495,3221.8180752916437
520,4702.027731249814,3190.1246981914805
521,2752.1332855064556,2158.812859354554
522,3737.683690920065,2818.7615647204993
523,3001.238358309956,2488.432577409914
524,5048.327948124284,3110.392450994772
525,9044.084263121225,4324.15640355005
526,2925.850371243417,2304.006092544135
527,2696.371905681218,2280.995136190293
528,2129.547526185338,2226.9769872318016
529,5215.849373239953,3406.668031969835
530,800.4518720127916,1182.345630302427
531,2182.9964514822254,1947.843920506796
532,3009.3988207193984,2481.0366807284277
533,1538.5111603481325,1838.9236152359701
534,1458.5915919554375,1567.8426353916636
535,503.89966927976144,950.5214029168066
536,1090.2851992477067,1392.259437042618
537,2134.80133813441,2092.5624589593776
538,3440.52687415721,2737.8235602500686
539,1671.484856947772,1637.6206713057
540,1102.5735182091344,1595.3717914333706
541,1794.9244691425874,1898.0584331618586
542,2254.0169312365315,2144.3355566568544
543,1382.9579946263202,1547.8686048262507
544,2413.8821532057864,2299.3873996494103
545,2758.184338899861,2311.958387423217
546,4342.358089439525,2900.2211950036344
547,1780.74841695919,1670.7262964401714
548,2409.783036595809,2428.1371060856454
549,3452.6470762270537,2674.040308854094
550,6755.118897776233,3584.1947931065156
551,6998.982139420911,3849.9700300797613
552,4341.1269067583335,2849.484823537314
553,1968.3573087639402,1921.9265449050847
554,2587.4672660894776,2021.5840039301165
555,5472.562806328349,3274.122381694448
556,1638.211244491521,2116.564449867417
557,4004.401061177029,2812.8121066887056
558,1472.2158738687576,1540.6795138126206
559,4239.844676285791,3160.536663030873
560,6268.359159078032,3531.468517262355
561,1339.3446588639104,1666.686460004112
562,8147.628903064018,3913.9721783892687
563,12599.364419757561,4815.287492937522
564,3751.9158899751724,2794.8229091199855
565,2433.4530289234676,2244.4999088644668
566,1717.302136982384,2017.3086138338379
567,2214.8007917348664,2351.1271702691793
568,6753.162346310641,3823.774925379175
569,1702.1097218536447,1673.2932287446051
570,3869.7930218189613,2811.776911911752
571,1918.4085191045713,2088.2058219155506
572,4962.604603012766,3346.0207213292356
573,1384.0023057541898,1507.7691323412982
574,5509.94487537564,3424.2758119832733
575,5369.223972545693,3287.9603816215367
576,7152.916110887914,3916.5611111691182
577,4827.255823990371,3302.081275608102
578,1247.8933876057752,1706.9779688688739
579,1697.8139856987063,1728.3601100274336
580,3725.1853947688624,2808.061482382517
581,2776.4966961803684,2275.6119433365025
582,2422.532123704237,2120.177635591632
583,5182.17343033986,3172.481938150847
584,3030.95514227167,2494.3802550566656
585,2021.7340969838133,1963.9056162114146
586,2047.2917960586526,2086.8692449934347
587,2694.1776757453054,2474.4261435742487
588,6273.027287101181,3566.145805960215
589,3728.415802935361,2730.0366875198156
590,2855.283589370761,2316.3423888904804
591,2011.6126659797724,2009.5749936108903
592,1564.1385966551204,1949.180365700603
593,4439.563578104987,3070.481046380261
594,2205.617758186299,2202.08016000291
595,3492.747813673257,2706.676495952556
596,4406.478439881515,2873.70346492671
597,10304.037184987359,4495.8518543734945
598,4343.888322959295,2712.0415634688975
599,3777.45732491251,2610.0674569451644
600,3094.0300387558627,2715.2162024049776
601,3889.3654840930703,2853.764940084547
602,3487.804403215054,2590.7882599300665
603,6245.551904731869,3403.212389343916
604,5138.851325193715,3281.8019024024297
605,8877.729770630274,4260.661025169693
606,2693.2819078271805,2444.9762815529693
607,4445.452713237625,2952.907701513971
608,2747.0237751461195,2227.492685105763
609,2000.1753508035245,1989.8650147740952
610,3367.2514776172848,2514.5042315393125
611,3328.3599203397193,2592.320897768373
612,2470.31725678529,2179.1116859962913
613,2730.1177281373093,2418.351145853222
614,2540.183625659365,2304.9490958785736
615,3591.9989591900885,2787.8400283641076
616,897.5136808188216,1345.8445111681813
617,2121.16150519349,2118.9051352498773
618,2610.32392983481,2439.2302829000023
619,2326.72702788743,2165.1740406247445
620,1095.045578205218,1764.6490422696054
621,1499.2459472494124,1495.7174052913226
622,4868.2786216654,3180.0548696665624
623,4081.209855136983,2636.697035405278
624,2359.530645455718,2232.7504517657608
625,2147.7456605746625,2000.890131872065
626,3506.5793681900686,2605.6162084644543
627,2651.3732505246558,2403.437426701818
628,3124.8842817236623,2572.0921091051455
629,4745.948407942585,2959.4585631179016
630,3167.912860497521,2655.1716445615375
631,1607.214699650983,1601.037892570231
632,1632.797226101341,1835.4837816173872
633,1114.473343973096,1460.594048931637
634,1044.0797434333144,1545.0573208283824
635,3848.9603786797547,2464.1803501690138
636,2843.7300656041475,2436.004679041196
637,4158.624791924693,2939.0762591252064
638,6508.566333687544,3474.3827493431263
639,1265.4715569043708,1484.8319501711092
640,4000.268447327744,2698.138049180107
641,7145.03080930734,3831.561337856776
642,2725.3442121846915,2429.862969591589
643,3303.2069219651944,2630.5546687113992
644,3930.3340999545067,3009.636871124087
645,2012.6422793068537,2049.7864425937205
646,2538.314159071612,2229.7152397292502
647,3437.7122531953955,2749.9502314262654
648,5163.294668170923,3550.965145165246
649,4950.669379814418,2958.0259667301243
650,5255.330056150825,3175.498151809044
651,1886.4648181981247,2112.4986007313487
652,5706.30155591426,3289.470183475069
653,1240.1383156389936,1637.2775015714578
654,770.214478430751,1308.989171708583
655,2307.257735804959,2171.029296508387
656,1423.7463221781134,1715.382853779989
657,1964.3223643957065,1875.4739953901847
658,1297.0844087026953,1647.3882525678976
659,1420.3209050725363,1602.1903333527146
660,6054.477316861264,3468.4998563005825
661,3181.314093933352,2651.720042019854
662,3057.4658189640336,2570.880430059535
663,4323.742825844205,2895.2426368122165
664,6657.348984357308,3763.7500288875117
665,2124.872287260862,2239.7677029536776
666,4058.1721238672667,3028.015696427259
667,1928.5478469980262,2104.8511594170195
668,5051.259975770279,3412.8518591287325
669,4849.03387439844,2903.99604564455
670,610.917092780913,1231.4433697079198
671,3499.7441632917257,2642.431624357526
672,2362.180275603925,2249.95761220808
673,2557.840377378993,2268.957807967743
674,5028.56137118102,3128.5492541612634
675,2125.4485802291083,2115.8475069174265
676,291.0168242199203,1024.6714187928749
677,1572.9550993204527,1921.5183001110533
678,1791.172042742531,2007.5871900028856
679,478.39918056828293,997.4498402784386
680,4801.361627829733,3078.8981367594165
681,3371.2494123145557,2619.2988463255274
682,1054.3159907395595,1323.5167192757349
683,2502.7517396924095,2342.4164038748468
684,4354.064700964825,3043.2718936929946
685,9663.152749377747,4332.548326331025
686,5099.679558717467,3104.248872809643
687,3809.231366067138,2915.58699391779
688,1326.0898568147059,1656.9191636124945
689,1642.6500320434252,1941.5833390385278
690,2009.1597270768045,2056.8401586753057
691,4228.109522077981,2952.0638268936495
692,3016.672975737987,2567.687183985166
693,1885.4380850840598,1700.6807756604896
694,5807.761517679844,3473.551376582525
695,2107.770092633225,2127.5303559927324
696,2650.189868694998,2382.950879225415
697,555.290862454629,1009.2281403369664
698,1969.1538607132022,2239.1008827772143
699,2039.1907553584465,2178.349585961022
700,4751.399077435814,2974.4628112799332
701,12434.89837236996,5119.17471332542
702,3064.0564645332493,2269.320262368551
703,432.04226280591126,949.9099343252274
704,3340.3916292800395,2708.9695592688863
705,3306.869699422087,2526.5905293853043
706,4154.370259104126,2879.2613797008034
707,4162.155066542727,2909.765363685049
708,1443.3305261904677,1631.8055082416756
709,5972.381786601457,3375.70125094277
710,2776.2311274191643,2124.0644911037543
711,1893.2895922634932,2142.544388811059
712,3837.760051216676,2837.455195461095
713,1911.245990484875,2002.7207423298826
714,1917.5650837252517,1983.3074484943868
715,2282.717591172782,2283.197668746302
716,3461.740511462681,2475.7911454381156
717,2455.789801557852,2229.8012915799427
718,1327.2676249000642,1653.927391022006
719,6698.257764793393,3686.48870917299
720,2401.0753319556966,1954.2574468303358
721,5825.599013594455,3532.0001567330355
722,1789.6221700311482,2035.252138436879
723,6717.6278359411845,3635.854857776417
724,2984.067106574695,2481.7295646191988
725,4886.860985989539,3033.7985458606736
726,2966.512021092894,2387.503310993981
727,2242.0792885761352,2291.3722119099466
728,5174.805134356445,3140.8620495463124
729,5909.149396841605,3617.1647246930397
730,2508.921998950077,2303.468587520149
731,4364.041486746689,3176.956728256914
732,7590.050861752553,3839.087053077722
733,4137.920877610356,3065.8736059516314
734,3643.366362885729,2625.2364178238154
735,5001.40199650607,3156.588071860128
736,2356.752860614487,2034.3816261613854
737,5345.3050557428005,3303.2747285992473
738,1905.1510506885027,1925.8160022140266
739,2454.592226877214,2078.0935733026763
740,4753.7571284111455,3231.2939905340845
741,1936.4852003541687,1959.4567692887704
742,7731.616540528028,4310.029204234995
743,3267.337902804271,2568.1286191016197
744,3682.907974916685,2711.1768809573728
745,4092.6962494737973,2782.103045060765
746,4525.526504815034,3297.922627349539
747,3223.456514049611,2530.9753622228645
748,5642.078312727673,3435.7924610651585
749,3185.228364302669,2435.228800568351
750,3316.034651696898,2515.0716300704466
751,2316.458260213643,2207.0710110457644
752,4352.7328953122105,2756.1883968207403
753,2684.813401645458,2396.5080683045267
754,3509.9230751106265,2713.7732600380104
755,1352.5486469966258,1406.7871783033897
756,6517.272686627903,3784.441217254924
757,1867.9202551021604,1893.198944428884
758,1793.7709606292474,2004.0583206875067
759,2250.311465840466,2184.793575380339
760,760.9375862315915,1211.241152239348
761,2393.6740509694055,2250.883343889064
762,1283.4080426339851,1599.4796426048258
763,1078.7950011636342,1489.0037335585482
764,3002.8900206498897,2443.7335706725607
765,1916.781684237855,1988.464160827066
766,6659.845200833846,3759.6826836795153
767,4286.440332912341,2645.2397621200885
768,1626.9639531554967,1733.4396563544683
769,3586.792276989091,2405.760620006202
770,3126.2673187213036,2702.196901516715
771,3921.455571855795,2907.7104641553174
772,2255.011954712774,2020.5053261804333
773,1267.1432507119662,1516.7485211900216
774,2245.6210516994465,2263.8289317935323
775,4402.897756541507,2935.8639949960884
776,5475.146403540784,3274.20834934829
777,3254.747549420095,2353.7425503586715
778,2867.658389291618,2365.1888757711035
779,5152.576684826837,3064.199874401079
780,2663.42531488682,2282.071915087114
781,5743.600653025048,3489.1261320642443
782,991.7262554224103,1342.6381652423852
783,461.95048199551,937.8886366360923
784,1947.0709469648348,1849.6222957677337
785,873.5263237231787,1294.8688548334785
786,1295.5085454071634,1631.0456951674976
787,2321.501182309892,2447.472764745988
788,4037.5232275884055,3104.365064798532
789,1698.0716344608102,1824.6768661051665
790,2980.835255399661,2219.7776192137644
791,1022.6494204189596,1510.7294632181913
792,4818.829022658484,3152.4656394485833
793,4803.072199118638,2944.3836460355838
794,7668.733635743901,3604.225931411437
795,1382.1752104157367,1563.17146491207
796,1761.8116484494042,1939.0923140922594
797,1545.724957884537,1866.6109022459812
798,1074.8159309133073,1381.7143313595038
799,1589.5317532552535,1684.2855275820923
800,1330.4423137076499,1479.4081521134897
801,2639.0932770195604,2506.4345029618185
802,5338.768918517607,3113.874602283841
803,4875.447939515375,3112.6832915129567
804,7351.612391836921,3676.6332160354245
805,1471.206241202094,1890.179866072337
806,3914.6092962041243,2872.4267383619767
807,5783.051469981087,3329.400819485665
808,4421.620394109046,2969.8974806977726
809,3851.911926404926,2598.6547839294667
810,5644.531900345312,3414.900249487744
811,5095.823073185726,3091.6957790852725
812,1651.920430283953,1793.5921460973989
813,3800.856141355914,2543.2090492526645
814,837.7980598310137,1093.5642840940436
815,2275.063075887083,2119.3973011285225
816,6145.711292177572,3451.2445808317166
817,2484.0460946562685,2276.188194976453
818,2743.3000372038514,2518.1217365465177
819,6315.605791632675,3669.994516894717
820,2547.549051705258,2267.5479832223223
821,7742.706865941026,4046.283436440509
822,2591.756666608924,2616.6161202646567
823,5011.958778681635,3399.0320323331466
824,1592.87571541663,1641.9547109660825
825,3497.742367080157,2762.494797403733
826,4270.6403612800505,2924.6784624779716
827,1855.4117332956723,2052.626071834159
828,4459.051605750217,2825.0687082625323
829,4346.979756501241,2883.297886024321
830,2581.8326467042198,2263.3070082705053
831,2677.429886452657,2431.393463545436
832,1518.6958324404363,1803.9243716510193
833,3253.9307462647657,2436.5758051656594
834,3201.728484062012,2560.370751047321
835,3599.937882658162,2808.546403108995
836,1911.0346287396055,2114.059865946623
837,2198.4306944608547,2147.629987373789
838,2343.2026584304504,2021.004259389062
839,2450.6297834681754,2437.3520131371797
840,5045.272451957897,3334.0439805417623
841,872.1586764224288,1433.8827810340103
842,1422.0732301050114,1567.418474906601
843,3653.5192146190784,2852.296649553953
844,2202.679692360022,1960.3706377714932
845,1628.5872082789701,1770.9562097843482
846,2335.268042260036,1972.3043626793967
847,5506.042047308347,3256.35792793717
848,1582.5998560272644,1488.1969486613987
849,1130.686850752216,1602.5108510281025
850,8317.475543329803,4193.390763493564
851,3105.7053564347743,2496.075380813034
852,3697.741081302115,2671.39568220622
853,942.6191516407076,1467.170478192457
854,1589.2243319594256,1901.8879285791274
855,1531.9991464104555,1726.2221192043894
856,4790.676123918203,3045.8331223516834
857,2320.351534904313,2271.727692096247
858,5087.090963022928,3252.611281571176
859,8769.161083635605,4127.384439743049
860,2654.1051649058354,2241.377069871455
861,7725.177020496993,3987.2052399095587
862,2047.796648487494,2178.175071818528
863,4564.531635379312,3048.184680309801
864,5755.796857812229,3274.3293921550658
865,3938.6451887747053,2939.8305736610146
866,1956.635150255535,2102.6666814571117
867,2103.7306971824974,2164.0277199792536
868,1764.4352375581498,2179.1285145132774
869,1226.1119396234146,1432.0142231123064
870,2180.416628844975,2154.0545414001367
871,2443.1610322185943,2207.2241874217057
872,1540.7797122019672,1755.2607646469337
873,3692.9950409680037,2536.1369740372224
874,2309.840798211769,2467.9328943703686
875,5152.006296621669,3208.3078429832594
876,2547.136079026735,2528.391388477012
877,2948.380467728854,2394.6431168989316
878,3257.3498734919176,2565.1830346391666
879,3808.5126873199365,2923.684788358962
880,1341.8969502548523,1525.0454196519577
881,8469.228952767047,4078.8067084561035
882,3507.7331926357915,2633.2878918306565
883,4527.412933034357,3108.287571354263
884,1117.451071256507,1785.5955171737078
885,713.4793920749528,1314.6029129391286
886,3468.019603334061,2544.3008055440737
887,4826.41057184966,3288.5678705821033
888,2763.6084949323354,2289.263738659831
889,1603.2082730959203,1947.946313984299
890,3700.5411147299696,2601.2469137088838
891,1726.8983374654579,1889.7204234989513
892,1058.6351932282626,1348.800939697981
893,1106.825613328974,1511.949278785798
894,5318.958086291558,3399.985674032555
895,3763.443132425288,2797.6562621039807
896,2535.38328632149,2204.072300159017
897,1938.0055939217268,1691.6063107892285
898,1954.964774417687,1954.3041572477543
899,5621.929732250582,3389.9844897638454
900,1516.4470653986195,1963.8554281157437
901,660.7442139163529,1257.8463813206358
902,4972.366249868415,3230.5055691146567
903,3945.9361295167073,2742.3565579588785
904,2173.8941334715814,2052.8806974415083
905,2287.5545699467502,2078.113759320285
906,2270.706440161302,2094.2083158850023
907,2453.9712552792307,2157.450609999762
908,3262.8751159088915,2751.0105783317445
909,3682.953183713571,2706.591517828396
910,3258.650323886611,2675.56450416642
911,1772.9566259052272,1708.0659890065563
912,1724.4399077856142,1861.4831258240042
913,2494.8283719649417,2299.084941524367
914,2042.743640534374,1937.775421944085
915,1668.8539092487604,2042.11807856084
916,977.3568032356151,1596.0077574858983
917,1243.53016715236,1445.581496023669
918,1273.4868780300953,1677.4188507388255
919,3779.436656311062,2934.257603585807
920,5947.683741520644,3446.962069068992
921,3208.6681731311746,2577.269179607424
922,1031.7140761344951,1539.3906488509963
923,1332.1648038909705,1755.3190440674884
924,1578.797896573109,1644.0759102430343
925,3773.600710934762,2739.835195202229
926,3020.7823524059763,2703.4533101900097
927,759.8467493536457,1221.3830613203816
928,2789.7795635067323,2153.8789792942675
929,2962.5021174881003,2401.110733698179
930,2579.8079058985504,2344.1829108143334
931,1517.858819794746,1582.7155840347762
932,4293.198963145709,2810.064950560796
933,4383.334922373106,3116.921500912769
934,2118.131421886537,1986.0304019070065
935,2711.840062558996,2468.079224090498
936,3617.5123273637446,2649.103230629625
937,736.3278904743322,1244.303708727775
938,3874.5624580318,2648.680536000458
939,1461.3175279591708,1741.727873765496
940,1866.529185273568,2025.7896674565286
941,4828.877160884341,3138.796732976573
942,5403.694061551282,3371.4743159764807
943,2398.6086089944424,2304.225264468318
944,2031.534966977426,2107.58914505891
945,1092.8877429353302,1624.3833149515394
946,6079.115082729147,3242.823455134064
947,3021.601991574555,2711.5090629758674
948,2794.320782979412,2273.7301282477174
949,1940.4865685959574,2021.9545517860604
950,4919.716608018052,2962.375722643916
951,4964.390081445334,3424.372052506357
952,2057.677076682119,1800.7270133195425
953,3987.385180564411,3005.6452850279343
954,5692.4074169989135,3380.486450850427
955,1763.5266713835051,1775.186295471736
956,560.9673803049909,1126.2640338293998
957,1818.1394139658232,1979.499975821778
958,6761.128660850004,3850.0207683598323
959,3425.461133892908,2687.181333520601
960,3540.143241152175,2625.892006529258
961,1402.035992991216,1939.6481191403032
962,4174.9092883431995,3008.569968792756
963,1231.1177870794695,1568.897329534303
964,2462.9771580876213,2047.8340298307046
965,4833.188067557869,2921.2496030129023
966,1188.0863606032274,1369.1226829710658
967,5365.060690424306,3147.255806769702
968,1377.719267800985,1569.49808443181
969,1893.9493239517578,1817.8989841638895
970,2009.110912239293,2282.573416900673
971,4106.379554269868,2926.7658758755338
972,2762.8306846625082,2183.8060073516344
973,1927.2870149213045,2162.8027020682503
974,6281.282150660979,3466.240477999619
975,6463.765852611596,3696.8296421614323
976,2505.7983895556376,2513.7800942466774
977,3508.463718080728,2560.295176250685
978,3565.9282147772346,2506.41117153708
979,2163.924716332241,2203.929364042091
980,6731.5015648238295,3590.4781933731356
981,1837.7127353989401,1895.9499046950605
982,3707.7843583705994,2640.980326849969
983,1619.0021301244335,1894.5089141752296
984,3545.5823475982256,2559.131138572407
985,3276.4219058949498,2592.548171785591
986,1768.2540634380262,1869.96310781287
987,4601.322840554395,3127.9455100820846
988,2274.2974745658953,1954.5317462484863
989,6694.979666829829,3737.720907672043
990,3535.712477489562,2534.1328137769865
991,1181.7168904609182,1651.7971213519086
992,2142.244977609064,1957.1749496209113
993,4901.6292174372375,3185.887035503565
994,3042.685931570276,2557.7246288408733
995,2759.2985562552517,2330.990398269314
996,3443.29274205458,2669.175649793853
997,3194.420257194589,2421.5911593979354
998,3662.301082635765,2696.5627944585317
999,2605.1649783543858,2129.5248024648567
1000,2810.7771398921204,2367.0967921801684
1001,2592.6831512782724,2212.6115876048134
1002,1624.5910335656445,1735.1173393701292
1003,2186.254944251235,2138.485526154668
1004,1530.2897552092786,1672.2311807785168
1005,2894.836057391893,2516.857630975788
1006,1374.3890256502825,1559.8328267068648
1007,3039.7257211766496,2574.0454476939926
1008,4289.480902964983,3087.378249323132
1009,6654.520075643409,3816.760544838922
1010,2368.5669771356706,2351.346057434608
1011,4441.132358545772,2782.3249083063392
1012,1835.018203793413,1936.8403376493134
1013,3778.508495915114,2588.224693977406
1014,3736.9893942988406,2796.2644880134467
1015,1623.8947259809306,1757.4757294555955
1016,3124.691216407262,2541.8628448265545
1017,1178.3682415728174,1669.1638776155803
1018,1481.5691193771997,1622.4210356828205
1019,2255.7345725498917,2270.5538803970558
1020,4266.978548108778,2887.341913458305
1021,1803.4390265069856,1875.5432216599838
1022,1908.1183861253974,1834.1315047781827
1023,1022.3469904357564,1467.4951073570746
1024,2650.8393810518837,2343.964395329912
1025,3575.190002389656,2784.8484781452808
1026,2959.0639370393346,2463.554392775648
1027,6080.517781279161,3477.2208562881515
1028,2105.691786423773,1964.7389264493659
1029,4670.633146681116,3242.887926254381
1030,1317.4685828486117,1620.2908315433115
1031,3442.7209600009105,2620.7027818030615
1032,1959.9128271099603,1895.2270786189936
1033,3320.719029737891,2583.742379874403
1034,6132.029231671086,3596.8216468318565
1035,3564.0384536643787,2736.7178325688033
1036,610.7742059314,1221.2756625352827
1037,4643.058697085846,3096.602705106128
1038,2405.2202344733296,2362.167209357437
1039,2164.31567444204,1959.3922474924539
1040,4231.865253056823,2963.5946854652607
1041,1559.9118143682529,1875.589336195437
1042,5012.880448312715,3267.187798075923
1043,3962.4342283868373,2862.4378828407353
1044,2712.363599870466,2427.5606115409296
1045,3414.7023146524252,2612.3409996771197
1046,2470.153123414605,2138.6171711085394
1047,3320.2294988130234,2912.2375288307294
1048,4859.99179337048,3064.4445886646054
1049,3234.555449193311,2540.400800574145
1050,2366.8132855206363,2266.587866788919
1051,919.7922124165427,1288.900663336909
1052,5426.478836111613,3446.3986137724282
1053,2091.4913082124017,1784.704636889667
1054,1317.9532519859308,1945.2705790289833
1055,5325.965137113635,3403.310470890641
1056,4359.527811659305,3025.2489205241986
1057,2648.1632440158946,2128.8251788388106
1058,3905.2606261796427,2725.7251282899206
1059,1575.8209701449753,1915.9020026683147
1060,5759.479480410924,3538.1775919515057
1061,5931.063866663091,3481.7686212957847
1062,4873.928138729192,3234.826090129127
1063,2481.0828000923457,2040.678033026843
1064,2351.6550616931227,1985.8953028828257
1065,2772.3611263547186,2199.19689992559
1066,5415.491163831744,3299.0204119265322
1067,3836.2678687864964,2703.1942274884973
1068,4267.543098261073,3068.489878942878
1069,6811.690539255476,3635.640122639046
1070,5523.362882998862,3397.294884592731
1071,510.1794935807525,1081.7138947793135
1072,2961.265817105895,2285.1712508540536
1073,3114.5068134876597,2778.0299737756864
1074,2161.2782987502915,1825.6894314994472
1075,3965.514108901862,2849.235155435673
1076,2207.565017186829,2239.731803469903
1077,1845.7628405909018,2095.62941846576
1078,2630.4368487315232,2091.838420433212
1079,1189.8168709881259,1445.5897699491675
1080,1377.8876680715568,1750.3625704410374
1081,2911.765593020786,2571.587691663714
1082,2014.4990554981935,2034.4826372196362
1083,5341.7670875452695,3156.7315014143287
1084,4975.593693889282,3130.618182872291
1085,2489.893247723012,2165.771040892065
1086,3987.443534180607,2618.6360561942697
1087,1156.1840977823304,1489.8251017504329
1088,6155.412294158168,3397.3404868690104
1089,2466.116193066168,2190.1823925462386
1090,1450.4121221973326,1883.9928140892475
1091,1803.9795051189517,1841.676225891232
1092,5446.546238169302,3361.74962754163
1093,1661.2146026002752,1951.6911671589676
1094,4296.01167600778,3030.6828018876613
1095,1346.656754426843,1471.663557039138
1096,6574.59405398469,3882.82894437274
1097,3804.771612256512,2628.545483483094
1098,2787.9323332715107,2434.1364695134816
1099,5641.469959798111,3365.325020716951
1100,4867.766874122405,3134.286778754291
1101,2060.964906846128,2163.500532222371
1102,4740.9498153704035,2941.91064599085
1103,4763.271998291475,3219.700268799645
1104,2840.8291998596405,2352.1887050081386
1105,1803.196803167153,2009.2282266336047
1106,1526.996028820678,1638.9864652220858
1107,5115.093670727977,3276.8045276850767
1108,4905.315939925677,2946.6877311768403
1109,2645.8185160060752,2131.3276911255957
1110,3823.9932118371926,2844.871512818447
1111,3605.377384995156,2678.176088434112
1112,1254.9650636104147,1769.6412069084517
1113,548.4843254871467,967.6666098166306
1114,1674.110781930231,1753.6418374381217
1115,2906.9242381094423,2755.0856673738035
1116,771.4594496237086,1192.1460376939099
1117,7090.311227497088,3837.138438397956
1118,7091.388232705636,3746.0634364414477
1119,5338.9562053499385,3384.1556219679514
1120,774.2829343427345,1154.5310517741104
1121,2621.026256929867,2427.3512160703112
1122,2982.3111895484662,2299.725100748665
1123,575.0327676488246,1239.4259321073812
1124,3443.57984468696,2814.3165426427045
1125,3265.180948849463,2391.8347130018024
1126,2758.2503849953423,2361.6223427923055
1127,1951.9881385552876,1928.1396913395615
1128,3156.8406200927716,2452.4877879978594
1129,5454.468048344805,3395.341168532014
1130,3119.875844604064,2490.8674969904655
1131,4480.23490502373,3243.8078897468245
1132,1514.6241701959616,1608.4915538505415
1133,3889.047471753863,2823.4414242320454
1134,4324.0272610804095,2915.2382190728545
1135,2435.0482796228175,2068.701594462477
1136,756.480492163794,1107.2465914991035
1137,3410.6574707650398,2597.527150785799
1138,5038.495149272072,3046.8482883784345
1139,4930.185532318886,3263.583672294965
1140,1209.5954187657624,1595.5515810242985
1141,2554.288972018356,2169.417543851381
1142,4826.0365519910265,3123.2666972136353
1143,5851.522182670222,3546.412920281227
1144,2687.2003034392937,2056.5744660894557
1145,2008.2224962783007,2100.708634926026
1146,754.6335399907279,1280.6047422323106
1147,4033.6550864237774,2611.6973391216743
1148,1916.2697487938713,1934.697740439149
1149,1160.1854824383336,1338.904942369222
1150,5653.872194450107,3513.615363528652
1151,1065.7852635191236,1529.9566811142938
1152,3867.274069127624,2717.1410333552694
1153,3204.3912646574113,2648.9582623754263
1154,1639.3141099666666,1756.4277681985598
1155,2236.0450407694716,1945.6290619911613
1156,6917.220339261134,3591.159743648564
1157,3042.572088272391,2302.475280568345
1158,1340.2263775426804,1650.3028661199876
1159,926.7559178511942,1522.1659944363234
1160,2108.770574463308,2182.996519337159
1161,5248.14765710036,3195.7827568461857
1162,3173.0582568239797,2570.112863899899
1163,2672.6078543368544,2314.191224632323
1164,3495.2645983418843,2782.3646046521835
1165,1813.8047693604847,1811.3193226956744
1166,2391.8712508584576,2161.214470087165
1167,2126.4717011943862,2010.2742910140705
1168,5940.123633787489,3565.9224870210087
1169,5719.94140015159,3569.183851809
1170,2381.3578903032226,2259.388948918534
1171,5357.021725375079,3093.839797072756
1172,2320.2323176259474,2140.078439254593
1173,691.8414694485314,1373.7351396063725
1174,2173.4001971074,2139.6352322707507
1175,7017.2933780476,3779.667592291038
1176,1833.3875541257767,2135.9130567060474
1177,4448.245070610303,2952.7987944819565
1178,1814.6410207299443,1822.320779701445
1179,3146.387593831323,2440.240649671759
1180,5634.813004214856,3455.0505641488544
1181,3435.774968860024,2541.2512584385095
1182,2504.6590606821937,2184.567941624212
1183,3997.4741300100254,2808.1995385307678
1184,3323.429486995664,2804.097278405694
1185,6364.3686253287515,3491.5398603004523
1186,1196.4194239967653,1549.861740670144
1187,1301.1173270034938,1743.301493390134
1188,4734.246590544966,3047.9287703985187
1189,5476.748719449103,3455.5582459572684
1190,3567.3828390903873,2526.90705843062
1191,2889.7753990549313,2399.5888825475445
1192,6753.388267933603,3660.485115537122
1193,8774.42597055766,4420.708776045889
1194,4069.237168854116,2846.1606738099517
1195,8054.495564019173,4110.1230669376
1196,542.803907796356,1088.997178743792
1197,6535.8476154969385,3624.5259864774157
1198,4642.5741890557265,3066.2871029371736
1199,1977.7992855641037,1885.2663329504971
1200,2428.0664069424865,2087.116398004401
1201,2918.6362250901484,2376.1842168883363
1202,4373.7575606860355,2976.7965605558693
1203,2514.674842154156,2297.5902634473186
1204,2108.9852826256424,1972.2630683726604
1205,1768.5411962699268,2162.250700539386
1206,2166.3056213108657,2194.8886634251285
1207,2024.4607211975451,2213.4532266091087
1208,5522.1542514055955,3434.342824930405
1209,901.385289382264,1293.6844144306565
1210,6625.414292921276,3778.1254949525473
1211,4741.651138451308,3153.5359227284757
1212,822.1347277162575,1172.3408243380693
1213,4678.666679144889,3201.3088564198843
1214,3449.7378775325237,2605.2786313666443
1215,2091.74927821893,1965.0571047231745
1216,1090.9568121402815,1449.5606445912451
1217,1352.6212735819647,1508.6106513451211
1218,5107.470340905606,3066.0713478719426
1219,6919.600408640564,3733.6498953909027
1220,3327.12691175585,2550.131642720008
1221,3348.114924477321,2552.063430052335
1222,2394.1248700539013,2299.6036675277196
1223,1879.7357443006638,1913.593226246091
1224,3981.26745190941,3056.1988578711844
1225,1626.1337243134349,1751.059675124817
1226,2362.3962691547026,2268.3471549615674
1227,1213.5469541590467,1634.3268324892454
1228,5707.880907969454,3205.6831033404305
1229,2822.314609037818,2504.3308919967403
1230,1519.9857479113948,1951.824942812542
1231,2968.8040531072643,2351.4721353082787
1232,4947.416430387354,3252.41020347325
1233,5827.316149792412,3450.1800637965193
1234,4182.517285945527,2939.740244010215
1235,1778.5180328453011,1989.9020072826856
1236,5655.3892894484625,3616.4699854447867
1237,848.6753864211224,1324.4212743968324
1238,4043.094675622677,2872.586883091278
1239,3695.5354221802186,2752.3529731926265
1240,2323.314892148823,2143.6869985797516
1241,2697.7105820054885,2098.5931843489416
1242,2493.02201327783,2214.209595051883
1243,2924.1081007169955,2584.9250787253886
1244,1314.3066410044298,1543.2515464708247
1245,4781.463428885938,3126.07224771823
1246,1774.16321804089,2274.0837939132703
1247,2202.464799164475,2102.182426333245
1248,9076.53895202834,4510.98377442763
1249,4459.870477441942,3070.0576963556096
1250,4344.277934552154,2794.4525261548147
1251,3564.3992314362204,2841.2614423926398
1252,1769.9039870983947,2019.7462966096164
1253,9053.476549711666,4363.562419554072
1254,6050.29336099941,3414.9605402715833
1255,3199.6908850218992,2728.156145926634
1256,939.9656161526865,1395.9812995658274
1257,3356.0812866766046,2749.174529507509
1258,1637.9135093200478,1681.0900414671783
1259,2028.0364340805786,2091.681650093762
1260,3418.4031702370526,2527.0719316450295
1261,2244.6059362629285,2203.180919448213
1262,2981.901994931891,2413.2930684502003
1263,2727.0778598598404,2228.4028306282457
1264,2674.6712797214986,2427.539857144885
1265,974.9285264196668,1455.7776341386243
1266,4515.596882429678,2923.794064093431
1267,1240.6176599999794,1749.2915103144992
1268,4297.628944161764,3017.116070207085
1269,2177.0586032327733,2147.7974096485077
1270,2724.900081597987,2247.1315917391826
1271,3694.5630727469484,2727.9479201584068
1272,2298.676163093641,2122.785414013725
1273,3059.9961712803615,2191.4236408235474
1274,3253.6299147226655,2841.631733314807
1275,4922.864602392634,3262.7122516088257
1276,3650.9166751730354,2551.9199500481714
1277,4804.098443119123,2823.9981697821813
1278,4378.635324749167,3033.1869918271386
1279,2841.841237046885,2060.126160707372
1280,4421.878136521368,3034.8736662605656
1281,1769.13276848393,2080.0795984580163
1282,4275.596185559629,2906.2509023436355
1283,579.3009423932467,1265.8371734006332
1284,648.4437487475509,1323.371556842809
1285,4806.275097290846,3119.903297583818
1286,2569.8246692116295,2448.4466266238574
1287,8082.393673955673,4244.495523327785
1288,2090.052154492206,2148.354209669073
1289,2523.4588260935534,2093.6585373108155
1290,891.8724477297465,1290.1891891100186
1291,1963.2525054866694,2225.7540867592606
1292,852.3457895282035,1439.1131592276458
1293,5400.4065281481435,3518.0383893904323
1294,3889.1464872673955,2740.8818614400616
1295,754.9472167704171,992.8662519919369
1296,3178.7012420030887,2604.287233692501
1297,1531.610118746123,1841.3226675987885
1298,5468.456221738519,3480.0089445715466
1299,1012.2587102085386,1456.6269604772067
1300,4257.205213236097,2846.224795711456
1301,852.9480254763755,1326.2220328331555
1302,1277.648706645874,1634.9845829161611
1303,2190.1459634621133,2105.763007669936
1304,2830.584409660719,2262.522946587851
1305,3475.065805592278,2585.2698138066003
1306,1877.048302663938,1970.4360820581041
1307,1657.097208491993,1674.233220613966
1308,4037.8610587508983,3007.4419977475654
1309,1589.7887150098516,1783.5680643151834
1310,1002.7946861758394,1491.583499567953
1311,1163.6784044573456,1592.041704277569
1312,5676.3118240274425,3422.869370935279
1313,2661.1105249238053,2172.4929458477254
1314,1393.5915579589935,1532.672960663723
1315,4760.703137632755,2990.2891978491652
1316,4450.077681674454,3156.3553713391884
1317,2278.255171460915,2359.8255167832513
1318,913.3915967902012,1270.3250169231867
1319,2284.665965800267,2195.2683300844437
1320,3088.295668726112,2665.043743090236
1321,3000.6344638341584,2468.5582399224545
1322,5968.058766665053,3381.0243648472665
1323,2119.94791023776,1960.3760884668723
1324,4344.75970516647,2866.7227908101586
1325,3662.835483232628,2573.5655805978977
1326,4023.6833926166114,2840.431470885553
1327,2332.8582814875363,2415.6460993504375
1328,3997.212426904212,2994.184406116556
1329,3656.0407368118294,2653.1427002490714
1330,2151.726938473291,2138.4315831859453
1331,4820.958602549778,3141.6015339466453
1332,4767.967315208731,2891.1226218437832
1333,2474.37937831721,2209.8716601727306
1334,1104.8310845616545,1601.2012558403019
1335,3477.0948914565474,2855.9609914528937
1336,5604.099207120515,3317.7113071670105
1337,2942.872941709483,2465.279996177885
1338,5262.424787387521,3198.005963554316
1339,1396.8611481908713,1658.5984430233407
1340,3580.47750391936,2902.2245406084667
1341,8559.14045440743,3931.0462528859084
1342,8223.415756969134,4363.9220076637575
1343,2804.8573832092666,2318.7339477059313
1344,452.8964548008475,942.6063070541915
1345,3767.6852627606045,2994.761531339156
1346,1872.7913289599567,2045.9271488902916
1347,1812.4162181253498,1897.84232908466
1348,2531.9162844032276,2432.8686275469163
1349,1511.63437113484,1742.5124924516176
1350,4265.72914169724,2963.792180263854
1351,4712.334173051179,2877.7982586008225
1352,3404.0127553104053,2869.2622129651236
1353,5488.075037520304,3378.258555367077
1354,9157.639915767135,4187.016106744172
1355,2080.3218008667595,2256.8376106304777
1356,3171.7061106976976,2461.2327196288215
1357,1549.426297224097,1764.1480979009345
1358,1675.5070515853238,1926.9511858890667
1359,4014.0554567682098,2940.654247502103
1360,5872.221734239936,3501.582116415538
1361,3364.3679114248534,2674.2107675841744
1362,4139.880238188018,3090.1003371455536
1363,1367.3499531939738,1651.0221820322304
1364,3883.603733284438,2608.087103711525
1365,1174.6336876454825,1555.0788688456214
1366,2131.6566297471127,2205.089541222094
1367,4124.116531274236,2775.6130642643184
1368,4059.8970149135453,2933.0387632766633
1369,2178.7907695304584,1792.7801250259965
1370,2715.217177018,2327.6208142187784
1371,1661.576693108483,1777.5385934019007
1372,3980.742337068099,2914.443874579135
1373,1738.127444297598,1744.7180788515184
1374,123.89712987240057,753.7410471676022
1375,3825.188911413341,2676.774493026939
1376,1911.6485543959955,1910.3551490598047
1377,3329.894792607678,2461.7304706187524
1378,2131.7214260877336,2120.6604102843526
1379,1239.2132802029416,1528.2522321758786
1380,1047.61904396663,1516.6011848427218
1381,7308.458694429681,3886.622552841105
1382,2351.6809483483003,2096.999303219781
1383,531.4037598660004,1002.8986845744712
1384,3212.118427049503,2553.355024492182
1385,6777.840248007801,3621.4622796386734
1386,3722.4895083088045,2813.7053397900536
1387,4987.18087089563,3136.618532271779
1388,2328.9806144962868,2149.0049133143525
1389,2460.5461582387843,2231.6271458044394
1390,1291.119705047156,1424.118638616831
1391,6487.824686484753,3653.176017862419
1392,1800.7577068272499,1914.0507077917061
1393,6412.736621983471,3604.067421516918
1394,7036.567496478106,3630.3040735605787
1395,3757.692170736696,2814.8403985488508
1396,5255.263326355687,3296.7782973762096
1397,3198.952901153404,2404.9431120986756
1398,2621.3195368095558,2208.461442709638
1399,3901.832710632656,2881.549235156072
1400,4243.538435905617,3053.3337570131616
1401,2068.685271251829,2147.290964609167
1402,2422.3145250620346,2252.7343291923366
1403,2521.112435721557,2101.595314588335
1404,2457.2243904967786,2181.112873059882
1405,5266.866320651081,3258.3414211438867
1406,4456.519787902068,3032.674827493952
1407,2427.176656329531,2029.976579960138
1408,3354.6435999114533,2809.4804933254236
1409,3252.1211220720547,2301.4475369458173
1410,2819.5436318308175,2270.706056597638
1411,7958.484628094497,3961.542224753468
1412,6813.101939547672,3764.6086817315127
1413,5133.783467049098,3290.490167715357
1414,2768.015231203146,2272.6532401958507
1415,5328.475582697816,3475.3519592615758
1416,2293.6933976935575,2233.24728876958
1417,980.0433613041798,1641.973782429189
1418,4201.452318436325,2879.50749276984
1419,3705.046732460379,2811.2817366034965
1420,3005.1594622331995,2483.2954065497356
1421,1884.5619296141817,2042.500545564664
1422,1728.5916683884286,1981.6643679783226
1423,2399.3115058601707,2178.851515508819
1424,4326.968719049865,2958.086908405486
1425,4855.303092248136,3084.024175709496
1426,4249.931675278366,2868.82282635464
1427,5588.685450554317,3423.4253119878326
1428,3924.580241138394,2981.61242030986
1429,3546.747077665341,2724.256942574414
1430,3335.1247302695456,2595.4407803738154
1431,6370.20625189978,3744.185865415751
1432,8678.811183261047,4342.841357766426
1433,4122.877542462321,3065.272684160145
1434,6274.052589954129,3731.7744175991097
1435,1413.4335033537338,1592.695985441071
1436,897.1504032997917,1362.1532025365996
1437,5633.885878462426,3410.2595989493466
1438,391.01615344621416,982.528392946015
1439,1175.9740048129624,1518.990380675387
1440,2667.6578790646045,2405.1838621771017
1441,1854.5421534228792,1964.8641233624671
1442,3586.009046811843,2856.221552643895
1443,2019.9196153924775,1687.8560768512873
1444,2766.3160959558454,2264.3281586409285
1445,5207.221953451438,3219.1284960436706
1446,1213.6007194917581,1284.2029043445787
1447,3899.7121175193893,2969.1602658555425
1448,1862.6196941142732,1823.0938582571985
1449,2018.2893095358365,2208.441440727036
1450,4964.716567925122,3422.090636576436
1451,4093.8955436513497,2720.212628743492
1452,7237.351901242537,3701.833692654927
1453,1827.0823300796303,1741.8884029266342
1454,9267.493689535102,4469.682701122569
1455,4599.516682479306,3034.60766119687
1456,3814.5227353400883,2779.271159684672
1457,672.6884443898529,914.0634970684772
1458,3725.8303960641015,2677.4219368945073
1459,2657.345660802445,2267.9117125172115
1460,3335.8691070255773,2736.7798824094
1461,4207.600727953805,3158.2615564928956
1462,784.7112852741158,1123.4002674261162
1463,2923.2756819897713,2288.280661438488
1464,1342.474603280583,1488.5187985697999
1465,4080.1650386736296,2821.0623632563356
1466,3434.0087214897144,2753.1499129793638
1467,3953.8715170736677,2510.780677791135
1468,3517.932110378478,2627.109889747911
1469,1107.1028568455538,1305.2383145376402
1470,1837.0088192013664,1828.7514935016063
1471,2064.5214437904974,2340.7857525582604
1472,3994.224603845896,2790.238926425815
1473,8050.058275493039,3914.6211241857877
1474,1944.074989002954,2110.477898033654
1475,4035.0347350113925,2873.4043377390817
1476,7888.379885419777,4001.477014987928
1477,5260.244758083448,3371.498610359669
1478,1076.7240870821106,1470.864092847689
1479,1524.9275858165515,1833.8650748243629
1480,3988.993925624764,2796.3673617462555
1481,3401.5541129338076,2743.1259406297236
1482,4085.2070658533034,2962.524268889924
1483,5395.539213643006,3166.375503645284
1484,3117.060193435918,2504.7064267951187
1485,5624.251531289666,3431.2540925811854
1486,4286.211840641949,2774.1217527099493
1487,6810.809372543861,3929.265225729561
1488,4185.23503964866,3032.5472538701288
1489,2588.100801871009,2427.8975477111144
1490,2074.8838395275716,1942.4877962050377
1491,2292.5399538266934,2137.324893937133
1492,3975.440443744176,2775.602707417237
1493,6359.571957909085,3600.12657082724
1494,2489.6837853322995,2285.787683085703
1495,2876.2750160853184,2689.7762784458487
1496,1896.2742794631843,2018.43643516898
1497,2606.222090287213,2113.6426608548463
1498,754.7423794972732,1147.8012476380466
1499,2402.215607092424,2299.01195077923
1500,198.01696428867527,709.8135059473815
1501,3770.316506544936,2669.9570398151695
1502,3062.2122561218885,2447.612211623875
1503,3411.6329180144785,2809.5094191176663
1504,5391.598621003306,3378.9103091363363
1505,4412.617786338114,3143.7120911906877
1506,1807.3696711145049,1741.3820735100692
1507,2033.2030978428895,1968.3476029954331
1508,3180.67973039895,2658.4100254150126
1509,3036.5460523926604,2254.258618745522
1510,1574.2646682007073,1825.0729760999666
1511,1437.287050996765,1712.9952840569576
1512,1988.3090239747414,2053.0212730581675
1513,10213.677972251427,4479.667921743135
1514,6098.544955853974,3512.5765036347316
1515,2139.176913785204,1960.7614129347146
1516,3316.573117689598,2746.1898409778896
1517,5690.577308888358,3506.821991303057
1518,2075.3385613988926,2078.1281183298956
1519,6096.846349960522,3539.2410506998417
1520,7725.2052116055065,4074.396321677324
1521,4768.842844972924,3063.927281550196
1522,412.10955196777235,992.7809243801195
1523,1757.5457950809753,1992.3192534901632
1524,2577.25562117173,2055.4919730813485
1525,3924.1866976949004,2868.344951830354
1526,2391.3220711137806,2319.56400480489
1527,1686.8967764610395,1919.3438849625895
1528,3598.2202897003526,2761.3184064755847
1529,5291.395715657311,3438.267222420094
1530,3841.039345669667,2999.8195356995975
1531,4305.826295863591,2962.00170754616
1532,6103.976322496872,3408.7506090062398
1533,2191.790951468815,2055.9544586565926
1534,4771.462862270519,3065.0310154292374
1535,4043.2688858340957,2925.727920255577
1536,1006.3260491112751,1602.2465314340795
1537,2614.0155980104378,2096.3715085799977
1538,2086.9352849866514,1833.5601320563494
1539,5302.747092131811,3295.253790693308
1540,4924.647219666985,3262.864791382792
1541,2486.172200654399,2355.9453378190765
1542,1849.0238783295385,1888.5914481587456
1543,4009.61627505231,2493.085227889701
1544,465.21883855323256,897.2260097516823
1545,2177.0705645043004,1982.4126977548267
1546,4087.133874816502,2897.331288042156
1547,2942.3793424058385,2536.0182612988942
1548,1616.1881800595884,1931.8561985953093
1549,4551.4475825468,3001.5935484539464
1550,1640.5982972933148,1550.1320218309033
1551,1584.3417023984387,2036.0667261789213
1552,3883.04863817067,2726.5791289114572
1553,6053.329139048645,3496.2392940211125
1554,7939.470811813191,4100.626263654853
1555,1187.0589904783828,1594.2280697300862
1556,1705.8343290100352,1802.1767320303932
1557,1894.5021287322952,1995.429968291341
1558,5005.689501881186,3199.5500342918062
1559,353.18762414132203,560.1366353091676
1560,4247.544175554655,3210.567646936396
1561,3752.809312646055,2900.3110667862575
1562,715.2766909743267,1287.4335561761695
1563,1398.181414437069,1689.0485593694978
1564,7341.981442242046,3768.8660553205805
1565,5872.1137356033705,3512.400867324258
1566,4555.031696755215,3003.3182570653235
1567,1538.841103517063,1649.6609875528645
1568,2545.070215104113,2353.0746487360643
1569,3946.4017553528793,2734.9049076622296
1570,3147.992001650093,2462.4372225106067
1571,1822.8452906387072,1735.2433189880417
1572,4947.532692104813,3082.95343411305
1573,1625.028934089568,1902.7007490092633
1574,3345.7141100656354,2507.3984991057423
1575,1884.622729100649,2045.5183658378653
1576,7609.153129830217,3724.4326833304226
1577,3212.0169883651365,2602.8921520016265
1578,1746.8321837012063,2049.5657401007866
1579,1112.4609379230424,1468.4728292741468
1580,3418.805439413319,2696.3850310173852
1581,6935.890452051126,3732.7364828085897
1582,2990.0671807181625,2626.227973964215
1583,3032.143271217008,2379.2794457170753
1584,2163.8357689619233,1776.6328870310017
1585,2251.499095065237,2014.853655723215
1586,3289.124542036604,2453.814071915238
1587,4765.440343500373,3326.338304614025
1588,1558.9018062376845,1974.0229713490767
1589,4753.404590360929,3023.1695606205535
1590,2725.533584725529,2385.6475402999854
1591,1181.5422534406064,1346.9131455075424
1592,4686.686735698631,2943.9620320505737
1593,4468.532874709208,2972.565327478062
1594,2774.2529628317543,2426.550974657367
1595,3564.433674176261,2437.176091089951
1596,7553.509154551752,4118.82041899255
1597,2165.267635234062,1848.016684524347
1598,2960.0498190861003,2552.6791969170786
1599,3452.9065375639666,2650.104892253645
1600,2677.9575087097264,2174.40955363744
1601,3193.2111994876173,2697.391950550928
1602,3124.2923419603358,2530.3491121794177
1603,2868.1602418479315,2481.4030956177785
1604,2095.9435278985857,2026.677282306608
1605,1766.6420449218526,1848.8008471514613
1606,4371.622166351596,3036.1956058308347
1607,933.0478856062999,1477.8078562693083
1608,9207.387158217736,4535.050499142844
1609,4335.121729764209,3116.778048244624
1610,1551.69349237848,1918.10271416579
1611,3987.606189404792,2981.678630601371
1612,3127.921182888428,2729.0576691834176
1613,4082.7120746080723,2816.4748987398943
1614,4495.935370570302,3064.1559690924696
1615,3401.1667838469675,2645.8570070788296
1616,2007.076826659997,1940.4534074883559
1617,3493.462151761248,2599.7690278797136
1618,1487.7847508265756,1791.9664418153286
1619,2620.8915641938984,2309.297931877725
1620,3068.9488169950637,2583.3006597905373
1621,2114.7491034413433,2193.3803782606205
1622,1981.6463241840338,1901.948812709371
1623,2888.2288119665905,2180.9680599822204
1624,4327.17664977934,3222.692603711856
1625,1371.683476002074,1676.7594958452785
1626,5256.662950029809,3359.4420302801504
1627,3210.897507313229,2786.428268553378
1628,1688.0720188335588,1865.651516327213
1629,5832.110799396469,3550.8893506422946
1630,3012.007755006864,2454.8508722711645
1631,3481.5495314502105,2633.516671651327
1632,1034.9196988506092,1616.2671675333531
1633,5439.16692394975,3311.634898576059
1634,6595.211060096952,3693.0188896638156
1635,907.3076348297251,1224.1066376999715
1636,5509.1188403620645,3462.3862378917233
1637,1593.99656891865,1945.6892902712566
1638,1144.8457368089196,1501.6964186865193
1639,573.6872700030722,1154.9994871252395
1640,2869.6478699422873,2372.142143917303
1641,3394.6802602425123,2446.2423903346394
1642,3109.9582577673286,2501.779945145983
1643,6158.188412581873,3421.7879235342784
1644,2454.0981881447956,2164.152708870448
1645,2945.3421413096994,2519.2855662328993
1646,2351.2901613916383,2144.0605899418724
1647,1363.499670616881,1788.466859806175
1648,1080.2664959949866,1232.5653973168548
1649,4178.656781351107,2713.4208933932905
1650,8041.49137782099,3851.4212446217734
1651,2607.9153696955827,2172.2662646129884
1652,3533.270872280281,2503.8766366413124
1653,5884.102479129613,3395.3577690581683
1654,5085.4987926719705,3252.82820914827
1655,6088.253991893005,3472.865063065718
1656,3035.170414512659,2426.7024627820056
1657,1374.8276645121841,1586.1903526671517
1658,5772.038261260501,3354.5315822619204
1659,5080.640411558371,3119.028805923652
1660,897.7108944152175,1307.0009164931503
1661,2166.968314001243,2039.8043292734799
1662,1305.618403173092,1588.2185047636237
1663,948.0011290784826,1308.3996334163112
1664,2700.627884821736,2349.332806381038
1665,2937.1186505104038,2563.8892620924257
1666,4222.259965486129,3100.8253976508913
1667,6036.6605726418275,3493.358555322311
1668,697.8595884191024,1176.6098306694134
1669,3616.14280036195,2785.671416932862
1670,3812.895000308742,2728.6985828127386
1671,6125.040141846028,3682.1352808914185
1672,3701.7788534044175,2804.8475849913375
1673,3644.7445418298958,2725.952255322888
1674,3973.914519317328,2814.927262452786
1675,679.4117047172351,1436.3322043369403
1676,7833.7711811331155,4052.2282459810367
1677,5780.761064898646,3307.7012167386833
1678,3746.518004096973,2975.9121282534225
1679,4777.464788403712,3137.0647716115604
1680,1872.8152059223276,2169.2843696113455
1681,5178.482720549441,3010.4791935874237
1682,1389.8924869054736,1742.58288043743
1683,1731.0165942718063,1777.7364603968842
1684,4144.71777932759,2860.027650677466
1685,2279.701242470647,2386.1933654388845
1686,1480.8469021619646,1717.2717060103064
1687,2548.4554501877756,2285.4455651629746
1688,1683.7739857023344,1744.1804174530778
1689,1161.1885478833258,1455.3193220823523
1690,1834.7100345370188,1713.375528383394
1691,2882.1332094381896,2491.6277359548008
1692,4754.782536707225,3098.6761932503982
1693,2535.5731250434887,1977.8361011335348
1694,5709.813351931298,3454.804426774771
1695,2899.1088479492473,2371.75460616695
1696,2400.270184387404,2090.757914731184
1697,7334.703353634419,3938.11390293747
1698,3463.9702429901345,2520.654643025742
1699,1823.276879546677,1903.0496147506942
1700,5633.280858738168,3410.950945947166
1701,3889.9458533287725,2848.1505297820763
1702,1032.6569711979923,1307.7887343566224
1703,1671.3065816962749,1805.2478566189643
1704,820.0150351571571,1251.31670933811
1705,3616.4937766798707,2948.5975864989714
1706,3804.8872613439485,2693.3179235518464
1707,3194.0379565540106,2834.9159004554176
1708,2876.062952996017,2543.1390018259585
1709,2722.5668614813203,2247.1934011037697
1710,4805.73036304808,3169.8553780601687
1711,14323.61745312958,5593.57781416157
1712,4740.499398407667,3097.0950302968026
1713,2586.024092509642,2160.7654604652344
1714,5923.943166269928,3586.0456905011433
1715,1968.852019793168,2099.853753027632
1716,4610.727838312348,3166.9129017711402
1717,7832.139951733844,3887.7544003489984
1718,1142.7685893300288,1549.8918249849805
1719,923.4218877896052,1355.903177880441
1720,1827.3321646211023,1949.5606489274442
1721,4229.939113184485,3017.3832057517475
1722,5876.249636956091,3523.4980275364524
1723,2743.393683184778,2280.4117604438566
1724,2535.429918901016,2124.639483050752
1725,3889.6593031416214,2736.0595285323143
1726,3507.0019251610124,2815.8984835950732
1727,1693.489730999619,1780.3199341713848
1728,1744.8672325846476,1968.5130757789912
1729,1786.2013390604934,1822.7719839333358
1730,5847.548797783956,3342.4839349786234
1731,1292.6492450563933,1677.2337531327264
1732,1463.9915642912124,1408.748152693434
1733,4157.883207058805,2801.5299175818927
1734,3543.6773785843466,2910.3732730327374
1735,5809.17110102,3348.3707412743274
1736,4097.138640374398,2845.6131571400515
1737,3719.039661041803,2588.0097655792847
1738,4573.3198284893815,2942.3349602357935
1739,987.6654890540682,1321.9627809944143
1740,3147.9447775273056,2577.3292034586657
1741,3366.535940449111,2565.4981975869277
1742,3248.5170533718133,2391.2864340040087
1743,2667.499266752053,2370.946842650592
1744,2471.2705181669426,2304.1231883188484
1745,4072.0225974742084,2828.920854724361
1746,8352.735817185698,3905.2961855768776
1747,2835.9386010782405,2532.7534826137767
1748,3760.4741055869868,3052.3624370553675
1749,1418.2300518022653,1760.7794050154234
1750,3181.6234116903843,2857.200924323967
1751,1849.7904695818133,2100.6849566154374
1752,1572.2552907037978,1861.362309597577
1753,1602.1737038167864,1933.9611397773485
1754,2880.6638444108025,2339.6458904564297
1755,3275.294986314867,2752.8537268950413
1756,2072.455329221101,2105.4437902729815
1757,10835.733366882743,4460.651748446444
1758,2316.398102898547,2110.83569985066
1759,3863.6109143197787,2778.5780292355357
1760,4763.173579163079,3134.3921130276844
1761,5849.476407245699,3387.7973913909445
1762,2463.4043489784326,2394.0066003157945
1763,3590.8231362352376,2689.277252845956
1764,4448.042441412692,3034.1386308664337
1765,7415.484272185683,3705.1576231555505
1766,3982.1087966059663,2815.8410547778803
1767,2993.6379801633466,2310.4792269397535
1768,3806.0810663391376,2683.399426394066
1769,6535.222457609106,3589.188636997384
1770,2682.926413707811,2180.223132730259
1771,2608.151673959274,2406.7050619145552
1772,2793.2716325023325,2399.263217205979
1773,4192.854926734177,3043.172156879424
1774,2323.401264470754,2127.347439317253
1775,2330.22389599069,2078.987435313211
1776,1176.4490077856115,1584.0292053422718
1777,3983.488150262161,2974.4939742396323
1778,4176.442194820724,2714.3323458988275
1779,820.9301106736727,1120.06643895992
1780,1762.2779182839047,2106.1690639267913
1781,2573.7154775437825,2204.008894643288
1782,5357.475973850416,3291.7029971887873
1783,2773.1823226758434,2266.505574886045
1784,1229.5190111202146,1573.9758799055307
1785,3564.4866633863694,2715.2291485294495
1786,3586.5661220401716,2995.10941377226
1787,1236.7669982991126,1479.238140200212
1788,2034.268675875603,1949.767944571345
1789,3390.668056675959,2619.8240337316356
1790,3402.0056490824504,2397.0265574214823
1791,3091.1900238883995,2444.969548144294
1792,3583.790162440277,2537.6068518685656
1793,620.2818545813489,1043.171609538106
1794,1874.8742645398938,1935.1114819131474
1795,845.1543416899154,1229.4116146002677
1796,1994.7161951591686,1933.1819073806607
1797,7470.062522607566,3572.8131905339364
1798,2653.843191176839,2423.636580942803
1799,3941.6755709008667,2713.302707978694
1800,3687.234334854993,2708.527667255622
1801,3953.397840932391,2989.9644181959347
1802,2502.667665644525,2207.4566288534124
1803,3577.7058600415294,2530.922818301797
1804,2867.566973272098,2518.1465060551955
1805,3124.165453016353,2612.660730187225
1806,6359.632003168606,3520.4468165917992
1807,4779.61974428349,3139.580940114638
1808,2253.032784783458,2112.9613668703105
1809,1138.8713659078344,1575.9949558935834
1810,991.6114667954168,1470.9852994922055
1811,3557.480650555631,2853.8540504072625
1812,4502.506127269384,3241.4664582894065
1813,5938.6346497505865,3401.7691234168706
1814,1312.7136555985633,1764.8089008136983
1815,2397.0045382383382,2231.74341437798
1816,2562.493486675324,2206.549103232127
1817,4687.890859752886,2922.0539159157593
1818,1320.9477504961656,1864.2657107139178
1819,2735.2518297502684,2431.1317407448755
1820,5639.389770257797,3177.6330913971956
1821,6631.4662525867025,3621.418671659187
1822,6661.080781240379,3664.8185393257622
1823,3820.166712050568,2750.2237633388604
1824,3771.322608025286,2863.263314552758
1825,704.2704985875539,1444.067388102122
1826,3315.26661695997,2688.230811476537
1827,914.9094032971814,1396.0048319753573
1828,1215.020792238883,1594.1287072971245
1829,3560.515308282634,2651.665924384638
1830,4836.657391099801,3280.533049154615
1831,4633.387409511416,3019.046920795251
1832,4242.34646449893,2715.570770767189
1833,3045.8761236025607,2240.4514915223344
1834,6068.141827539263,3460.755528417774
1835,1461.8090378462234,1770.3387168670306
1836,5955.239063427502,3601.2476829239413
1837,3322.5338292577394,2523.868863888085
1838,4265.347553482116,2685.2708811905427
1839,2869.247762667499,2333.727257326889
1840,1729.4119539501025,1962.313222503858
1841,520.7622255721517,964.6494349978191
1842,3643.3363306368556,2748.5628327110044
1843,7817.699158683349,4146.3154846917905
1844,1062.1010810885207,1283.6404774921643
1845,3582.226240696844,2786.3183349457913
1846,2749.414392918157,2403.668270901
1847,3107.6322058642427,2487.767361117904
1848,6145.897888680952,3489.507316932543
1849,2807.039559153122,2331.0516270158028
1850,2436.750458261979,2250.107645912316
1851,6505.998212102937,3593.9230453682576
1852,5737.635265371462,3580.021215557478
1853,5740.979587993086,3572.405934834091
1854,7210.449783068428,3885.9597541399216
1855,4375.054822376722,3092.2145360065037
1856,5560.511143156047,3508.206561759867
1857,5532.506243816249,3526.808383111008
1858,2147.95087030683,2301.887803996142
1859,2462.093853095248,2446.1010194388514
1860,4184.578574263167,2871.8700242648697
1861,1901.1450973635806,1902.0361352656514
1862,3407.9722945296803,2582.6497733066712
1863,3607.3963336427196,2693.5480756711245
1864,5632.176632090534,3420.430467509877
1865,1067.126003146624,1455.6129258416372
1866,5998.817966203444,3533.9778684371167
1867,5641.615466246184,3384.3281730046815
1868,678.1844882253844,929.0093234725963
1869,3701.875107922452,2821.184159532309
1870,3611.255011190391,2805.583619200892
1871,2654.6593641177637,2431.0713338635924
1872,5150.598907859896,3352.4388168482924
1873,1734.51624037491,1812.6658728959994
1874,3992.397253863417,2678.6966565745297
1875,2327.871340687893,2184.508798500182
1876,452.1512052768086,1098.1891846494427
1877,4846.549406968708,3040.52488767002
1878,4713.818106471315,3016.1736057579437
1879,2145.876538101149,2142.08335809757
1880,1610.769563055404,1696.4620306107986
1881,2688.7664137685692,2363.6623990764283
1882,1260.835619538588,1665.5969887823283
1883,5231.241768388158,3407.826426900282
1884,3721.5274037270715,2834.974643055219
1885,6402.490308582837,3710.976721938074
1886,2495.7767394200027,2238.582403864136
1887,3171.9115129598226,2280.6988804013045
1888,5081.06186038057,3088.903351391574
1889,2645.1641283383847,2449.1756886982093
1890,1862.6872265991788,2103.3571333966324
1891,7192.00161705581,3779.6073092816982
1892,889.5549020425293,1591.9800849504736
1893,2951.2442997013077,2350.346848507664
1894,2673.9546284478697,2314.380858261602
1895,6692.018732797553,3862.415537269323
1896,3943.7920191220906,2943.0712749602267
1897,4477.582083297884,3103.379853771099
1898,973.3066537908113,1383.5615097704792
1899,3910.85889157698,2844.7183236040646
1900,289.07943704762454,778.668898637153
1901,3011.536978860423,2670.5681820796335
1902,3456.825434493673,2601.143236921199
1903,1882.4478625844931,1916.5561377479266
1904,2842.6933435372284,2464.6515798359565
1905,4647.940509730132,3187.623544772301
1906,4002.281756653534,2948.9459846741224
1907,3280.2489260849816,2466.3687077886298
1908,1037.978047318647,1463.3307918929188
1909,3011.986098865594,2587.7439717095417
1910,3058.486292612002,2530.9100154539597
1911,843.5037329512074,1453.0122899822136
1912,4426.754516418783,2666.8773773670764
1913,3960.855708804211,2769.613291776713
1914,6225.946296070988,3515.959231332374
1915,1841.1952420377102,1761.7257207855075
1916,2169.6163128954313,2006.9376877221289
1917,754.6157695959591,1320.1299392541005
1918,6748.879102203638,3612.5099155625526
1919,2022.4976940903139,2102.9434416254967
1920,7107.318436501499,4094.401171550755
1921,5288.648777482282,3237.4921757525535
1922,4028.770240171672,2971.6967297240785
1923,1086.4104178977595,1564.698893624236
1924,2006.535287074003,1878.6537290434228
1925,3426.7855272888855,2703.9958913257783
1926,6163.25508310698,3704.8595807801316
1927,2161.4600899828797,2076.3862747287976
1928,2850.0374621624114,2422.5420060340916
1929,1650.8396623528433,1809.9107771152544
1930,8305.123785590093,4177.115290365018
1931,3695.9611183493816,2618.334183358001
1932,1706.8820368995537,1700.1234238992643
1933,2536.479051368019,2377.683014130246
1934,7332.56528288954,3540.1569508913526
1935,2881.402052219106,2678.2826575335826
1936,3191.776215324987,2565.8439827753477
1937,6548.010190742243,3558.669534830189
1938,2981.584415388622,2654.401682791812
1939,2847.895576515792,2618.388983759252
1940,1705.0387116497116,2206.870878423956
1941,1470.3868077980978,1844.3121177708558
1942,5392.6188713807815,3296.3525341529485
1943,2411.453382181361,2231.890782766786
1944,3269.2017618646,2461.099523435588
1945,2846.790553082344,2385.6496948155977
1946,2115.770106127612,2185.6309026096374
1947,3531.59516181708,2578.4941739427263
1948,2280.8310470685906,2236.1663526775087
1949,4544.403954955364,3132.5659753515824
1950,4844.749429208904,3258.2567271750645
1951,1523.2869720730207,1836.4931563141286
1952,1104.059889002774,1440.447014432098
1953,2219.309733353949,1941.210940326906
1954,1388.74280103909,1650.244699954432
1955,3046.109379242298,2540.7560154037133
1956,4633.706161912923,2977.9182909585206
1957,3470.3973609479563,2529.0208061237645
1958,3793.663984792137,2730.384924976169
1959,1415.4767858850937,1920.559442836818
1960,1194.1574652847914,1456.860701007775
1961,4197.907081237358,2975.2719261341867
1962,4889.613132871216,3041.130347121336
1963,1712.931296456687,2141.7786374655043
1964,9887.78786312458,4555.8264798288055
1965,2906.648421072083,2409.344345754185
1966,3821.8936312091146,2925.643846395589
1967,4809.351389866223,3258.089078342922
1968,1940.5391836393726,2109.756516945218
1969,1936.9991762445927,2144.767847228133
1970,2924.501945740045,2450.0220141823074
1971,2205.700054811236,2111.0326917596876
1972,1851.5610624570334,2092.0797482871894
1973,1477.2708196643373,1855.7468998857162
1974,2441.646074042871,2095.9934049286944
1975,4835.155615087433,2893.9711253578553
1976,1699.9653986661344,2029.3011793030498
1977,1967.0398081369497,2042.209511815808
1978,1588.025691130388,1773.2644251293118
1979,3750.427402141972,2962.463704650641
1980,1947.2957673290305,2023.451027749685
1981,1890.816953172891,1771.7103572843287
1982,4684.701637228173,3043.1860163186025
1983,2430.389550866168,2040.2841073465063
1984,3560.8155995460675,2874.195164729328
1985,2192.1958032052744,2190.9930752747505
1986,1752.5038461597471,1960.2666090660728
1987,2663.4835919676475,2213.676448970387
1988,4511.4388099628795,2899.521416275213
1989,1287.4450107037585,1552.3293061255165
1990,4014.7669202290595,2969.8132767973993
1991,3920.286685184118,2803.093611930189
1992,2526.3214362777458,2435.4200100442713
1993,2721.5034206074793,2271.1327712316324
1994,5070.769186254562,3569.6676578704078
1995,4370.136803177865,3062.2908379415358
1996,1610.7924771633504,1905.1609844954075
1997,5827.903375979304,3568.6787092135633
1998,1575.1183851125015,1768.303010269029
1999,4709.9677654943625,3160.0330206027656
2000,2889.115077226302,2418.3046338247173
2001,3061.023677291667,2431.7573052212038
2002,2468.8193267157194,2266.6653155807103
2003,1921.5844869622445,1664.103177797188
2004,6443.012106752431,3669.2590376799026
2005,2839.2613023305735,2306.8928071612736
2006,1252.5260164871484,1591.955447514252
2007,2758.9445355890566,2246.8390887298333
2008,3026.4958530623658,2600.232648834205
2009,2698.4004682393743,2174.511348750246
2010,1639.0003886744723,1824.6795062271342
2011,3757.0370101398785,2721.3822022477075
2012,2047.5597681854035,1929.5612999575847
2013,1789.91273591412,1906.1214262261449
2014,2200.3941137904685,2180.0947694448064
2015,2409.6006030337066,2382.83966224385
2016,2283.725952871669,2238.221675161068
2017,1421.102944149619,1701.8729885900832
2018,5567.3631174840175,3473.932152702026
2019,2466.498775029982,2440.501216189829
2020,1860.1583866448002,1746.3405327245584
2021,5558.726233918343,3294.931169234574
2022,4460.9465416395815,3105.9884756364704
2023,7712.225308652973,3804.0361870739603
2024,4058.4113814047796,2852.1553918301292
2025,4448.5056697410255,2890.1331657419723
2026,2922.967679944161,2371.7760534550475
2027,694.2224955432785,1240.3799172085455
2028,2370.383957120469,2258.0623980756736
2029,5301.798607418807,3320.5891025568553
2030,7614.64577791732,3856.7788267401925
2031,3834.4596469261087,2945.3695031020957
2032,767.7641435764983,1282.5729542868623
2033,5157.851231728698,3339.483587398791
2034,1300.2633940427334,1573.4122031365375
2035,4938.554684093352,3125.064616265033
2036,2707.105930141649,2198.4459145268174
2037,2278.8988714702514,2208.3933763026735
2038,3542.6488942189867,2589.428532960683
2039,2600.4910186471216,2169.757385264329
2040,3353.134182709047,2472.985666416721
2041,2921.3497597585383,2443.4615798439486
2042,3751.005205606462,2626.193902281534
2043,2855.399918806034,2546.104121354882
2044,2300.3562513822844,2343.994739360441
2045,2450.2127780038145,2385.530565904526
2046,3266.174678214031,2628.4768532677494
2047,5242.777018449094,3185.865630982169
2048,2087.9010845996263,2229.9387735216596
2049,3814.5725748310056,2489.7106040978974
2050,2465.1757566736787,2198.207684558883
2051,7216.593021634846,3497.6050593818563
2052,2536.539213203813,2234.4129265581428
2053,2739.3266094903393,2310.00109248415
2054,2595.973667862248,2220.6447514515266
2055,9820.005493193907,4673.674174371576
2056,1680.8916872759585,1876.2263242149531
2057,1059.2460957180779,1404.159672641048
2058,5256.195470949701,3333.3228518710093
2059,1199.3218276583832,1769.520147249256
2060,4680.971589679384,2855.9875730134577
2061,2111.800468936536,2074.6558153707815
2062,3315.460568191216,2655.73722068423
2063,1906.603750999414,1898.4918456779735
2064,2530.7221959022527,2348.9314723785105
2065,3835.037017055814,2780.6449021850935
2066,1243.1305600029746,1557.1838820543558
2067,1701.970897215736,1838.28400315946
2068,1261.9228623605543,1685.9998305622596
2069,1759.75172879921,1836.0220820043182
2070,2110.080343776073,2135.1739592390513
2071,3022.1062870888363,2184.389645159301
2072,2136.9777534396435,1948.9176350866455
2073,2003.6666367106209,2178.138421460335
2074,1228.4071565762333,1594.1819134787754
2075,3429.894132357461,2877.3650444098703
2076,2694.99135194975,2287.1857249115214
2077,3023.9366633791897,2522.6852335471194
2078,608.07752179426,1089.9043681921028
2079,1500.8443032721593,1843.6437550053738
2080,2094.2528492592746,1838.7974597960074
2081,708.6782066383369,1203.3220546730727
2082,3430.8595672220763,2617.461280386674
2083,5169.010704351722,3243.554621655449
2084,4558.224470078835,2878.6541993688725
2085,4139.453496186591,2806.8792430754856
2086,1838.5240990403915,1974.9677202629691
2087,4575.539160500955,3268.923582960547
2088,4396.06482963495,2979.509451964045
2089,7838.932663994129,3965.798664589584
2090,1881.938641051834,2117.4448059763945
2091,1249.4538962368413,1466.3210155500847
2092,4792.804048366443,3147.8281369357037
2093,3177.2466731477157,2462.482449894366
2094,3062.1404737087223,2502.8972947868883
2095,2396.7275027102887,2300.9106968769433
2096,4806.519432489634,3217.651981153875
2097,1695.853784292958,1629.9688228081598
2098,10445.317902146226,4461.965336954206
2099,3022.7931263698383,2717.3706698430624
2100,7889.607613436076,4181.364246434561
2101,945.2739613897302,1423.3874827032696
2102,3735.2323147683987,2750.2738179001203
2103,2381.4181902807723,2085.851825481442
2104,3216.3850001990827,2699.239664789247
2105,4272.159905632121,3052.628018671402
2106,1760.8359934777934,1880.7286242462142
2107,982.4705285372448,1315.8366240447801
2108,4754.2315928155585,3135.3926042043595
2109,903.3941349516847,1370.8036746683565
2110,12114.749354662858,5249.824871276928
2111,3999.026297484257,2639.234060958219
2112,3495.4159197202725,2699.8272916621236
2113,3481.884950631471,2761.676599290978
2114,3953.9285051167503,3010.9157905318525
2115,3861.475487217216,2849.566474408719
2116,3183.745061221534,2586.2443140014257
2117,5824.486446388649,3266.588935183493
2118,5786.800537056785,3392.778337131844
2119,992.4271679813845,1342.1092808249966
2120,2068.6200785247097,2068.197290002492
2121,4721.1656280311045,3243.9656957608327
2122,984.4802047825608,1434.7764873947108
2123,716.3554564142688,1180.1041021564454
2124,3561.7278380255575,2749.9387059843293
2125,2630.88459734654,2257.581089093931
2126,7300.591931081475,4102.666096111758
2127,3854.739306217672,2789.1394600740864
2128,1381.1924675170433,1460.6838319618919
2129,1696.935265641265,1950.2146328172587
2130,6931.79587647592,3483.261443124448
2131,6515.357906624509,3622.5111404131753
2132,4431.087512799134,2976.8525471925914
2133,6128.633250805152,3652.8161928082795
2134,3440.9002774437745,2468.686628381102
2135,5850.185588869367,3589.1595749241706
2136,5654.130702563369,3363.3236483965484
2137,2065.497128183928,2143.3306706599346
2138,3996.063467394707,2761.7060087728078
2139,2656.5121558728133,2301.457704432203
2140,2445.099701778732,2207.6883751883943
2141,1103.991598322558,1544.1606937181307
2142,3326.4609962286,2568.5985291977145
2143,4489.7550521265675,2795.848130054493
2144,3946.352328962213,2807.3579466717842
2145,4532.175909403079,3164.2988676319114
2146,3546.925931737383,2913.2757420430526
2147,2205.2794762208373,2194.226609787582
2148,3660.712762168108,2800.575828710276
2149,3389.0482185163755,2590.2911651428126
2150,5589.429837169048,3369.144646388167
2151,1393.9476128195977,1721.152876186116
2152,1705.2464761094661,1936.7833737916733
2153,4881.077024414231,3067.2765303038905
2154,1279.0375545685374,1681.002724233112
2155,4388.2279009142185,2894.777951200275
2156,3160.4895323123537,2528.112374395341
2157,2882.1392646605905,2398.231545710556
2158,267.1082368360024,592.1684228733977
2159,4143.890959629497,2907.3072078673563
2160,3177.037713086223,2638.1335402113536
2161,5209.492553410753,3151.7476939591006
2162,1228.6062673816798,1674.9536656912967
2163,852.5507244875861,1377.952172267949
2164,3207.6301111008293,2656.8815935958633
2165,4639.077995801396,2946.9667391439407
2166,2265.7890351122974,2334.4472386366283
2167,9957.356525188112,4388.8437717542465
2168,4844.889371502443,2956.6312917212813
2169,4300.382267088589,2954.472263759167
2170,1506.0951975989262,1695.0796974390764
2171,2050.230506907766,2230.7887431386957
2172,1814.5597156994256,2033.1766109423559
2173,1905.2451467003032,2032.2899974460775
2174,5831.789413806099,3310.8236751801114
2175,4021.2082280397767,2916.393023460244
2176,1239.705969951684,1739.9410052189776
2177,6673.608318937815,3654.1083843286515
2178,2285.2610644298666,2094.003130005667
2179,3660.655139801329,2680.405650123711
2180,1027.5370649743047,1450.200614264728
2181,6101.519891887887,3237.4615838887435
2182,1425.6529650285433,1752.6468326636952
2183,2665.242587465081,2490.9847724441943
2184,2890.6818151165617,2358.7425187069625
2185,3510.6983338638433,2538.7136608308065
2186,621.8893725097421,1024.485061397029
2187,3033.200163567213,2683.624399607265
2188,1166.8532107633987,1635.3931444627187
2189,1545.6409522181586,1905.14105701682
2190,2515.4478731994623,2363.0363059524116
2191,2954.801871399469,2694.9683585010766
2192,3515.9602045025667,2485.143440452514
2193,2625.54555697052,2331.0065021983432
2194,2470.2800390691873,2173.540883227826
2195,2734.782737402717,2285.724574142076
2196,2644.2999401241455,2212.842601835342
2197,1953.8033085152028,1923.718585354833
2198,6176.549017190309,3400.21573620604
2199,6550.506490763124,3740.471790686061
2200,4097.358084487251,2758.6692278149144
2201,471.6401011885344,840.1449523414981
2202,2413.5249709983204,2230.7747197127424
2203,2490.4101801287206,2028.0392528814714
2204,3262.6411786404847,2359.3027093197798
2205,3177.8947261450476,2786.021212831689
2206,3274.2419163451264,2483.646192426669
2207,2441.8813738592503,2095.7984055151624
2208,2208.2473945781103,1878.8133897089733
2209,2874.585493548204,2472.4640711075153
2210,4369.442822984845,2904.247406518339
2211,1359.659461183139,1812.4802668723248
2212,9274.86813191673,4584.692262262683
2213,2769.291788382775,2423.1447086168537
2214,2183.943851594699,2193.432284565807
2215,3776.1676547508596,2524.104280750155
2216,4222.850344271745,2970.5301932074126
2217,5738.767357594975,3435.954204099752
2218,2701.834521679218,2307.436707590629
2219,4719.518728314218,2777.488470600725
2220,3500.5984954363885,2633.622226255193
2221,5353.40510419578,3255.5689192143973
2222,2559.8425127527207,2246.440064459557
2223,5995.728135701621,3317.8100659302586
2224,7467.577462281294,4027.815936422978
2225,2642.205618401991,2538.835307676516
2226,1812.7241531820675,1838.6158757444498
2227,3760.690911828298,2772.427462318464
2228,4730.7024722052165,2961.9600374776355
2229,2791.8063072515,2108.0506479928486
2230,2833.1550533953955,2753.4314080464683
2231,5477.525893850969,3352.8798480325745
2232,1698.7016963483468,1770.9074606808922
2233,3679.1362822874394,2846.406239591399
2234,1798.047874456447,1853.3131630494963
2235,7047.852206711426,3753.1280836198084
2236,2743.9878791263654,2477.4324536867175
2237,3813.962061186824,2616.4458196774085
2238,1743.306509699342,1805.3365764267583
2239,1946.1601580644801,1812.3285027387224
2240,4877.61409489306,3162.019740897626
2241,4214.350655407784,2941.188482486997
2242,3391.880880825031,2589.296025290499
2243,1500.0615365063968,1930.560631825354
2244,1250.6324309446327,1482.04923131789
2245,5790.0029712537,3296.7878497833944
2246,6225.664145944198,3640.1486782688307
2247,2542.704244110295,2376.9046359033973
2248,3316.531323155683,2718.5195154949765
2249,2182.3034492154848,2064.8226434262897
2250,2071.321197271224,1981.1733837008453
2251,10641.498426381402,4598.302752524555
2252,5516.39338533805,3273.995363090821
2253,2020.7880233731796,2085.430027939665
2254,2592.37094454168,2213.431615399597
2255,2287.767244838492,1885.609742676724
2256,6144.725396816879,3735.290489807616
2257,3179.286117560917,2490.671466313981
2258,3937.897169874805,2877.6609822607975
2259,4987.333702387957,2988.8501447291937
2260,4163.022515434564,2932.94931388637
2261,1502.2226416482288,1514.7697839764817
2262,1741.6372842472765,1981.4301435009932
2263,1826.2832752010975,1929.7738448136367
2264,6524.136330706447,3640.600021674872
2265,2582.9997619766687,2266.5404028071666
2266,4440.369689181365,3155.2597967855913
2267,1395.3795658329113,1563.041944915562
2268,3576.5151330193166,2791.857667331654
2269,5411.897949285368,3323.9032197978067
2270,1427.346805351138,1602.0752793211877
2271,3518.6308832327777,2637.554491715174
2272,5289.7014099931885,3208.652397386946
2273,3143.7995827142954,2555.1860404831527
2274,3729.035114523193,2562.0860121190153
2275,2433.364667917953,2263.981632482861
2276,2043.443661992894,2174.132655276038
2277,2385.944586197627,2439.971567982802
2278,3291.6436053041007,2571.350662483676
2279,2758.967784527617,2611.3150141369915
2280,3447.29173456718,2698.7410026655093
2281,2433.2251002930425,2397.9048896579775
2282,3127.4815149657375,2605.3062196558694
2283,1186.0209054194524,1575.063042104866
2284,3842.0834567327597,2956.284583118651
2285,3578.946187512183,2444.032855725336
2286,6749.960948770047,3727.6577599975094
2287,1700.668522622165,1949.0950349867999
2288,4001.8315864177944,2584.716438605043
2289,2827.6784664609268,2296.3864237130083
2290,1704.1810588618068,1846.8920873367651
2291,1657.0983038924749,1911.328282530282
2292,5918.551886554788,3363.64854166911
2293,5520.912467200747,3533.165797962201
2294,3587.297868845364,2668.2087015994557
2295,3873.902276463761,2775.9205421548977
2296,1909.7513082470996,1895.9312584526003
2297,6210.925507113231,3546.930384391135
2298,3536.5578291936963,2489.3580756051388
2299,2434.187806865783,2196.7737015988473
2300,9182.021576995861,4179.261455788562
2301,4159.3129935790075,3075.4412961694497
2302,4517.951388315156,3146.890122031738
2303,2897.972332243457,2293.852837360005
2304,1922.4968252983326,2186.7742046628364
2305,5416.05754141777,3320.390880498267
2306,3485.666532196289,2489.318878661758
2307,6653.582155869663,3696.966462740716
2308,3513.9035284390766,2930.9522287183017
2309,8934.328329393551,4117.131336974326
2310,4263.610636833745,3070.6731413729226
2311,1848.5043049951755,1738.2231982335456
2312,2157.602324028268,1969.5257959689402
2313,3931.0197432170744,2819.4560271205687
2314,5980.260579579447,3428.7285529531987
2315,3490.374685314982,2525.0689402635358
2316,938.1947536071082,1327.0742597439344
2317,2519.203915908112,2131.145111909738
2318,3990.4495242447992,2931.5227185706503
2319,2266.3722513732996,2262.2336666519395
2320,4023.1751106042307,2632.294903297539
2321,1262.8572029828867,1740.5125870808458
2322,2888.0609150022183,2258.8134582590824
2323,5401.996054393834,3228.1239639139358
2324,4732.708732243239,3040.165804303552
2325,1317.8669355503685,1617.1638007243582
2326,3531.856599127841,2712.7979623440956
2327,7452.127982153974,3762.837236744687
2328,2305.8387634395895,2233.661602168331
2329,8516.224959912033,4162.054674555998
2330,2291.2140605704685,2119.685636972378
2331,7079.793096029396,3942.9314233176847
2332,3303.2455487403536,2704.5087508369406
2333,4820.814269433041,3009.7798447568925
2334,488.76129040207104,836.5528976654107
2335,5295.344092015257,3596.977351637357
2336,2502.88461408552,2077.81077963928
2337,2594.8385212260314,2217.897715969286
2338,2147.6754759019245,2096.1154439697243
2339,2888.7559342214226,2484.2683685054108
2340,6211.519405134963,3582.2841671578976
2341,9543.642934533262,4190.910529374271
2342,585.3391776431173,825.0199213975449
2343,2992.3553363190235,2324.0136697152448
2344,2618.634241812326,2199.098203853808
2345,1808.3223268433503,1711.1987728353024
2346,3578.431263661574,2573.987317928527
2347,3635.420731716403,2905.3134275439297
2348,1993.6728407976414,1950.538512151456
2349,7168.4525477778225,3895.6536579263416
2350,3429.2852925536686,2616.346499695513
2351,2699.635452888829,2299.1522706981614
2352,4180.448240363133,3019.2263954022587
2353,3720.7774953620988,2609.668184606838
2354,3383.5495948181656,2497.3530856016228
2355,3274.035031976997,2670.653232918058
2356,5863.971547696565,3236.8344140958616
2357,1264.929488368623,1662.7390558093653
2358,2015.145362078915,1905.1135968146289
2359,4257.982284371539,2883.9246845027915
2360,3565.44372076096,2642.818837521659
2361,2835.0300960476284,2329.0194567162907
2362,4215.6967273702885,2893.97913626111
2363,3056.484889983258,2502.1323957284935
2364,4302.634599936388,3066.8881978487243
2365,1434.3562015778036,1754.4291561614148
2366,4565.1152821240885,3156.747860569751
2367,2836.7331781452526,2366.3856395484454
2368,797.4917876634111,1058.0764636148974
2369,1499.4428649805745,1637.3712512678028
2370,2341.683627979502,2010.3200937259996
2371,3807.4163352911773,2622.068361585476
2372,1784.4794358396591,2118.035320858961
2373,7086.552758326147,3803.8007327315972
2374,1619.5335575960305,1772.1421296033902
2375,3213.7430462757516,2476.2367496170564
2376,5767.625723460829,3413.2503398786384
2377,1540.289409596504,1923.8845283202415
2378,2296.1396827184235,2169.9225439620204
2379,4886.26541319389,3238.024714776703
2380,1416.970131256106,1632.5875035098543
2381,7547.211573412233,3854.0565069878758
2382,641.219921977345,1113.513718501491
2383,7172.874434478884,3773.685565317957
2384,2915.703271028773,2502.9140727769077
2385,5568.83524014574,3344.515184630392
2386,5139.8122057475775,3307.219523579891
2387,1269.7464245259948,1593.8394524901569
2388,3934.754093745419,2776.1183218202764
2389,2043.6275480222127,1834.9320734242049
2390,1167.5791401174286,1408.089600885292
2391,2609.0712071589296,2190.126061056033
2392,3165.5714169907505,2599.1272957604842
2393,2813.2938996721987,2249.3244567961283
2394,4078.489394439836,2880.339066866399
2395,6349.582247040362,3635.8513366805278
2396,4402.592496942789,3034.618057217037
2397,1482.515108797763,1553.2616965739696
2398,2269.095976980934,2172.0063093743365
2399,974.2057416646599,1490.656182996152
2400,5088.401134727447,3203.047791394818
2401,6409.08955617084,3627.038629766662
2402,1870.8712855578876,1848.5247329661563
2403,1697.8721307990274,1717.3335323159379
2404,2666.654254242116,2353.0330750825005
2405,2384.100787446648,2401.8668059076617
2406,2246.407989852672,2095.291441517327
2407,1343.9818743683397,1703.0503505974257
2408,3138.768759492265,2511.9029832975634
2409,5429.945577821266,3304.2274439094545
2410,3268.2678041837667,2372.1184660170497
2411,2817.3031451728352,2474.034512443713
2412,3180.0234662355165,2650.1738347381615
2413,3628.8237766608445,2647.054529186614
2414,4350.229240826147,2875.650056085049
2415,5173.874031184495,3211.206081784329
2416,143.70574052695642,815.4922220309593
2417,3189.626905843226,2835.6702763620738
2418,944.620352705068,1300.2666037707568
2419,3791.709825865944,2883.24353093042
2420,3556.077565745218,2740.671452578917
2421,1508.7777111404664,1628.5344293479766
2422,2858.6016790170006,2296.311937899902
2423,8440.439820512036,4420.712350928704
2424,1975.6358403526933,2319.1142543897163
2425,6473.389592199415,3808.351308487512
2426,3661.179451366853,2795.4761424596973
2427,4235.3858263358115,3050.6937093049128
2428,1801.8100347208758,1885.1726082239825
2429,4923.197010678788,3257.743336606176
2430,2676.8727120354692,2309.4622569520834
2431,751.14015525332,1281.0708375030556
2432,1457.5926252757265,1422.7373604400386
2433,5523.107469715165,3242.602795564893
2434,1309.40444459082,1601.6628178225317
2435,3060.654789115657,2355.153783377856
2436,1067.838032541381,1548.8222458232335
2437,5479.5770791141495,3532.7224716789624
2438,2543.7232597141465,2417.268135477766
2439,2244.814293216894,2174.2689986307137
2440,2358.1380041493785,2349.525237609352
2441,4103.716289133676,2783.9744557125487
2442,1302.2587644922605,1626.162749515749
2443,2440.443828280975,2173.3022452173805
2444,4000.60575287197,2899.0612244634603
2445,8076.652693562816,4158.221347093404
2446,2280.228276929118,2112.0973471301854
2447,6007.526443221447,3645.1329164844633
2448,2939.972948671187,2622.1474974602243
2449,5549.602717442306,3436.797695930484
2450,1264.0024713118664,1595.4830350270188
2451,3795.267652335153,2750.3093773027576
2452,2648.308916460463,2234.6782223869277
2453,2071.345220721181,2181.100340473828
2454,1233.4931519509385,1594.5743405909234
2455,1988.2325307411347,1998.9470974717508
2456,2803.5990951814624,2423.1139002457553
2457,2515.8786274430495,2149.774805058688
2458,4090.0441614045358,3027.489498810641
2459,1932.7359169646747,1970.8154837182299
2460,4913.212895413693,3142.467547673024
2461,3670.786621327149,2549.8472172071083
2462,3139.2135336117312,2244.7662593392456
2463,1114.8880398961503,1543.0600213171508
2464,659.5985751358336,1087.2558049618383
2465,2661.4164887862516,2352.433263546742
2466,1470.590253140183,1561.8559374977035
2467,3906.5163724429713,3006.988125545948
2468,9290.126289441545,4163.613346163397
2469,6026.903025583377,3534.0766483751227
2470,1261.0958227387487,1517.7884724194982
2471,2180.0823095759843,2066.3126822924996
2472,4595.8382364605295,2881.108678096059
2473,2915.3130939197104,2329.9627286818413
2474,4184.010362472521,3128.5651265507618
2475,3503.4837070883623,2675.928961756179
2476,3709.0055103358163,2646.8872569551986
2477,5188.509403200833,3241.9137922076043
2478,3923.048286809304,2920.635382693485
2479,4552.094755862477,3057.474636131294
2480,874.4916747417789,1482.854374970499
2481,3268.3008839781746,2477.5995862400996
2482,1379.9747954199008,1838.0305783876613
2483,3784.7493258616046,2811.6152580729054
2484,3081.40483661836,2331.7616139707525
2485,4222.751982887547,3025.915641214243
2486,1447.8095337730824,1708.2152468941174
2487,3522.2926042764007,2710.254931658929
2488,5270.481105546964,3209.136701317196
2489,3589.5031264385825,2554.9475499882146
2490,1904.2076225398584,1974.1891672495824
2491,5104.846939608883,3426.7181371860797
2492,2842.839359427009,2316.2281141066906
2493,2629.2371723671345,2344.6029930202217
2494,5727.90745377388,3562.2858970467514
2495,5960.611870658581,3161.942118613989
2496,2240.270021619026,2167.0470369415943
2497,2475.3844883497986,2134.729003864917
2498,2573.699718200955,2431.1950077175375
2499,5709.462430622261,3411.6046141733214
2500,4031.652799177603,2733.4597161872075
2501,1783.243683191713,1519.22018492449
2502,5339.436695605616,3141.9257529710503
2503,3496.1687759746005,2805.6871378347437
2504,7163.479469886766,3846.037600462804
2505,6653.8848934296375,3574.1431382205833
2506,4335.18102753716,3134.383213946366
2507,2460.5095953327045,2046.1595162039903
2508,4012.041170504827,2904.0405669842203
2509,1517.877395368422,1931.1558522188352
2510,4941.681760653787,3093.617818885772
2511,2716.999086169032,2540.775992806013
2512,2949.7630887911537,2156.0530951278106
2513,1778.5685351932946,1935.779427606874
2514,2542.569188290176,2171.0771964104033
2515,3152.2869409622313,2649.5448906941106
2516,2113.4445816954144,1808.1701316402375
2517,5666.406010224568,3257.6483742494593
2518,5461.014971237829,3256.181509418985
2519,2271.686928133451,2156.921878778787
2520,3445.3561350372684,2711.263088008683
2521,605.169263692716,1123.1300660662478
2522,3795.1454900995254,2719.699557878174
2523,1330.0691325291214,1558.6254243075136
2524,3093.038000264788,2544.12417285333
2525,1151.720033982003,1755.23741856337
2526,1963.647355423738,2060.6531396001624
2527,3205.7987422360234,2744.729200507457
2528,3572.611540654729,2785.1553552241944
2529,588.6195163736647,862.541390543085
2530,7666.558806758223,4027.9316384052872
2531,9352.370476177945,4306.23930861286
2532,954.6210480097188,1210.6653719325739
2533,4193.238136531148,2885.5841324979115
2534,3693.7523308171835,2813.108547987137
2535,3959.188902338063,2856.7120297029305
2536,3437.281131536319,2606.4774774541324
2537,1174.2452792662677,1497.755070443119
2538,1151.4757078837704,1626.293788491429
2539,4963.455338124174,2996.554936504641
2540,4542.562378848858,3053.998169631537
2541,4162.581006650511,2803.19498921992
2542,2947.687821122161,2542.4401154365446
2543,945.6621262660441,1368.3375947385427
2544,1340.980079326684,1673.682948987976
2545,1785.7071157628309,1969.065750749593
2546,2699.9091372969247,2282.3630845896264
2547,3191.050369106583,2398.993798150608
2548,3724.558127226382,2816.6074323653343
2549,1313.8256293607835,1785.4977304143326
2550,2455.551456328238,2373.2074487296322
2551,1128.7085885063543,1524.2759167887034
2552,4550.22082742304,3144.507914015918
2553,1249.270477503684,1690.9118699742376
2554,644.6443316368577,1038.957918757852
2555,2140.4901320737845,2098.979960955161
2556,4380.739856750158,3100.3666478612736
2557,3084.977432312907,2513.0348917014326
2558,3552.81789707893,2785.6252702523025
2559,2301.621023950393,2268.6581986489077
2560,2227.8847603517756,2148.585942664306
2561,3601.7159551246755,2491.566029537753
2562,2801.202914751595,2408.2922661719763
2563,854.9444595948031,1274.2836724301685
2564,2810.727292737449,2656.3816225626188
2565,1245.5072267553862,1728.499164259562
2566,471.7143022567642,918.4008326024438
2567,1862.527376255343,2122.58579357847
2568,818.2102826492015,1421.964195427685
2569,3390.563165369314,2757.4904640184045
2570,5450.333716018864,3206.449804472049
2571,3598.0845487268407,2524.5647629258788
2572,1028.187864544796,1335.229896948356
2573,1901.1884675318638,1895.397675248634
2574,3114.8664373226006,2638.8188970235897
2575,1578.2739317805597,1666.1603000204595
2576,5052.01886077126,3191.810559448499
2577,5791.558563385723,3302.8403913113953
2578,4095.766855794267,2954.668081664651
2579,1346.2463079325319,1651.0442709776758
2580,3878.786729372922,2929.7853543183196
2581,2870.895698118707,2385.035115605316
2582,6826.000431307039,3758.497972879128
2583,1840.331807302229,2116.7718669147093
2584,631.2520462668422,1205.873709347448
2585,4698.138993155367,2905.452089906716
2586,1306.0113133680422,1719.073400011207
2587,1545.7429268194614,1608.4581068451002
2588,4498.695169826046,2871.8292689559385
2589,768.4575969019859,1335.9916706646468
2590,2373.7410775823446,2063.8503636164683
2591,7321.7914665187745,3824.0871529465403
2592,3220.894852021761,2761.5111390660522
2593,2537.558391024145,2366.61122596782
2594,1171.0403610138042,1424.1888267109312
2595,3658.3050924037716,2751.4698894699295
2596,1297.1603300446407,1551.3413781768188
2597,2184.777855281883,1954.0255372306565
2598,3661.1568089508637,2750.081841260608
2599,2220.416918656496,2241.599344763898
2600,5311.049050200907,3261.083683044687
2601,4681.783457797286,3042.096023913425
2602,1835.4822607934925,2019.8583815882778
2603,2342.161689274615,2088.849265878474
2604,2257.878662942305,2210.849286394308
2605,1585.562027619918,1791.7802252552435
2606,1799.2324756975393,1954.974678858526
2607,2976.4889529701863,2524.6731190986634
2608,1667.2880009019666,1911.6309462593217
2609,1609.8157121894083,1894.52139705296
2610,2065.39926127409,2075.7421662127604
2611,3383.9176223910536,2566.8336455258295
2612,3177.3729186659903,2491.3680588324924
2613,2492.274535486225,2442.3989911021163
2614,4613.422022801364,3083.324230180698
2615,1583.237217826069,1795.9078986631148
2616,3205.7659940802127,2657.9744587276305
2617,2627.7941751147127,2378.459763596739
2618,2151.8350066581684,2171.542240046796
2619,1942.3396450763778,1887.8987448251391
2620,1131.3320633965807,1609.1338946151898
2621,1269.3391746254538,1680.3524108415709
2622,6672.910361207321,3434.0455859098197
2623,3986.0351296016547,2755.9404947282433
2624,4920.8583536820015,3178.9845178603077
2625,1844.8718392644669,2136.202600463207
2626,2544.5176864277564,2239.2796157194757
2627,2120.164163200226,2142.818967160899
2628,1591.4747713720342,1742.5275144689006
2629,2003.554487355007,1651.7566138533266
2630,8650.41520526022,4414.069345706228
2631,1596.3503382671086,1712.6817016585867
2632,7153.919492524622,3746.2289295296187
2633,2524.125456961397,2252.9186889644966
2634,5509.5964889717725,3306.3525419812586
2635,1182.061905383642,1594.068465855886
2636,901.1306073174003,1225.894665653223
2637,7093.100368869127,3948.6115052238297
2638,2188.4942324927524,2181.7722807008763
2639,3359.673954249143,2660.3400677235554
2640,2949.9266624092033,2405.5207701442214
2641,3067.723882460332,2521.795549411204
2642,4682.132116447621,2967.405313295001
2643,1766.6249741104155,1839.6378221462926
2644,6064.235371004891,3526.298945991126
2645,2489.5893659742574,2369.6085228618317
2646,1567.9408420624377,1796.9529277492331
2647,7638.784138189399,4019.575867857636
2648,4001.7923195276844,2656.2723893396874
2649,4842.3712348303825,3118.7787829840386
2650,5045.641550297449,3206.61163743229
2651,1022.3232665152156,1157.0715738772058
2652,821.3777118585016,1398.2246365645778
2653,632.813264870333,1076.249358866843
2654,9331.011424273856,4485.545131750344
2655,3198.9479010217597,2408.290799248644
2656,1569.1324583471653,1836.0966080180976
2657,1696.2117239603765,1864.5508368824828
2658,4297.466574833879,2986.8910376694157
2659,5540.180465928969,3384.516602086085
2660,633.8979997241253,931.2240256493392
2661,2402.300104832889,2029.1117255999795
2662,1445.609035368547,1586.1859483791663
2663,2524.426474342058,2242.80255305622
2664,1371.8821295903733,1501.7748126239044
2665,326.6100516820487,617.9608005841226
2666,1044.377857739729,1331.7616041440174
2667,834.5181989258341,1405.9346895810154
2668,5110.297212402994,3124.8689332431527
2669,7514.306141796702,3859.9946625498296
2670,4548.79968808673,3002.42905203081
2671,4150.587914154507,2945.423212256506
2672,4316.37221698932,3053.475752398928
2673,2620.574632828892,2557.652204958233
2674,1476.4837620738738,2092.0202133686507
2675,2497.7096484868403,2004.8960549753197
2676,3930.467353145233,2779.4062831871806
2677,2354.020693084886,1955.8661927449598
2678,2887.431015199419,2814.4219827908723
2679,3375.77490946901,2738.15698475896
2680,1122.8818664357,1543.4234581352289
2681,3550.4630250450136,2679.2817162721553
2682,2456.5398924111805,2179.7256819103563
2683,3906.471025296498,2908.9299833505984
2684,5059.483105283955,3116.0991816801084
2685,5411.066145478474,3290.7806251835136
2686,6104.568363020935,3407.497301574385
2687,2744.229154391092,2380.291681965431
2688,3379.821446779288,2493.0118302718347
2689,1239.3643239834357,1656.212527945405
2690,10174.125271568682,4435.249953932617
2691,6103.498053540532,3399.889664548312
2692,9077.09829765632,4198.0666024499715
2693,6801.50468354447,3630.6523042600343
2694,2765.9587885751407,2371.264610987691
2695,4081.6948960792806,3090.5844041580604
2696,7976.35385357383,3989.5382475107035
2697,687.3914352351886,1292.3980076879425
2698,988.3923515432697,1395.8973483669154
2699,4590.991992962868,3187.1144215980157
2700,3904.878997981284,2751.937807866221
2701,1374.617613909418,1734.314125139309
2702,679.2350175388307,1330.3474197445944
2703,1503.7420934151912,1625.9446945458874
2704,2613.7729033790697,2237.668644279023
2705,4280.212017587929,3124.20393929621
2706,1719.0362479425366,1865.4725927707823
2707,1910.55283946749,2061.134801508721
2708,7453.55381706476,3987.160539413808
2709,1638.98115049723,1911.0941390550504
2710,3284.801982185514,2607.565475549883
2711,2493.9801502878017,2066.199036106458
2712,3488.321739427115,2426.2369498187604
2713,2690.6566135341745,2541.792511192963
2714,2419.74017217797,2217.093550425578
2715,2765.829806308433,2392.3267921864085
2716,2664.8480231330013,2011.8864249081644
2717,5647.763142485662,3314.3239102667876
2718,2236.1785523952044,2255.6029859990467
2719,7657.275638438527,3949.1435536770987
2720,2476.587521030577,2300.6034053015787
2721,507.3173150147617,1149.18947357952
2722,2973.663514368875,2517.318165506891
2723,4614.653804545816,2945.556745616455
2724,5221.904478934014,3208.7874916717365
2725,923.0765913257874,1270.71089945151
2726,1506.3024188429295,1850.6515517343826
2727,3760.2439991779756,2772.6940436368463
2728,4465.187272534547,3017.2902336114535
2729,4112.236256388235,2827.759227029943
2730,5606.812022917,3289.302593184071
2731,2397.858269049599,2233.7139584249567
2732,2170.471109077483,2165.7484948407473
2733,10061.634500798511,4465.813095257664
2734,3711.640031145276,2550.5168845965454
2735,754.0308958040669,1086.3297875394712
2736,2316.3239515640157,2276.423849444534
2737,3413.487032768041,2379.966487559816
2738,1348.3080307798857,1599.6755835951558
2739,4080.285313296741,2942.5536783476623
2740,7601.940315776323,3891.9823902179814
2741,4170.861247025448,2920.533462645223
2742,2515.663443344814,2354.3044344541695
2743,1337.6881481299074,1579.3920412017626
2744,3904.691337488243,2936.4572359884696
2745,1783.7357195870397,1734.8213690396285
2746,2316.7472115224177,2282.442456177092
2747,5125.467740937319,3077.520033575714
2748,1913.8402390571807,2126.4361716232875
2749,3141.6733685046765,2398.0454626513906
2750,3143.8553585636805,2565.6824170660584
2751,963.9894414139877,1506.4355238265423
2752,3553.793850463303,2785.7405535149696
2753,7108.164455842213,3845.411227064751
2754,1861.904036872593,1937.3488961008366
2755,1888.7114957291415,2144.8096964835113
2756,2516.5834702678203,2078.066387571749
2757,2336.468059350227,2087.948293722435
2758,5166.7802312261065,3202.182329544104
2759,1964.9119452377265,2228.905334139782
2760,7909.018414492475,3941.353515111934
2761,196.21669613765368,699.3631793254439
2762,6232.59492999056,3636.8295862636583
2763,4288.1956319720575,3148.1882138945903
2764,3966.0369259665404,2923.587497089453
2765,2944.6736642368064,2547.0258435671244
2766,4971.864824243829,3234.0851072887576
2767,3828.8960594666582,2667.82134791624
2768,2167.1158335505324,2173.6282116644
2769,4137.579305736717,2823.4297981822338
2770,1809.6909545590152,1933.2048900963905
2771,3599.520412319714,2493.288540703801
2772,6584.221566425856,3824.2485726972177
2773,1649.1436046138156,1778.3337587939345
2774,5875.6245944941165,3363.3992916744946
2775,849.6918658197349,1256.477170933459
2776,2599.362916622539,2234.2926038760884
2777,6263.561222055013,3566.519276245121
2778,5117.384090912362,3336.901730379003
2779,3408.2708982049817,2639.2721991903923
2780,3346.954743297118,2444.9320936722233
2781,3015.978448439382,2597.1967034870463
2782,5209.8017779413085,3298.9163959579655
2783,3274.441332293486,2595.8720760154724
2784,5040.524342030847,3185.22238278607
2785,2438.9542890841562,2277.27850803785
2786,6975.754730165847,3854.473437117597
2787,2960.6993380084077,2271.114134058823
2788,2442.504152119003,2410.0482880073837
2789,4610.782216608602,2837.3429506588727
2790,3616.2672150741996,2701.9149938134165
2791,3188.5564690728597,2801.2898504106006
2792,2084.9793314001113,2128.0512067083664
2793,4738.047723604125,3158.4330952137
2794,3559.1753082377427,2725.890028057264
2795,831.6167992436868,1180.3166774047725
2796,4432.2453929743,2863.0355998843847
2797,1669.3094936814434,2121.187139883527
2798,3437.1405494902374,2580.9748186239894
2799,11268.67954295978,4672.566964739702
2800,1875.9590533937926,1883.7569794909614
2801,2360.881675451103,2054.256406849274
2802,1518.3952035267528,1888.9134406137123
2803,3082.7859938691972,2637.0925160619495
2804,1875.450120802226,2114.556084870031
2805,2690.533832945349,2308.0500146142726
2806,1646.0833476503192,1774.1628086030528
2807,1546.4650134861793,1627.9234603538373
2808,3393.6972694893257,2633.4603010375085
2809,3018.350564089954,2616.4761133753213
2810,2092.2939590151454,1965.760837277563
2811,2647.9815438477253,2230.0524090624567
2812,735.8410740828512,1045.422103533469
2813,1775.6167992151989,1967.0657594764343
2814,4782.128617188321,3508.8233149852763
2815,1546.2435732219878,1695.4614821514008
2816,2211.9960302033433,2217.38340062886
2817,5845.6363958851025,3580.6482893977873
2818,3021.0589104819132,2518.0120718058124
2819,421.08801830666704,887.3031813904983
2820,2660.3996716366364,2311.7641565326558
2821,3752.8881552296975,3056.086700756413
2822,4322.556318069511,3197.88527979433
2823,4846.591650423243,3070.529294252246
2824,6980.005761066802,3660.188542585747
2825,4146.2589963235705,3097.847091317241
2826,2365.975224933199,2286.204335702707
2827,2199.7099915352173,2270.3395217888014
2828,823.2116243591323,1427.1210673456403
2829,4156.343525982537,2797.0045384314617
2830,4085.8154458253043,3022.8838831951143
2831,3657.650245011942,2780.1219556423925
2832,2887.50092050957,2415.454529474808
2833,2577.3521040727364,2272.6802165928457
2834,2797.115262732581,2316.68514287802
2835,4292.133697716155,3079.8395251730735
2836,3717.983033564509,2846.198164535698
2837,6271.953475447191,3606.478548047283
2838,3646.8307702600277,2560.214965692174
2839,3951.582259472716,3007.7541622330236
2840,2698.376585188272,2549.133521433672
2841,2992.5866362548304,2350.1531251891024
2842,7017.45818486238,3906.2602034460406
2843,725.3642859195651,1090.9304731557415
2844,3226.6569919889394,2531.7242214503
2845,1065.2531337407895,1553.6927487473858
2846,710.5380463246624,1037.4605654064455
2847,6892.916467092799,3839.663053396672
2848,1205.182561189964,1544.100011563205
2849,7481.445319598428,3879.591155929548
2850,1397.426476176821,1853.3038084548828
2851,3652.483886343777,2856.143529219336
2852,5485.37837877805,3374.868291916265
2853,4089.2073071118716,2702.795364009566
2854,4070.311415516309,3148.2493026341135
2855,3007.0384704994185,2543.4608673808307
2856,5020.421685099374,3144.194170094978
2857,2903.1417754917675,2250.9152924405153
2858,4195.333539728464,2960.7559241908443
2859,4139.145139033109,2650.497081979176
2860,2782.2236889722876,2547.3243684848335
2861,6502.901284627902,3594.3733558012455
2862,3717.6602907338442,2929.392249195476
2863,968.077567720347,1559.7717322379372
2864,6212.542733388344,3481.331052230651
2865,8124.289395857702,4216.0848863445935
2866,4189.005148512089,3009.967480007315
2867,2771.136503898318,2364.989071035602
2868,4057.561120612924,2711.4487634406532
2869,509.1159960039016,1001.065782876665
2870,1235.3072626319579,1426.7185639295249
2871,2414.837091236917,2312.834207437336
2872,6404.892050781089,3874.5387034531414
2873,1667.703576391781,1914.9381158260906
2874,2205.757757948069,2112.394706063196
2875,1637.9838373432565,1748.2054372092557
2876,2881.872751724352,2439.849745761767
2877,8955.380962395266,4433.895869674082
2878,8292.420350791564,4292.11156407966
2879,3643.68230038189,2738.7302296150688
2880,802.2156141745561,1227.7042415297726
2881,4937.337882516843,3023.3627119937723
2882,1950.5870792803032,1938.4221304532216
2883,2268.4883214243087,2186.5461252423697
2884,4791.007580773414,3233.495303556858
2885,2983.931814792426,2570.396012738024
2886,2986.4688737055294,2573.1558420876577
2887,3181.179524602352,2470.9733044827594
2888,8185.663789704003,4231.222206499979
2889,4882.622221105426,3329.551379905213
2890,1877.5338240438516,2036.0032562927422
2891,1916.7521003627533,1942.306439696407
2892,3928.460025848175,2826.9667478242523
2893,6242.989620470574,3617.020376102244
2894,3148.439930277859,2564.192719477677
2895,3002.4084618140514,2375.232843479674
2896,2548.9667509285737,2406.1433750044653
2897,2087.071622429185,2118.7943412178884
2898,3447.940234483927,2550.92779602611
2899,4164.424704890425,2941.063509315995
2900,3487.1067188390107,2783.4199183347237
2901,7633.810447523419,3717.252881789302
2902,1014.7535176380443,1654.0234492271065
2903,1312.7726917533712,1634.2995589918096
2904,2416.1497311772846,2303.9334160233166
2905,5427.209391932055,3488.4687359545646
2906,1594.4056667928674,1827.4638572510476
2907,718.3569571966016,1180.166244585397
2908,3227.6209424001295,2331.0524914327993
2909,2610.0837522227553,2342.2918843547277
2910,2135.486332894884,2084.9172956640755
2911,3341.1447672803574,2777.1142512052456
2912,4682.012898038217,3059.6440559581556
2913,5030.497726516914,3231.053047803883
2914,2495.8073569250155,2238.890902052696
2915,3172.4017443054013,2469.8136348209778
2916,5107.440111247314,3240.8189521658383
2917,2079.1769794345955,2108.6822798729877
2918,1754.3962750577525,1836.9719985316692
2919,3742.0024281060496,2779.115619442057
2920,4598.147067237936,3002.1581570473336
2921,5261.316911375383,3098.650868784145
2922,4214.60454203993,3026.8045308786027
2923,2294.0597633712982,1911.5299384768093
2924,3230.9926565027613,2572.314262132242
2925,578.3079209572392,1342.0521381890137
2926,2229.7009670972566,2203.0052011221005
2927,1460.0618409686329,1745.0406543739427
2928,5715.087705987627,3677.328315916884
2929,6152.696106394543,3395.2008166470373
2930,1062.2963987243588,1415.2617339694382
2931,2650.8817638865935,2456.56302805912
2932,4054.8250633819375,2867.2327882002446
2933,2026.2806858731037,1859.751169787508
2934,2667.8737867493223,2457.441732504268
2935,3187.903881851421,2846.9964001210415
2936,4784.203557967351,2996.894983551251
2937,2775.289068600565,2426.313673871567
2938,1272.636308189721,1619.9168311716112
2939,3152.230279035347,2515.891015727038
2940,2188.373573411149,1925.2107848446362
2941,1916.0506490485454,1844.462405625753
2942,2152.352787092816,2077.5532949464296
2943,1299.6414524051343,1525.7901328475305
2944,3843.1926016362863,2797.6477006465916
2945,4147.676366321872,2803.4279450922327
2946,6228.332321453121,3507.415101202341
2947,2229.4242804625696,1988.137523616056
2948,4815.904789686394,3032.6841882529793
2949,209.01077423569524,698.5573954482331
2950,2509.6330193486165,2212.744701456633
2951,541.4439150263038,1067.929396120232
2952,1638.2609610968482,1748.974759989597
2953,4160.686815592839,3088.409717622042
2954,3660.7296968601145,2775.814668157015
2955,3449.8979615485714,2759.3016723844785
2956,2631.743788496527,2295.521446020836
2957,4764.486147931214,3083.531950011891
2958,6334.131314635758,3822.2337054121235
2959,4342.897657394484,2805.024853063807
2960,2157.579163960413,2268.722767997881
2961,4336.014068719564,2943.854881468001
2962,5604.479589190466,3312.5721413615092
2963,2823.219288184022,2286.513204613983
2964,9433.500098256944,4221.831392775981
2965,4689.225610305771,3182.7651301724577
2966,2006.3683132391827,2062.315020618334
2967,2982.472036972841,2443.52747123184
2968,3776.2846817665877,2568.8502376199344
2969,2874.1502500579454,2507.6868702352504
2970,2964.189168703992,2622.297207363274
2971,4164.8329529239745,3061.4466238091245
2972,2716.147702341707,2354.517738280734
2973,1575.1126512304515,1641.3866651924295
2974,4289.778099378481,3035.915363004822
2975,3771.2363592654656,2887.209315710832
2976,2405.3319599029196,2380.7922450096316
2977,2211.998846862098,2056.615567753769
2978,2196.603845552838,2080.9722904877076
2979,2015.7394282425014,1864.2494933854862
2980,2713.3764372152746,2341.0412102474806
2981,3066.519407283097,2692.4838748768416
2982,3599.091957588087,2776.7521046809993
2983,2917.55660296514,2599.587327968377
2984,2508.1276346285294,2089.6765280653044
2985,3141.634461512511,2562.1183705743133
2986,2707.3403976307823,2387.441076284595
2987,5985.792271877738,3645.5162056435283
2988,2117.563136799034,1948.3006704669442
2989,1389.9052316294142,1719.4260744137055
2990,2129.8520609564393,2187.359033581066
2991,450.9132310207319,971.077851807371
2992,623.4794552172427,1225.013930199007
2993,2280.473829175172,2183.178563065722
2994,3894.373864634258,2790.482699623568
2995,932.3183127963932,1416.4130598556735
2996,2080.932888683804,1869.3630311851146
2997,3075.5204782300807,2316.2323443241835
2998,4891.737120024714,3221.5085406822077
2999,1667.8757848377,2077.6362240256876
3000,1955.3438006372687,2074.200457401833
3001,8324.40203841986,3971.941145516107
3002,2364.0641995653555,2030.9777476656288
3003,5170.288447255534,3440.0589766881653
3004,2443.105119687124,2201.6549607823026
3005,4343.340321878818,3162.028158641724
3006,2569.8341011332454,2111.3276621643745
3007,2125.3763615347407,2266.765110691212
3008,1689.0360215429139,1848.9775088210527
3009,4316.344410715947,2742.3843286708143
3010,1851.731220865711,1844.772866272103
3011,772.4282067163472,1207.0870872230823
3012,3059.1943379170416,2592.6865364121054
3013,3571.3958018602,2599.4279764916587
3014,1909.8785482902445,2050.4591950615904
3015,3212.171990744523,2480.1718596130177
3016,4486.322785456483,2881.027316301393
3017,3543.549399893911,2763.575878105003
3018,1793.7063178897563,1716.6583266431735
3019,3141.664632364881,2508.7000143750365
3020,1638.1079909109956,1474.7197764319067
3021,5404.365477478033,3399.4203903814946
3022,2969.1457121401813,2444.4385246343745
3023,6734.980543740588,3581.0937970039795
3024,1862.3337549124847,2047.5626617720397
3025,2344.1166635905574,2278.832378614793
3026,4205.424185095646,2808.89680373349
3027,6900.080229401013,3751.897512154485
3028,4503.608639048715,2966.107604153709
3029,3258.6228432604235,2535.3425914985473
3030,1476.2490572426798,1731.0315886071785
3031,2130.08919764005,2327.5967752589486
3032,3991.4426508288248,2863.040101297865
3033,195.1584663438714,361.1563840826005
3034,1553.4783559823354,1785.717898519336
3035,3512.2546608063667,2378.0109179465067
3036,2107.736238050508,2110.4192118118244
3037,3649.241893886891,2531.487589779703
3038,3575.4867082020505,2685.19241548069
3039,5622.660415852373,3293.0737371075284
3040,4914.506357306413,3309.3771964970692
3041,813.5894089067734,843.9549348630032
3042,1786.0297079901954,1900.509246575751
3043,2340.992394170694,2216.3452886114464
3044,1573.8172065682766,1909.2814841650654
3045,3012.885762248174,2641.956688729358
3046,5956.651408113216,3618.715892351191
3047,4888.451177090956,2988.9583109405253
3048,3590.481323652032,2440.3887632983938
3049,855.7425031976961,1249.8528515715748
3050,5857.617306454748,3592.1651093238047
3051,3057.7004822716294,2570.3351025765796
3052,4007.379398806738,2593.32011386605
3053,5866.5121538942485,3620.302342700494
3054,10041.054677235405,4305.831498390903
3055,3954.1993407269397,2917.936959980047
3056,10476.775618889267,4499.608035691503
3057,3086.6205654875876,2483.3165471512234
3058,2575.2681772355104,2382.8678576014163
3059,1366.2626026976284,1829.2611728150953
3060,2869.976457233721,2448.7692222009136
3061,1892.4899784209974,1878.9126530078515
3062,4819.635668242043,3053.2303608029683
3063,2903.5255902763197,2438.505728135486
3064,2042.21961793422,2071.987426403963
3065,2323.7561599373394,2104.1998653861033
3066,4102.270849670609,2924.2020470631496
3067,1851.6866422158323,1971.0915122443362
3068,6590.176938763202,3292.2347976567276
3069,2077.119178697659,1967.8983606686813
3070,2793.0891766159634,2560.0995351889937
3071,4530.715536067074,2885.6368925710126
3072,4644.628325071271,3151.850934775557
3073,5985.276274360094,3522.826036603631
3074,5589.907150459813,3316.3082153445703
3075,4550.261255843035,3022.1693411507217
3076,2410.2709282576543,2294.7115948593896
3077,2118.308488486324,2071.843610596062
3078,5269.778157013524,3126.388607817057
3079,4285.155339261968,3061.8945155393812
3080,2812.7011709649605,2292.124780531764
3081,3238.612405772424,2415.6512135936096
3082,603.6206372654576,1191.656078778253
3083,3575.348015078839,2711.35470638664
3084,2973.4001242657623,2372.6332820864495
3085,4214.401592195919,3096.2420373237674
3086,2757.467614800034,2585.5629593703734
3087,3203.805193494479,2792.9653825005785
3088,2610.206552488993,2160.5769268022545
3089,4015.6495191858594,2942.884637901795
3090,3339.5751563157382,2667.521871350069
3091,2860.180874220804,2569.435046457208
3092,2765.904786169605,2323.582397108936
3093,1471.3947674487683,1740.4287323239919
3094,8751.299818157282,4347.0842551466685
3095,4124.54664076247,2867.904741920119
3096,5837.084069612944,3542.5834111785107
3097,1258.922891248191,1469.6418418958028
3098,4397.950481643445,2956.5877986732003
3099,4117.78265740306,3105.484327604613
3100,2021.6016685863246,2163.5135166403375
3101,1484.5568133855036,1851.3285983872208
3102,2585.1331832286287,2218.426849402944
3103,3848.340100103161,2863.1456128887926
3104,4694.744747877475,3028.291463494995
3105,1705.7249117710169,1643.003333548638
3106,7503.876622589116,3981.432593838715
3107,2397.4541373319685,2269.892658219794
3108,4213.990667681989,2904.236435575135
3109,4169.256706025575,2886.282569828518
3110,6263.708504973945,3423.8293617475315
3111,2680.0764791434863,2299.2927322464943
3112,3230.6414031784984,2849.88791354268
3113,7064.68871706281,3875.725779117839
3114,7990.87857834768,4219.341332462387
3115,5052.900644275155,2995.094002296657
3116,1845.3540956084341,1590.5391330705324
3117,11817.790296494606,4976.676351672439
3118,4636.48295905658,3183.5067207896886
3119,4823.807375503183,2998.129559878853
3120,1497.4389417292198,1828.6754004259194
3121,2010.181101640794,1877.6345327714005
3122,5249.783758416257,3393.5636158176953
3123,4073.7405298004164,2846.775388844514
3124,2073.0873575237774,1849.9621005687025
3125,5148.644782349242,3398.1482476412666
3126,5339.970038631483,3280.276435484652
3127,3483.8085159549796,2556.3203883034494
3128,3682.72124197818,2749.5599564567474
3129,1479.1296705399918,1742.309242528788
3130,2138.7846336141815,2105.2081656932
3131,2131.495715926682,2080.1749464711775
3132,3086.3091203097624,2519.4667636774884
3133,2051.975203533437,2165.044445518006
3134,5838.5911320385885,3450.6047819633377
3135,4806.546653135937,3033.9181662803567
3136,435.5199133706125,768.9593727269847
3137,9258.827839004489,4079.760049824838
3138,4247.470728755663,2944.955159822165
3139,3866.6119195683495,2593.712613336891
3140,5197.183323866759,3188.0933043667887
3141,1880.3472812468137,1853.6418702114822
3142,5055.497102803765,3350.667394403954
3143,1604.319542154686,1823.5720744338196
3144,3280.060211282537,2330.9649131083283
3145,5292.038589763417,3233.880703074407
3146,4608.456063380444,3080.245747083496
3147,1019.08341919347,1544.1004246299685
3148,1790.1595510512616,1928.1548623770284
3149,5527.70498575786,3173.0299470089676
3150,6415.504869189181,3455.741611620579
3151,9392.04234613858,4243.528199689353
3152,4333.305500167216,2970.0049847154232
3153,1933.248695919602,1932.4921249028598
3154,3529.1293791933076,2708.0696164562455
3155,4682.47390561894,2941.4762092449337
3156,3933.9970464083976,2693.924847447989
3157,3836.118356658064,3025.0633306343243
3158,3271.6504838193982,2473.8807585771815
3159,2340.433931667409,2354.545003273934
3160,799.9024051096749,1218.6267661497543
3161,5824.570654453164,3526.869185132226
3162,1561.9068906284251,1758.4497501542153
3163,1831.415970433434,1876.8200412795586
3164,3201.790780598587,2598.30459659137
3165,1309.0800203214017,1530.2224765784883
3166,3903.425922961935,2672.8716524210904
3167,3997.025597067664,2842.5618776244546
3168,4485.283153726939,2964.6319850848095
3169,4254.885050446068,2787.647473791209
3170,4145.600200844314,2936.282016742447
3171,1666.7173521803431,1898.3516668521042
3172,5052.163245350984,3087.5949605001247
3173,1566.45725701138,1911.9426377597888
3174,7214.3108177717895,3865.3804318413386
3175,3119.8460811397463,2558.8647600541235
3176,4128.427191216615,2860.533620144858
3177,923.2127885386363,1428.4382463485776
3178,4879.42901209654,3268.302703731886
3179,3607.144790293135,2834.1933630480494
3180,2746.9412344013926,2268.383147180149
3181,839.6801230941472,1455.545702070376
3182,5892.88192487712,3320.826623584632
3183,1674.8901407682888,1854.096429967533
3184,3778.476338642427,2839.514062107439
3185,1682.3394968836635,1910.2637419283942
3186,4318.307828156813,3019.0346781100434
3187,6232.746784176727,3634.104432600842
3188,1658.8163017383386,1581.7607986830858
3189,4291.676926486511,3225.1699793979474
3190,2734.941730044835,2494.4730799352706
3191,4070.7649065524665,2691.144965367712
3192,1766.4453702828857,1841.961945981012
3193,3496.220755097919,2711.340726024023
3194,3415.270975944083,2704.9826538426623
3195,1353.2404178816864,1664.5812877843719
3196,2378.087744314586,2173.424137812187
3197,1467.030210691761,1735.0101472915746
3198,1991.907353405516,1898.3919349361818
3199,596.2006999526062,1051.2315308277325
3200,5002.342860878089,3113.6660251521575
3201,1576.7167940011657,1804.0162577724889
3202,3193.6047882952375,2749.497315284263
3203,1998.9466002280922,1858.4778063976116
3204,2334.6171055193845,2148.5197209331604
3205,1556.3227553079837,1616.8255185514631
3206,3565.1060831058453,2618.778619482933
3207,3455.7296480801483,2718.0127365422823
3208,1780.1435837687673,1820.633377106256
3209,2862.3694417186152,2417.031702053743
3210,3290.9629648846717,2608.254221684119
3211,3132.9268871725812,2590.3588595219358
3212,4441.121225267903,3045.8816377430157
3213,2987.9671782918913,2429.0578798732745
3214,3437.525177389342,2744.850781009982
3215,6260.271824606638,3531.4680783743406
3216,4223.646069538656,2871.4133536848776
3217,2174.171028607986,2065.140460452706
3218,2243.6466610492535,2094.098689093597
3219,5021.830013241232,3075.9589994590356
3220,1731.7822409782011,1874.7565377022497
3221,4627.81943595949,3195.8582008152016
3222,5421.026367716293,3341.0780302857315
3223,549.3309188642107,997.1472173967455
3224,1546.023615798461,1658.0586116396369
3225,1145.4984466557758,1538.0184950152482
3226,5678.927983659416,3438.2074120701714
3227,4406.380839662556,2938.9830468247933
3228,2915.232139861506,1996.200606832348
3229,1400.0191515061624,1525.3912404925195
3230,3810.285811020689,2888.4022029345356
3231,4143.424345098784,3037.1091677083714
3232,1796.686329730191,1766.498505569146
3233,1403.9822411813498,1879.3937579011815
3234,2459.7357606185,2142.4473518267628
3235,3024.0006478780633,2749.7036712294407
3236,1458.4546313968874,1888.3329209123976
3237,4108.806061400078,2955.6992465453473
3238,2205.2027229409346,2166.04241529464
3239,3032.344444182854,2492.437604437004
3240,6297.861888060742,3610.114015997825
3241,2075.2667065395935,2021.98773732499
3242,2080.537200629778,2150.1116039992894
3243,4540.599814049886,3124.4124364984777
3244,1683.135626304177,1917.2854469163199
3245,4796.413223793723,3068.677595473797
3246,4505.175875895761,2954.750009190448
3247,7688.032124645107,3845.837089767065
3248,1304.8528584735484,1778.3959063846837
3249,3675.9578335279725,2724.5290047672893
3250,1262.312439422797,1856.4865445053752
3251,3954.495197520621,2789.408406490694
3252,2717.909605108466,2335.382349999269
3253,1484.6992231315585,1570.5809109853212
3254,6163.419140981314,3510.3851935121916
3255,4995.899760752935,3170.404441916581
3256,3056.8098070126225,2603.7793180589865
3257,1561.3607525432328,1954.1432052055743
3258,8595.454707371506,4248.997410212899
3259,1623.2932394904246,1734.7709199552096
3260,2960.0887441825366,2494.1523779806466
3261,6132.754256133366,3369.776957434747
3262,5430.472040061245,3159.906738684672
3263,1188.7941193089548,1692.859623189866
3264,2775.887060378658,2488.3859940688585
3265,1842.8802387005699,1914.1962600066583
3266,3608.399656669661,2894.724780039593
3267,1735.9611305475337,1845.130742698407
3268,10354.273289237644,4519.258490249164
3269,966.6490190405754,1355.886315116634
3270,7755.085587253206,3864.2170879767496
3271,1906.586246389495,2002.9750110233597
3272,461.206196413683,949.0938704468439
3273,3131.608689135692,2457.3121781818954
3274,2678.2222015576094,2452.447917198677
3275,3245.774978924161,2684.5999207417553
3276,1263.0004925413448,1566.7796169133885
3277,4218.850278800004,3143.5728971948065
3278,8452.636017049816,4259.526642568838
3279,2822.5388634199285,2293.5070789816323
3280,1919.0556933916705,1893.4622457119772
3281,3325.133842457892,2607.6939746963353
3282,3398.7048064769806,2733.52528277964
3283,2803.553734662603,2497.9671689703387
3284,1795.9738004925441,1625.1088054013806
3285,8752.588134849007,4336.2039433441
3286,3569.850329856748,2632.9392304263274
3287,2424.1804715096087,2205.0770198937066
3288,1086.9826381602402,1473.5492567605356
3289,1588.2724899616537,1633.3851057446418
3290,2060.8773297943817,2059.556821851166
3291,4946.3510236117445,3171.1641760572033
3292,1920.657322093733,1759.3354132557693
3293,1767.6139171920927,1794.3689516352506
3294,982.8346431021355,1267.7301444071327
3295,1195.81310132007,1568.655271565894
3296,1105.9769518655037,1473.7374598633733
3297,7522.133745497565,4158.295858982667
3298,4127.473108904195,2778.9287219447824
3299,5068.734982260514,3392.5200190827018
3300,791.0199612238486,1395.4811947511537
3301,1130.2161342532168,1430.9037578086607
3302,2925.6645797783367,2476.9966285816367
3303,5534.251490454607,3436.6474179939537
3304,3537.271037413449,2819.8403269839127
3305,1382.8635288257349,1666.9299106105439
3306,5261.7714289753,3391.0356229677022
3307,1524.201445842812,1862.1110423079328
3308,1940.804790374993,1950.1546616896687
3309,1589.4741674478348,1593.4731569534235
3310,4070.8744261696093,2767.5032161815325
3311,2648.269911117358,2202.1548363586326
3312,1085.6183214941352,1476.612158131074
3313,3712.4636570226967,2581.8774843954643
3314,4271.628968003054,2859.2808722161176
3315,1918.2637657580256,1781.9658308156
3316,2970.8413734254223,2541.1469532826677
3317,2392.9201770355403,2122.8737633409314
3318,4225.888297286176,2909.6706347326544
3319,3554.853484623462,2905.4437485018607
3320,3663.200826630721,2924.8810115389074
3321,2289.5974475951894,2164.0988193234784
3322,3972.8635775570574,2909.167777440936
3323,2584.491697788693,2363.8439227089348
3324,1739.6885754338982,1757.178896307671
3325,3620.0399906301486,2698.141954176107
3326,4800.58369127426,3098.6416410404754
3327,2501.7659832398267,2383.603061028898
3328,4135.329283700831,2770.59063838008
3329,6916.784555775307,3652.115966330895
3330,763.4922520017122,1163.3852055596394
3331,4499.471688433683,2986.368808006035
3332,3573.8425006611287,2994.1190262522455
3333,2646.3782378470037,2501.658222560575
3334,2392.638835575676,2198.325491074629
3335,1190.9107002631163,1575.2071581623566
3336,819.1521413867603,1377.0226505294477
3337,787.323789845761,1391.7598902805237
3338,1677.9673542587716,1747.0606253825026
3339,2772.722882545902,2288.6061427524237
3340,1589.7810538785338,2126.962086424687
3341,6758.305444066931,3681.757836517974
3342,885.6618426734752,1429.5191082094404
3343,3079.1230767262145,2536.371404255638
3344,3347.281081929995,2803.8229524847484
3345,2879.8772324197507,2335.5482063718964
3346,406.73080098015134,938.7586903110202
3347,4111.14187029208,2899.4064895798256
3348,2268.3753470370116,2154.0370759549955
3349,6685.008914131299,3695.294170994075
3350,6063.868744217107,3430.7609465337027
3351,3985.772251486379,2713.2679867004044
3352,1242.9752860115798,1821.6853146499989
3353,2490.1374814358223,2559.279244395161
3354,4043.552919052976,3061.7139845394763
3355,4854.3646847473365,3139.1411460085124
3356,1422.4187826435088,1634.7944886423977
3357,4761.931595108226,3082.9706697456973
3358,2363.7852975667092,2193.264265323978
3359,4457.269075211545,3030.954683150585
3360,4050.3314978019525,2771.6079049994005
3361,4642.577353638512,2652.731769417103
3362,4209.374657504214,3017.222336009762
3363,6915.87222861892,3718.64671519205
3364,956.9833848291407,1368.264570743985
3365,3449.9782693579314,2886.967846320352
3366,4043.746049994661,2824.698534142894
3367,1094.7507146093362,1747.3006245834893
3368,2827.620816843757,2484.239117432887
3369,3488.0813742631376,2419.490411230847
3370,1135.112483728142,1696.1080943678467
3371,1788.1811367487223,2001.3262338899276
3372,1941.389663686072,2067.2617410187886
3373,1995.8095604855666,2048.65421436401
3374,2079.2256121559362,2222.4607562061724
3375,4789.493831090267,3075.0373490568195
3376,1196.378906652435,1806.2671786753808
3377,926.8194953298298,1414.3988339546722
3378,1454.8733659021282,1634.7925527792909
3379,3210.0903015980944,2671.4290035028375
3380,1947.3865760585422,2225.6627029887345
3381,4195.808576469356,2610.615687526412
3382,1585.5068497731045,1665.325532484478
3383,510.116385599456,980.4722306053641
3384,5348.329396312846,3289.655496360592
3385,1038.716661438842,1386.2305968596263
3386,1837.2998071232814,1898.0353642934574
3387,1744.5883759109101,1930.4708483149147
3388,2642.356084444343,2267.995096041807
3389,1695.1135064248533,1786.319025825683
3390,3819.4631245224155,2896.113909685339
3391,3341.7590593817667,2700.413030914801
3392,2832.7688222490615,2253.9518362656177
3393,1593.534699549457,1673.7338067984153
3394,2781.6740929949556,2342.579724506298
3395,2408.6117335510826,2608.799341806318
3396,3937.4460817442814,2867.945193595308
3397,10563.645226242756,4537.791637914338
3398,2801.5067007062007,2389.722630925782
3399,1792.5474122120147,1834.7532429166554
3400,1142.1077097300947,1517.4962026590945
3401,3363.1604180086606,2424.1227115947027
3402,2814.9723441856268,2307.6165068586815
3403,6376.272543844399,3435.9423299617274
3404,4037.996707961977,2901.850469843939
3405,5463.301918938123,3350.900624727771
3406,7853.930150704534,4273.448895688542
3407,2948.24899117396,2156.782664697991
3408,3990.2740291827836,2922.557206251886
3409,1432.6244579469567,1796.3934843590089
3410,2784.6032908000548,2336.6836758891855
3411,6028.2516165052075,3504.1031554584347
3412,4617.805172596274,3035.746116287516
3413,4250.731938067176,2868.4683566772883
3414,2161.1462504980404,2005.6767535989904
3415,4283.927415519541,2965.7226936108127
3416,1716.8091741213707,1782.578603351278
3417,1927.1767496084467,1798.006231697754
3418,3335.1269069752148,2753.371220645089
3419,1591.8495137974899,1699.595695514244
3420,1196.5869656582158,1711.3529719647563
3421,5262.424108543549,3292.1580968747385
3422,2018.0705656922523,2100.156751519735
3423,1783.5436599798306,1963.3613017425478
3424,5109.033154157548,3185.695917957163
3425,2433.877042691397,2254.744687725563
3426,2416.4059049341963,2214.833221316
3427,3397.017066168878,2517.3299450043964
3428,4471.177973859307,3033.165305234425
3429,1740.6326638629098,1961.134222073916
3430,346.2704119993902,642.2824067489277
3431,2786.6510689301376,2486.2399701960308
3432,6165.805377007144,3544.086808836377
3433,7726.943056948645,3863.5914645928697
3434,2456.5614918137317,2186.5712572972166
3435,3719.8475428753277,2822.9071654996956
3436,4043.5804707327843,2694.807031826708
3437,1779.680264245237,1906.0082307102282
3438,1953.9826157564737,1923.9768168280098
3439,2009.7241133531843,1984.889013750966
3440,2851.8744350174325,2339.7083105888687
3441,7262.82253029299,3735.303300998858
3442,3387.564585575071,2548.5205415794367
3443,2586.714022654178,2471.1980743779354
3444,669.7449844342144,1244.790772864723
3445,7227.263408899042,3741.367582417373
3446,2900.2350316082725,2493.983250528251
3447,4834.813802938642,3187.265879131225
3448,1865.1447808654157,1803.3563249451413
3449,6532.045461441258,3578.2649375782685
3450,1636.1212818007216,1664.9428555972684
3451,3274.3147097870315,2695.217668966909
3452,2690.799164507144,2325.1936074957716
3453,1950.7795572830548,1871.0806826164405
3454,1322.5046726061762,1603.6930150613116
3455,5927.723834928708,3407.9731907275004
3456,1925.6968078013626,1997.8468966172647
3457,4767.058526298511,3052.4326826971605
3458,3529.4936568627236,2820.850920802501
3459,3477.525800375236,2572.81416855524
3460,4213.302616862944,2812.820727723542
3461,7564.429357651568,3953.3041000712715
3462,4188.755131883985,2914.2214641832247
3463,1078.1302464116898,1138.931212602454
3464,4084.324924522399,2946.5970847027675
3465,2615.9324424786314,1977.9116646525993
3466,3671.939122431727,2464.280351281494
3467,6581.48362898354,3629.6603588784374
3468,1294.4232099035814,1671.5698161785597
3469,1753.9842026941697,1755.6640273256405
3470,1589.2152567872904,2085.3276703986703
3471,4473.273588933824,3213.2963703177393
3472,7608.27346813677,3807.299247852252
3473,2569.627125581633,2445.0026792994013
3474,2599.8237177249694,2323.298394301479
3475,1784.1836131347104,1823.3636857269323
3476,4682.769363226085,3065.0121528580034
3477,4031.587889603268,2918.906242135142
3478,1846.4315927580794,1885.5536106278291
3479,5740.1883275237,3508.505060056529
3480,6487.034147924357,3600.5620395703736
3481,1802.1749043864922,1944.0318290508735
3482,2257.2507459725275,1787.9956799252884
3483,6957.224564980728,3692.5964025372177
3484,1325.5211721668893,1645.25504746753
3485,1668.8923754423274,1688.1009784770422
3486,3956.6284694391634,2889.2572141503388
3487,1981.1142011126476,1911.272796166771
3488,7610.493448389857,3841.7588116095535
3489,1525.8565699881678,1604.2432009931224
3490,2981.639480383359,2502.3364449081523
3491,1244.6220309079654,1428.174434988528
3492,7319.882485441088,3968.0134418465336
3493,3440.4831063285696,2797.066393102105
3494,2779.072564003161,2344.416404475247
3495,2294.6506435024794,2141.3116934608743
3496,3401.14710738643,2489.407364852148
3497,4470.85948032761,2887.206149912097
3498,2232.237091064459,2078.770376066289
3499,2188.531867523359,2220.5371655407525
3500,2130.072159025334,1934.3665851267508
3501,929.629994982495,1126.339131174811
3502,1954.4567696556855,1956.4109359772126
3503,4233.607623732349,2932.1115996667045
3504,3072.8586819576226,2447.0629769575166
3505,3857.0404903647504,2838.5502226036288
3506,1226.7117346962343,1655.839618740623
3507,3822.094984469947,2766.5681574261635
3508,2967.633602494664,2346.6774051266275
3509,2456.50223004363,2192.007884236187
3510,1061.4744256230174,1377.4011333007104
3511,5382.458084720951,3190.998741762349
3512,963.6570437974007,1578.3077959485574
3513,3859.1356072655576,2695.43811435908
3514,2022.7330508595205,1888.6264402523432
3515,3127.507029488067,2566.3957601285474
3516,2595.7826896831884,2467.098599862906
3517,2951.4671514764977,2496.6812477952985
3518,1677.528879606225,1640.9714866624765
3519,2965.152812039122,2602.9683437029125
3520,3036.4748962072235,2562.8607161021046
3521,5506.8197751510315,3247.8471489068525
3522,1870.105975764417,1822.1250344146415
3523,3887.369486403033,2750.492116611239
3524,1102.800814837185,1372.053551538446
3525,3153.2683738063665,2392.6318964040606
3526,1785.6655130197448,1848.3904880850992
3527,3504.9138133565325,2601.391381981793
3528,1765.7588418685534,1908.5706750773716
3529,5199.743235522959,3063.9155580162546
3530,1661.6228682699773,1834.2594948280246
3531,3838.0596191091067,2815.638501805849
3532,3687.528843847443,2798.1300085875296
3533,2247.8461272510003,2150.6132085779263
3534,2122.064625423821,2221.3018435996555
3535,4000.0117803244566,2858.364357156204
3536,2223.6294932581977,2122.0735888153363
3537,3971.893736796568,2875.0116046120506
3538,965.4143247430995,1583.0980691023587
3539,2601.4993120623567,2004.7876285914576
3540,674.3363327391767,977.0868280597026
3541,1618.8986663089163,1706.1116693906374
3542,2453.5754605696247,2410.1409334500154
3543,3882.6401899655984,2928.6883888991374
3544,3682.275782846957,2842.0161691752214
3545,5199.243584127127,3436.0520493494137
3546,2294.8994264683,2256.633869891238
3547,1308.844206457477,1602.6809125677187
3548,2456.8138966048136,2025.0145021607482
3549,4796.752262567647,3072.335888369161
3550,1444.94748069974,1643.1105725032194
3551,3680.8112207641193,2677.0408896075123
3552,1811.2672365747994,1792.0470504286432
3553,2098.319245817245,1922.7534564944165
3554,4170.843257687577,3052.2268995607137
3555,3133.3502147304266,2612.238979751629
3556,3028.325661003024,2405.0639019577407
3557,4828.278249009917,3230.316323014732
3558,4665.935777686779,3137.026017232317
3559,1398.7265732998637,1522.1339037711339
3560,619.1007155047383,1094.6744303762264
3561,3178.6388022837727,2598.633416845964
3562,679.5159290948136,1000.0950131734845
3563,3590.521939652027,2551.596928556181
3564,4339.76850393009,2970.730537488201
3565,2606.0476971915987,2202.248825393512
3566,1840.3254157379424,1998.0812745422177
3567,1499.3411993627594,1806.070965769105
3568,6580.791391952138,3704.0226936329464
3569,2362.697743831686,2321.3492036706098
3570,4405.901617904766,2732.2782714569657
3571,6712.948262641004,3761.390562630845
3572,1637.967308440004,1903.2114404721706
3573,2169.5861810429938,2150.1395933306358
3574,5325.107578571448,3146.89427070216
3575,3268.628787468048,2602.8216602121433
3576,1334.0234339581464,1661.6025078338894
3577,2530.1250809188073,2393.875810129567
3578,3465.6145891666097,2601.2708572017987
3579,3329.2840208390985,2523.430307613393
3580,3720.5920896833427,2754.6670465750544
3581,7685.017337044491,4142.503851725399
3582,1582.6099356336954,1667.5482840057898
3583,4736.22180042635,3190.3293779943106
3584,1699.2122146464362,1836.6078978379517
3585,2175.306289745788,2236.888353554247
3586,4133.820168074168,2874.201715061646
3587,1403.6362119395403,1461.0110437240921
3588,4487.223008430154,3107.7970318999674
3589,1838.966858793865,2248.2519557811156
3590,2923.5464566590585,2313.444724067969
3591,1818.9382484855632,2083.4860560589677
3592,6961.04794203009,3594.735582683684
3593,4754.164928907729,3067.0552811418424
3594,5418.805758345121,3367.5257309472404
3595,3276.0096603825355,2624.672072564711
3596,3356.93852105499,2617.4076144024734
3597,5781.42186250932,3425.0268763164086
3598,5199.915591362281,3350.0037315605255
3599,3102.2976578366934,2393.5764032009442
3600,6201.279791880691,3592.716936346147
3601,3389.9032471881796,2703.5284648786455
3602,3483.4615586135033,2579.945566044638
3603,1931.375242185759,1982.5535473392683
3604,2231.619146210803,2064.0334874953
3605,2407.0115416620483,2244.365563449912
3606,2501.939608099784,2193.5111047062423
3607,10990.099177082817,4473.654326626604
3608,4427.2228582697135,3043.1644864504415
3609,2348.2846515249357,2138.17876805497
3610,4465.714206613546,2886.3647276257157
3611,2290.122623287521,2029.7720059499052
3612,8703.808099599088,4123.025222529925
3613,6734.440994105837,3576.9325357596413
3614,2567.8214590885063,2260.3931381099605
3615,2068.4540929435198,1804.623760302538
3616,1365.5570543894842,1497.3080924299647
3617,7753.554909116138,3836.169947732143
3618,2864.8619396215067,2374.8301555639396
3619,4652.748173726602,3025.4622938427788
3620,5400.130621808006,3452.911566325434
3621,2473.0828376991494,2257.5726701510744
3622,3997.242082154394,3082.126049176937
3623,3970.7501156572516,2951.752836449307
3624,3727.7758348703273,2716.597599432279
3625,2932.357354129979,2459.4320983493735
3626,2835.896134157955,2844.8234634773225
3627,3369.3858956474114,2880.6554887602174
3628,6446.374707281188,3612.9204934569702
3629,1615.2975538734872,1585.2025264526658
3630,3999.8853389343726,2849.022910433356
3631,6142.221343156646,3672.554476253683
3632,3320.6622216218443,2645.5913826720343
3633,1274.076801524415,1726.849843546724
3634,5197.168040087372,3454.4459743924986
3635,5204.416735524538,3126.0083533369984
3636,3764.7487854500164,2688.8729631071674
3637,5324.2711880586685,3140.000033608026
3638,4499.258292426082,2628.2346454595086
3639,1670.0999358415775,2094.7520174570204
3640,2870.7161541926753,2377.5646519137717
3641,2544.901251732625,2531.9844099091897
3642,2054.5358361807175,1925.5451194779803
3643,2159.626739244814,2211.1495306946413
3644,5077.970142379079,3224.521444685783
3645,3084.2930391700343,2275.8423691972953
3646,3230.713343817325,2516.065882456705
3647,1625.5153543552212,1785.0210274173312
3648,7600.157815749046,3973.3503374839506
3649,4725.174895488571,2951.4253930001405
3650,2104.3180942482495,2113.028960743889
3651,3712.0683390134523,2784.6997151477613
3652,2266.239496176394,1943.6317440430842
3653,2492.097535838325,2164.5762156182727
3654,2857.907954767684,2484.739258228644
3655,2943.907315388865,2367.208957639348
3656,3024.593106369604,2776.9971136346303
3657,2664.9038269478533,2297.495056435873
3658,3494.3242812977,2691.5752765553398
3659,1047.6189784355417,1283.0340870444843
3660,4635.586844538729,3004.234400575698
3661,1271.7954423533483,1548.9531905687297
3662,4397.3732433357,2908.0021618880155
3663,7732.57207143026,4018.3208427822897
3664,2530.1953873974444,2197.1323995196217
3665,6393.550846269267,3624.573732937861
3666,4261.438829271338,2946.3761756053505
3667,3020.643029546111,2310.7152591611693
3668,5010.018759193514,3240.2983787338476
3669,1506.9806136143118,1776.3408982688634
3670,6086.923631818493,3532.8379079006977
3671,4830.6776336666,3210.844794752188
3672,6287.716692163885,3490.1509489059194
3673,3036.4466264546345,2620.915665382358
3674,1305.1088065363842,1557.474429311674
3675,1618.568070527391,2030.4701423720564
3676,7708.655612751262,3865.9789355498756
3677,2730.0084121604045,2333.632497579541
3678,3629.2491709357273,2778.374743039959
3679,3834.8247809246864,2963.916050574316
3680,3029.5986489591596,2423.8211508929203
3681,2955.7454009637227,2225.643851109987
3682,3237.0324596613937,2447.483273492247
3683,480.3080229004207,895.3372925764294
3684,7149.522546856861,4019.497802307368
3685,2477.7567433888244,2317.7625954019973
3686,4103.9660742707865,3108.6109828979074
3687,1311.7959765836122,1629.0834229888014
3688,4190.395072463792,2778.9384232353823
3689,4159.411491437556,2826.279782411169
3690,3165.2116202281127,2425.6185197373447
3691,6065.009888455815,3538.572895635663
3692,4581.7193074976485,3283.3687462141615
3693,4085.50549550133,2920.511529079242
3694,4712.034047769293,2943.7782034635406
3695,3075.6730094616105,2478.1039288703223
3696,2274.9240851225827,2053.8495213059095
3697,5201.743118002615,3051.736075012923
3698,3004.5328897794893,2652.896407936892
3699,3537.1007595827527,2600.584190747937
3700,1078.1844858446252,1322.3952410596971
3701,4452.633977057661,2778.7485198500576
3702,2248.3715603589944,1959.3620427810374
3703,1692.9160180867393,1914.745694680564
3704,1394.60665291768,1698.8353214928727
3705,2432.458103756987,2165.3581344835193
3706,5556.5072273116375,3287.8894202008664
3707,863.398874242654,1177.477458340951
3708,4625.495772635694,3147.6055278717513
3709,1474.384345478282,1920.7304507402655
3710,1738.6669716846122,1789.905853992726
3711,1134.5912274771345,1652.012759541561
3712,7579.215661949367,3699.8781369396997
3713,1897.6756481358411,2009.1521901084511
3714,3624.2946964900993,2883.402663332053
3715,8331.19841336568,4032.7866531902523
3716,9135.586496352844,4243.108974883458
3717,3703.9441842724273,2691.4711045368376
3718,6534.330049422065,3648.0596369239806
3719,3029.2072718459453,2576.0402020759034
3720,3123.598877737513,2416.4487631908573
3721,944.6616144547636,1094.5483541530998
3722,6891.612602751737,3694.7186610629205
3723,2488.038679320298,2142.511599409447
3724,1263.865899845849,1433.293674200432
3725,5824.476712914931,3468.5798063584325
3726,1463.4523123618974,1543.839302925222
3727,2909.799788656492,2524.9187324506297
3728,727.5388238031748,1307.7912632333046
3729,4538.021085775353,3001.49480585401
3730,4806.504416107048,2981.4926011679454
3731,2742.8615011683514,2777.5776169936244
3732,2616.5820654209915,2234.1948545361834
3733,1078.010717407878,1580.642805929096
3734,4939.374454831029,3103.1198979504766
3735,1279.8382393,1324.9986523182502
3736,2680.680850153432,2199.6052959491594
3737,4474.040279414562,2850.443646568516
3738,810.3435029242373,1160.0960604534457
3739,3162.0165047205687,2594.152758534422
3740,2259.392227658607,1952.5321579948202
3741,5596.5980700188775,3306.299595739883
3742,4199.562009694372,2965.545648644055
3743,4878.767279813977,3271.54591118795
3744,6803.778920449941,3717.4661013490886
3745,5476.636062346866,3418.406477771381
3746,1669.5173883436298,1901.9315332587662
3747,2673.335487586343,2309.415541617822
3748,3063.585914661119,2637.0597190986805
3749,645.8043067639742,1147.6448835219737
3750,6435.475933282649,3604.175587309899
3751,6312.395357371061,3668.91053373126
3752,8038.560468435632,4039.127911988235
3753,6598.57741101587,3772.0234897822443
3754,6405.367741251438,3595.314732461199
3755,4133.951426658176,2885.4985064472767
3756,2998.377729240342,2571.720846596266
3757,3995.0187451625216,2777.2539776090407
3758,3683.152014731742,2746.551214841128
3759,3362.2716809036624,2484.0749773935595
3760,847.0823052009769,1390.7181730585357
3761,2945.00503801459,2397.6241953620515
3762,4994.778168849952,3101.918703251917
3763,4024.371372261758,3043.505585783782
3764,6471.345041565244,3439.928364940852
3765,3412.623745610964,2465.591481274488
3766,3036.990263458991,2372.0310132006725
3767,4002.130636014211,2916.7509837493185
3768,3108.236203597879,2563.4967208579887
3769,7032.74864667662,3794.739478831911
3770,1129.96353905688,1531.4171592122975
3771,1528.2425059213608,2016.1848297411852
3772,5474.234318832151,3320.894234543733
3773,2796.7771832932476,2341.290874443513
3774,6316.748567639536,3724.127927168149
3775,3394.5696554649066,2770.951021121931
3776,2877.557599580413,2522.4116459426364
3777,3374.8227257183917,2442.8290456743043
3778,3535.11280979604,2763.9845388719546
3779,3120.7233331820767,2700.6628172097708
3780,2495.6616659517463,2222.1883055292656
3781,2124.2333421631593,2085.384590315242
3782,1399.2620377518547,1501.1272588894465
3783,3510.951823279476,2707.1993799340967
3784,1759.137371589058,1835.2790726223373
3785,7700.879418469776,3800.194785006776
3786,3739.849965435381,2964.6306685513964
3787,4003.2665784233263,2932.9921250075704
3788,2595.4206268930693,2477.211065159118
3789,1526.123350002533,1637.4252841367518
3790,3311.355804994481,2716.2509688223504
3791,2698.2320388852036,2251.209139314447
3792,5347.720820381363,3018.57736738536
3793,8436.776890754978,4197.177486261756
3794,4856.600208235562,3119.9106228393193
3795,6130.426810916969,3484.841607068194
3796,4454.618271569729,3085.9116990223893
3797,2647.328689311594,2511.078587406982
3798,4376.436895203601,3110.6951335393
3799,3692.802258055959,2817.2233787715927
3800,4076.405140598166,2784.2217687471702
3801,2928.3587262689443,2472.832883036633
3802,5308.6460992587845,3082.8289925132
3803,4443.143417453963,3076.5034695737518
3804,2204.231147481805,2070.722644774893
3805,4360.337907557495,3003.8961981701746
3806,3340.281318103428,2518.9520144754797
3807,4343.803169745306,2816.7761716820633
3808,6386.240905129382,3744.4337191148907
3809,5614.807790172004,3081.475242200693
3810,2555.965409786976,2405.5107522819235
3811,4264.792961668738,2932.4552351708207
3812,7276.582412373882,3799.321111073209
3813,8410.510424644779,3979.9688528461807
3814,4713.869106746758,3118.547967426793
3815,3446.66109371859,2595.930527969809
3816,1832.15260303052,1867.7387108687906
3817,4274.541954128467,2980.6121965367593
3818,4956.181752988442,3257.0362683297353
3819,1887.5091661133215,2065.9963770565923
3820,4369.963890217956,2723.0075352839067
3821,4264.4538015511025,2880.37899047753
3822,2394.504309852457,2403.411306350478
3823,2888.099823382873,2455.090833022937
3824,5246.544337161443,3121.9591656256334
3825,1224.3913511419294,1491.1770634782724
3826,2784.2424361437165,2564.668006522058
3827,3997.93865266955,2887.0453929571445
3828,2508.0095315927338,2233.9356144235976
3829,5475.981090484739,3381.338928526756
3830,3579.482575915272,2776.549555707284
3831,1733.8192394365767,2100.498612607971
3832,5405.30681629484,3305.226432773812
3833,4201.284529530923,2996.3632156892554
3834,1759.6860236548857,2098.097146565477
3835,4193.723952556643,2811.7797440242457
3836,6338.119747566418,3597.720271515385
3837,1311.4186814051282,1300.6506065497233
3838,3707.152562137289,2651.1051566906494
3839,1283.894351844776,1655.4288454601706
3840,3814.8410879331445,2608.718072375829
3841,1693.2381771240655,1831.7343929961141
3842,6585.531109370777,3612.9522965633887
3843,6498.988364934464,3691.5901608716954
3844,2011.2633796488753,1911.8745529207674
3845,2522.6648327409875,2094.875589190699
3846,885.6513632354914,1457.7635324838593
3847,3678.336615098962,2828.0684726373515
3848,4957.9857497503135,3067.0297313082365
3849,3329.1375463016607,2747.5726048141
3850,2745.824426751078,2300.3393472909834
3851,3639.8735494347666,2727.1859181896607
3852,1869.7828350377142,1858.482526586708
3853,7545.499011760781,3635.8856733366656
3854,1938.598036218012,1843.3579551911441
3855,4353.262138791901,3114.6988581153005
3856,1884.0842869313797,1897.3805476375628
3857,5939.116392666859,3494.8454228321193
3858,1749.2368563379532,1791.3434779345102
3859,5129.927505706969,2979.9309998577373
3860,2220.4321436785026,1992.347012786247
3861,4190.809942464276,2713.0202860405925
3862,3240.4237601638224,2714.8411663715992
3863,1196.1973646238885,1621.730068915712
3864,4313.288063902476,2857.571140702957
3865,2101.43148513863,2092.077236877384
3866,5126.534194934205,3295.2080627124255
3867,954.6155917529964,1249.3450789072951
3868,5718.369948677585,3422.27992102571
3869,3597.4629700771197,2483.6374694847113
3870,3911.7989883480295,2820.8767790785087
3871,3061.133894046373,2428.3183616562765
3872,1781.6869338332017,1865.31841654348
3873,5154.810886125587,3217.49695119629
3874,3093.9198099600476,2540.5584135273966
3875,4498.199336423699,3019.9951653782978
3876,3953.3378462868795,2724.773209928692
3877,4192.034597084717,3126.3900069089127
3878,2518.6838537527174,2197.810869036002
3879,1025.5048673820565,1445.248800821021
3880,4747.494310937619,2997.974931946113
3881,2464.4224011864185,2293.430913287083
3882,3759.219933725027,2624.1110350013887
3883,4167.37255642465,2848.447611066191
3884,743.1527073092302,1176.9345074086627
3885,3194.870492620186,2640.045250967099
3886,5227.202007597958,3165.4582780942674
3887,5409.189952983534,3282.556673961387
3888,2395.6782573523355,2128.1869617093357
3889,2980.454924213594,2384.9234464662177
3890,6239.7949043212875,3325.9266447571135
3891,1547.1585683664528,1832.9808317247664
3892,2832.5976103568214,2444.515570583427
3893,3635.844133069225,2642.675586562558
3894,1935.3464664451978,1926.7838896293674
3895,3149.647480370461,2280.5880397914634
3896,3150.698799573313,2380.455608740984
3897,4051.219592102449,3255.6596322799583
3898,1498.960105985103,1849.5210183108588
3899,4356.586876054265,2995.2768685983983
3900,4398.174424874971,3007.233321274206
3901,3330.155032469854,2671.0935406000904
3902,4877.506718021295,2970.514567868544
3903,1351.486034839889,1794.6456578619218
3904,5313.788026066085,3418.798614278917
3905,2114.998962611046,2102.09855406194
3906,2855.043509488676,2378.6175169524176
3907,5759.219858667565,3457.623369514656
3908,3438.2777285235516,2558.308826235882
3909,2690.8567290553374,2269.4756492615456
3910,3855.5501991939354,2804.53911474244
3911,1572.246599365365,1878.4803138673753
3912,3591.2926522879366,2557.731603007102
3913,8086.699026765077,4413.398450589914
3914,4331.544595668471,3004.6727316514994
3915,4501.1221528206415,3044.7404749147645
3916,722.9872375989265,1014.9210239858187
3917,5666.17309371965,3399.3510582289287
3918,1439.6864645006663,1683.664165245759
3919,7146.223993247037,3728.9436872299284
3920,2055.6433241449604,2052.1967068303907
3921,7803.734567447755,3796.5357213673756
3922,2086.850622789849,2140.2236674685732
3923,1955.351084360951,2326.766849554756
3924,735.0374238211645,1335.156692244056
3925,3860.1184657578983,2830.908081167986
3926,956.0232329036617,1421.9112378821992
3927,2801.9146742153475,2608.642975518167
3928,4587.021527520351,3167.2309914237903
3929,2434.146008243192,1960.25772176912
3930,4888.203233146639,3206.1384251847417
3931,2970.1050690487314,2702.698797455506
3932,3241.3213425620584,2464.7399958438627
3933,1396.2136143106109,1785.4029676522289
3934,2222.7400534159106,2266.813007179196
3935,2693.0408011684062,2422.619130992398
3936,3994.9412514640067,2745.961539030808
3937,4075.4043264624047,2735.2693545838247
3938,5694.237726730061,3250.0626555410377
3939,2658.685628174883,2309.8313062498232
3940,2283.9047674498543,2107.1645180802884
3941,1850.6394382165363,2160.634783481807
3942,4910.392607593648,2782.4927531261296
3943,3095.9361670149137,2314.3249490989956
3944,2379.188744434984,2156.244553513808
3945,4239.445582833377,3161.8415090176377
3946,1864.3000787610733,1949.95760037562
3947,2193.119301040107,1961.9463876358268
3948,502.6304924681196,1227.1286738806907
3949,2001.0402334462249,1965.469201146377
3950,3668.495272910686,2851.455630397032
3951,17232.140604961805,5983.49417129619
3952,7334.774212829784,3826.0154954523878
3953,3256.1049342605793,2653.6795512862477
3954,4674.11217468968,2929.820166151497
3955,1751.9673598635452,1884.8432647702455
3956,4125.591636776205,2865.2214380057
3957,4153.985825901821,2973.114522104451
3958,1682.785562176091,1642.3542308207366
3959,3358.341199178166,2710.6586406207466
3960,5584.019535034845,3492.0210997093677
3961,5059.3512575400955,3182.7345700455003
3962,2112.491015385573,1993.9193687069503
3963,2337.3004158434937,2230.2820959912556
3964,4665.598853370356,3074.100990112753
3965,8360.693064001838,4095.603320084655
3966,6840.977687176818,3889.563085444512
3967,1534.5959949609548,1844.9687199199695
3968,7701.897830897376,3945.1295170126036
3969,2028.5473327678858,2036.1619537241806
3970,1796.5953715678825,1815.5827732547318
3971,6158.808471274699,3448.9225890385846
3972,6125.9429126213845,3398.2316155042145
3973,3455.3237850733462,2739.4521342881767
3974,3740.373120210629,3082.2701521789886
3975,4177.594553588998,2783.12425240468
3976,7291.625589876007,3940.2602181957
3977,2317.428650410238,2163.6606231047695
3978,3057.7195411510356,2799.465893162938
3979,379.29933194141637,811.9738699779023
3980,1998.9897686476545,2041.1384018750161
3981,5222.247688013424,3387.819480060241
3982,1110.0306635157792,1609.0348570198207
3983,2520.2507541968353,2035.0546427917395
3984,2511.332753545354,2130.7136709770407
3985,4016.2695053823563,2788.614509846179
3986,2226.2479464317976,2231.2030940361774
3987,1788.665721914195,1929.1791984949068
3988,4267.124397995134,2850.78932202265
3989,2362.8240256085755,1919.593146307723
3990,7221.1488993292805,3642.525173765267
3991,3302.827907038859,2498.5419593618076
3992,3334.8004519580113,2537.2104991428882
3993,5462.442428349664,3467.3770112764914
3994,4631.486584143729,3150.2316619016683
3995,5900.381271866137,3221.2754132496852
3996,3441.723704788835,2693.69985363933
3997,1295.699381587975,1487.4765298128445
3998,5543.808347984787,3200.5286036719062
3999,3139.6704006314935,2600.1629527778177
4000,1207.97689184664,1598.0943861988794
4001,1179.643981890905,1296.4261156527243
4002,4930.296992576512,3412.385644566676
4003,2223.0694681477034,2366.7815255568566
4004,3282.1417004976606,2497.492667976469
4005,2200.5399395935015,2130.6496271363762
4006,2477.9825664033137,2218.5653761319636
4007,1406.0748235221304,1850.5793523407629
4008,1898.0232237841099,2107.0522135049528
4009,5255.13980961956,3365.8120233933037
4010,6938.690882226631,3751.390845797865
4011,2596.9980385014464,2136.572083999533
4012,1460.4145482676245,1775.3286903243754
4013,4872.686567447212,2944.3988780903205
4014,647.3569018312378,1232.4316335560682
4015,1871.6696554720024,1845.7924613547298
4016,3562.080990828268,2590.3310458994515
4017,1611.4674345092574,2071.285878319029
4018,2257.2121433867237,2245.5009195595267
4019,3711.882470532742,2645.6363537802613
4020,1768.6709642786686,1960.9336702772098
4021,2036.2755686126156,1955.5574351052205
4022,2925.7954364695343,2326.283371248059
4023,2370.171753914894,2304.659879769835
4024,2027.9391563229187,1982.7723745409558
4025,4992.097238545757,3000.703178409501
4026,1768.3835336633629,1963.4847017187083
4027,9481.355175386718,4403.949923445504
4028,7674.159145303957,3972.033381884837
4029,1618.9063465180304,1697.2457891057834
4030,1112.8665135747287,1403.7111728520072
4031,6578.918118056334,3569.181312016305
4032,4976.954194849435,3099.41128896836
4033,3039.936589553324,2704.7473228606004
4034,3027.3998358082595,2499.033514393025
4035,3676.8904350981943,2841.2940048329287
4036,3961.5441214075045,2838.7707442517626
4037,4816.482623930205,3016.565785227929
4038,2382.3273143675383,2173.9075374265185
4039,2084.084878704342,1983.4189067731309
4040,3074.983588021525,2254.767097410863
4041,556.2533617506268,824.8776041142722
4042,1523.0784462166312,1722.239719995252
4043,4676.338818334403,2966.762083304242
4044,2298.6109807860007,2107.7472083191315
4045,3394.21261049069,2758.7896649240865
4046,6198.743890283708,3496.9541344379622
4047,1695.1722542560221,1729.98601512248
4048,5061.886415178141,3303.9385798372555
4049,927.7871759579206,1442.055588888973
4050,3637.877773851102,2786.834144741277
4051,2908.1350289011057,2562.372239331882
4052,1755.2198062872005,2234.364188749395
4053,6932.390023122198,3538.2524021566555
4054,1776.2177120047636,1869.5930673758946
4055,1447.1437404665976,1886.6223236267201
4056,3825.5434394548483,2651.9071892198376
4057,1269.2560419909712,1281.191160792707
4058,2015.6462494891496,1793.8076020285887
4059,2982.1512981901037,2370.4694251802093
4060,5357.065230543344,3450.1905462842883
4061,5475.830245456051,2946.837047908488
4062,2677.117659407976,2461.686514694949
4063,1529.2964312013412,1710.8695316932485
4064,4527.190197349885,3048.125824008115
4065,3958.3269372396426,2841.65916246496
4066,6373.87220313549,3660.4154197172284
4067,3591.9870749319953,2694.5768396917006
4068,3759.9101728234396,2680.9880729001966
4069,1330.8184426842236,1630.4497119790096
4070,3644.149822148918,2824.0359506535397
4071,659.3337791492887,1236.0302175315878
4072,1758.5633800408439,2070.534734569961
4073,740.5470258276465,1077.7316335795686
4074,2319.1306938112884,2215.84838494295
4075,2299.8398375165452,2147.2502597425905
4076,3235.8386511579442,2510.6234740346536
4077,5663.127154981938,3351.7078561818753
4078,1188.9398894099209,1593.0085384599463
4079,3901.586227311292,2842.075072129564
4080,6498.669507973233,3434.00234704911
4081,1721.8243146238424,2017.666103656877
4082,5222.6582942895475,3340.4924907941763
4083,2154.4399156458458,2029.561837928152
4084,4290.8887288202495,2997.4912278647967
4085,2127.260531607623,2068.81535433013
4086,1667.6831755407686,1834.2117432464822
4087,2082.1593216450765,1801.5330657569596
4088,3717.575779475166,2673.3821925232387
4089,1971.0325528528388,2064.2600598588024
4090,686.0702514246334,1207.5713644847272
4091,2113.4701832705605,1937.0931479519738
4092,3530.47581182232,2839.578748309292
4093,2370.367975994038,2143.6105854696925
4094,2525.2160688524314,2167.3236970070543
4095,1504.0568176335173,1687.5601016324244
4096,2465.014181085413,2344.391312583362
4097,4121.206125322714,3037.736507661268
4098,996.5756426205854,1393.3221232577664
4099,4278.214004982748,2994.8417814467157
4100,730.6843802346272,1219.6577956295002
4101,2427.532958441923,2281.2414065383286
4102,5582.341010438584,3377.235375252038
4103,2110.5339362900263,2212.483585189647
4104,3757.310677898787,2748.294244530352
4105,3282.60027910713,2550.3531977563052
4106,2200.801006307069,2134.165746768822
4107,4693.62212324524,2949.2575988894405
4108,1746.229940820447,2009.7082463042861
4109,2372.601274682832,2210.126740178296
4110,5964.483224532585,3437.7094768247607
4111,6531.637681131237,3782.7278258128517
4112,4140.438075649386,2768.40733224617
4113,4364.527637747319,2847.625312589149
4114,493.734887257567,1030.8951998209452
4115,5155.11452668083,3089.3745738518605
4116,7331.854185852484,3981.3354695977496
4117,2530.811600790781,2157.665105730002
4118,5003.079056891555,3248.9812586695466
4119,4262.254717408378,3061.5290013495965
4120,2981.698095943434,2428.9157833055497
4121,5882.850898274592,3503.392273194055
4122,4549.260929755814,3138.6910757850565
4123,1541.2234471190475,1810.996627933019
4124,3088.455091127736,2463.5831114453686
4125,2574.558650608002,2144.1771802788385
4126,2801.7185684983133,2478.465751414649
4127,3429.2713826938993,2740.5515172670675
4128,2735.939446089768,2415.5083433574378
4129,3592.5281688513874,2720.9558199212406
4130,1049.84687167001,1165.4664840974892
4131,6548.628665995629,3620.4817176354877
4132,4137.5436236103915,3024.66359975025
4133,6921.756420328895,3730.329185925009
4134,4085.2095336036564,2918.6995680255986
4135,374.56709102943677,1217.6652790440928
4136,7519.800130484456,3969.0957015382355
4137,6360.106742406191,3693.1565330271155
4138,1713.6078565378186,1914.173164309721
4139,2724.851048918008,2383.489505045373
4140,2829.281051102548,2513.9567555910403
4141,503.514718664198,1155.745735034415
4142,4267.879952614816,2940.8494779572043
4143,3700.7013788725876,2612.8140515610226
4144,5620.29385258003,3212.144833481069
4145,2038.2142342702607,1741.2911891299045
4146,3467.894086455694,2468.6146353921445
4147,3056.616850710352,2508.873124119068
4148,643.6458445669672,1082.8050801262234
4149,4765.20336967958,3153.4093300144696
4150,1091.5897548939809,1566.5894422623842
4151,810.5797157258299,1264.5511038993952
4152,1863.250301043047,1773.1910864730955
4153,6268.575987285976,3609.5492311047856
4154,5503.149819228927,3203.2673479688942
4155,3331.4432547063616,2854.5446473811185
4156,2696.1943476154556,2436.3438755582074
4157,2155.262341809353,2002.0583824218043
4158,1640.7241239919354,1687.079919260087
4159,2696.7971487840555,2077.009792655229
4160,4108.175421381672,2881.413034070003
4161,2812.881816155469,2329.334852103056
4162,3542.1257593650034,2726.172319542005
4163,6812.218993091281,3820.5377591739257
4164,4616.580803813578,3052.219654225656
4165,1629.764111463098,1799.7540814569118
4166,1426.998658986477,1700.2687870031789
4167,9740.305488452595,4386.785371316799
4168,7861.579261998452,3802.9244247254755
4169,2445.567877573661,2267.684833418867
4170,3503.6847380939466,2611.350915680672
4171,2140.6011414109475,1999.7884813626615
4172,3768.3697629416047,2889.413038270694
4173,2628.575109882618,2272.7367588380516
4174,1397.1372336634815,1591.896537441289
4175,3257.0555034935637,2322.0839312272637
4176,3026.598900799441,2538.7829252900424
4177,2260.4489904716515,2085.382782115449
4178,4078.1549373043745,2861.6189030802843
4179,3928.9441194562432,2876.0184751998354
4180,3573.8699282513858,2708.820416355658
4181,1676.2602068784186,1647.901113365351
4182,2204.356260295528,2221.902582884377
4183,1216.097542475548,1652.9556580988585
4184,1785.8881159415691,2040.5133162347631
4185,2166.7928040132097,1883.8381514008288
4186,1245.6565981155559,1744.5586619877245
4187,405.72214411484845,940.4723960152444
4188,1349.6823224996135,1438.3753386218698
4189,1683.0882740219313,1788.3593283430255
4190,1826.6854715840088,2071.050802157704
4191,1512.8758401264968,1666.1946573074345
4192,6795.3472147039665,3853.2395244262243
4193,3294.9239576729487,2454.0940317161712
4194,3454.736520506634,2465.565855230657
4195,6834.19861606969,3679.8296063127514
4196,4581.021661987958,3000.2826545510698
4197,5963.874157989904,3572.4161618971643
4198,970.976075442366,1298.8964529555653
4199,2341.8668795619933,2315.5951739245884
4200,723.4243629489381,1301.6807376494912
4201,2305.2932644246716,2224.9342298575093
4202,4108.477151801136,2813.281781726004
4203,861.8024781874508,1315.547278498206
4204,1518.1889322914967,1666.1259557809385
4205,3187.158204454077,2409.8365414054947
4206,3426.2828677682164,2750.3816132706766
4207,7627.394012692925,3945.5767117365112
4208,4953.572749552407,3279.4454194600594
4209,2271.466627141628,2081.3063893345047
4210,2276.852552550537,1918.3552789039488
4211,2740.967448381641,2166.8531634136607
4212,2875.793549628798,2492.1737937738712
4213,2098.1436719157978,2065.3263345102587
4214,6742.763982487075,3726.692265556269
4215,5173.763317420805,3339.392811762694
4216,3218.4108494223533,2592.7365344038676
4217,899.8077228547696,1317.9436049897415
4218,3707.7674114402625,2842.9469726889993
4219,3128.359699094949,2432.72696404356
4220,3606.662770350884,2688.612954270148
4221,1836.8898889097416,2141.3512109275234
4222,511.53570324317457,1043.2450735647747
4223,1568.9190746645606,1717.0438046525687
4224,2403.0064617904864,2171.093153408785
4225,2069.5039575248256,2076.746570807009
4226,7414.030986680933,4105.56250818972
4227,840.0902713030449,1426.5617318396526
4228,4042.249836271179,2862.524912058966
4229,4947.542296270827,3196.5004669484865
4230,1007.5071812729182,1310.4373251133447
4231,4053.4091260972464,2879.885317303517
4232,3296.1568587884494,2462.2480601970947
4233,1817.9051002749409,1611.4521884196836
4234,4385.523470316967,2991.821158326528
4235,1758.4274835677477,1934.7483099382403
4236,5386.147555470505,3398.263458194115
4237,2177.315372386432,1870.1802085117708
4238,1123.4371448701204,1366.9624038541392
4239,2907.336551619905,2187.175192852771
4240,1646.1381846915476,1805.3833927188716
4241,2729.092093849458,2192.1748488733288
4242,4715.550552678732,3140.7753591776172
4243,2854.313058860046,2356.8826924075224
4244,5671.282793224502,3396.8033413102758
4245,4043.60161328687,2810.835604144554
4246,1813.8749853538563,1945.3046144044843
4247,2043.2142036459622,2118.205879549351
4248,396.32889980266185,895.0789568391847
4249,2738.716966898395,2496.731075784893
4250,5303.960628151636,3244.006190777998
4251,4048.549238852922,3129.219412522665
4252,2021.4745406655609,2070.3616243348474
4253,2126.1462725648394,2035.5552013863573
4254,5912.516650824785,3525.3679945771405
4255,3294.0821970185216,2761.8684239089007
4256,1832.7240608776758,1815.4047354793931
4257,3434.6120880468457,2531.970578534322
4258,3214.035346610438,2560.168611111824
4259,9485.049801247127,4177.795634919579
4260,5934.974245935185,3352.2905164736867
4261,1346.6011230089746,1615.8158772875663
4262,4138.726746183823,2765.4673282510007
4263,5820.6773029961505,3424.471199702385
4264,8402.312029309553,4086.8439790924117
4265,1887.5360198941569,1919.387104826433
4266,2167.1681587027474,2079.0133391238414
4267,1629.617102272758,1556.0732661728107
4268,1451.0810039044854,1507.6120662759945
4269,5372.77359590028,3271.3827201227596
4270,8002.962311241631,4222.8829319859315
4271,4031.689940754008,2874.621848313257
4272,1336.7784751412917,1638.0952752391152
4273,4487.441496987847,2555.38161363906
4274,930.8269847067952,1461.9825741650789
4275,2981.88031708559,2640.7257654049154
4276,2373.8850473367315,2222.4886500452676
4277,1954.2378318677404,1902.672439203288
4278,5395.84493039931,3127.075086531993
4279,2540.6725803297363,2165.1160766707158
4280,979.91251595801,1424.1190884913863
4281,3940.035039938747,2723.4346536046314
4282,1638.6393367077992,1889.3987954944405
4283,2105.271530418291,2207.2447911136924
4284,4106.4813360186845,3276.436554383886
4285,623.8547226181291,1346.2361102187097
4286,2507.932040998959,2044.6524308687488
4287,4950.102624975048,3233.504454802381
4288,1079.1996907424666,1634.0653538711913
4289,4592.6934481502585,3034.4395421922954
4290,5369.237594358249,3441.8586414102283
4291,1398.2723057403593,1920.326430376824
4292,1582.8467990923743,1850.8693054326582
4293,1977.0152016382071,1763.5095448328339
4294,4074.879457015214,2728.845187215696
4295,843.1125850196499,1158.0132344237547
4296,2248.41981255488,1953.6820954777309
4297,3568.109019470245,2617.1124117520935
4298,1503.2432270883344,1771.5780023470852
4299,1283.0247434597366,1748.6304131344964
4300,3927.9755371032393,2927.527697628641
4301,5237.271267092163,3166.1237270445095
4302,2502.1187372701456,2326.962770015509
4303,2272.4932058706136,2178.6866811041377
4304,3886.3209756522433,2895.414261454714
4305,2472.090414559016,2393.2524499122246
4306,883.5537573434002,1425.2552987035947
4307,2389.748941933506,2120.958790459471
4308,4921.584939648994,3205.279927875494
4309,2586.076148272605,2197.1259377815113
4310,3811.8700820138097,2758.360571851531
4311,3777.8949339196843,2569.228334482271
4312,3684.5650148877567,2769.4855152193536
4313,880.8043478905428,1187.6390621236092
4314,4009.8819283522944,2874.179347519798
4315,3409.0559592656327,2724.459445887201
4316,3240.636426780905,2451.184455858178
4317,4745.451076723359,3041.2061937190583
4318,1341.7635822808684,1584.1027183132244
4319,1719.1952741954112,1641.1633310105863
4320,3474.1024944906167,2704.905082929775
4321,1281.6391387159906,1611.3524437762214
4322,5930.895913941501,3583.447057161965
4323,1095.9212665395414,1439.7864398859142
4324,5158.626188358773,3150.0944760516863
4325,1351.989835424503,1616.247426470739
4326,2866.4926127175004,2103.2242036718894
4327,5854.627230842483,3415.6853607162698
4328,2373.9878086093627,2275.0058391481207
4329,1307.2565828071,1569.230059870697
4330,5682.57820865543,3426.846057441738
4331,2817.7752592530474,2535.3138565940562
4332,3526.5260260971368,2680.2738789149894
4333,1889.2394910704622,1737.2247928847423
4334,3115.8465990822797,2703.1107524623667
4335,1781.763588833845,2042.4722236440557
4336,2175.9419360471,1866.4878432731603
4337,2192.159140252627,1884.9943967806344
4338,1232.3523574456801,1498.8389201976604
4339,5026.698190942828,3031.179013540073
4340,2167.186028586109,2249.484674349274
4341,2118.7727886082107,1973.0824938910655
4342,4054.806505219795,2881.058395071857
4343,4046.8338582393985,2653.932980535714
4344,4502.71171433286,2961.51155879881
4345,2140.5818484797596,1920.1675167066135
4346,4572.438259651811,3116.927478811282
4347,2686.8105540109627,2223.281085060194
4348,4717.44634281874,3194.3967240165484
4349,826.3632082706088,1230.1562114774015
4350,1096.8127684487122,1471.1718509723478
4351,2120.6310496457927,2342.145737585797
4352,2273.9401660079275,2073.228471708245
4353,2765.489795093226,2207.5508890254127
4354,2077.083525821494,2020.3091073965059
4355,4545.63952221522,3030.4946660752894
4356,2488.2397083384903,2255.941898818388
4357,1252.3254602818529,1529.7929394399978
4358,1765.9483049277035,1940.2775441514755
4359,2591.9392265930333,2209.6199675381968
4360,2424.792502565299,2259.1712189263812
4361,6223.387092150517,3710.334249235244
4362,1721.2112113990981,1770.3073476925358
4363,4530.846742224984,3085.6696338580487
4364,3778.3177158283925,2540.094533898224
4365,5163.147002586774,3385.151581759723
4366,1979.9801741645113,1787.4655550979942
4367,2306.1146742043657,1940.8273035782672
4368,2186.8338830675007,2321.7572508598223
4369,5191.867196658686,3101.4043517921154
4370,1802.7241915493626,1891.3239725846993
4371,1960.5778470944792,2161.6847167499022
4372,2523.5438477564626,2350.6646046427645
4373,2571.458145887711,2217.8739233795186
4374,3942.5719535957733,2737.678076335751
4375,3710.9402200737177,2971.1573288950676
4376,1802.5390288132119,1868.366017923819
4377,1817.9751473508898,1784.0845784546784
4378,2950.590935147259,2523.5699399891437
4379,748.264470511761,1258.867432681464
4380,5341.715954459122,3206.192151980013
4381,2649.692310230349,2414.430759489162
4382,1299.0414299235583,1658.100836224313
4383,916.7621087099765,1223.5430683103855
4384,2148.5006389161213,2035.2218686496012
4385,2129.849695688965,1879.1954456459239
4386,3238.4069316373384,2602.545108431266
4387,4906.086160238784,3246.4015250724656
4388,1329.3689543343141,1839.8476770869945
4389,1687.9433496637942,1704.46525249038
4390,2612.163085849057,2206.4570538760777
4391,2142.4960271280497,1972.6784566050549
4392,4606.194982788506,2894.6173523096368
4393,1321.2182979444187,1626.571931902378
4394,4546.576783471816,3058.882812299206
4395,710.8655420783298,1157.728450720002
4396,1645.9366264905054,1740.7975899470382
4397,1718.5327118968805,1970.4350315753488
4398,5587.423863264195,3573.476760573269
4399,5222.014155865487,3244.206404859181
4400,4191.103437756681,2873.2657408870955
4401,859.4249785363357,1061.9633063678452
4402,3542.943713954072,2619.5354994127088
4403,1914.6395074757713,1826.2586731286963
4404,4490.690128616039,3076.997338803688
4405,1590.2233540051848,1730.256556990615
4406,635.3153951963453,943.6090875179283
4407,7355.280376826979,3951.273535253214
4408,8833.36846282563,4100.887614457062
4409,2497.6512450483096,2044.3630809091767
4410,685.7200524296279,1347.9690039428936
4411,2277.599376002603,2195.653474234437
4412,1198.177104839488,1659.8865106376434
4413,2592.5310460167734,2423.9294071933996
4414,2599.386259927698,2281.8377256180866
4415,340.5632656300868,776.2237278030898
4416,3768.09935905593,2712.4836292605314
4417,1564.8655200946794,1461.8204109001122
4418,6141.250355357904,3576.914721382448
4419,3695.6424462813993,2950.807019945609
4420,3193.0200305702724,2391.8240306146863
4421,3126.164401493697,2696.1382927695604
4422,866.8812754095964,1436.9397193360717
4423,13205.622083284761,4965.3339488079555
4424,2394.807645206377,2146.414918708899
4425,8905.561907440895,4367.859671895421
4426,4291.423189953478,3076.367558485064
4427,1480.1981426044033,2007.0283455942413
4428,3136.1223970586652,2405.10192426084
4429,3703.780435381028,2686.373587266179
4430,5615.368638079816,3406.019719125107
4431,2542.300413884659,2248.033498298708
4432,1189.1242586061096,1565.2911039243338
4433,1972.0039343136405,2080.17115277254
4434,6417.257497123865,3619.362765111855
4435,3286.363711911177,2456.4656480683393
4436,1504.3935179012033,1811.9961549769444
4437,2431.2546824921073,2115.9017508728807
4438,4870.723797706823,3113.92064073204
4439,3970.2553176650254,2804.3994080252037
4440,1164.1981832411539,1624.6274596587361
4441,2320.694076612135,2081.5413107501377
4442,1852.8998718201585,2068.864265409684
4443,2543.1169067905475,2276.853812822067
4444,5044.092271773068,3355.8012689656753
4445,2130.900644475696,1727.1927326182526
4446,4091.059195957872,2893.8665703170923
4447,6895.418583031981,3686.950124225337
4448,6582.672368204276,3753.0470487720822
4449,1664.7406559889357,1768.5199136929
4450,3520.745981622535,2572.850700193413
4451,1897.5032784195562,1862.4460293162333
4452,1870.92213347361,1949.476912425123
4453,1278.9701978837315,1754.5416309648756
4454,894.2630785702588,1134.896336756448
4455,5356.263598811891,3401.82197924758
4456,3319.141639668356,2484.2098104474985
4457,7290.739676729535,3808.3019673520494
4458,2355.679200400796,2220.753411254119
4459,5058.505726527005,3264.9966694012423
4460,3392.9279559880647,2831.161279442216
4461,3833.996693678203,2778.570487839168
4462,839.3945846242962,1225.1171116526073
4463,4518.143267890551,2916.9051353922255
4464,128.0371980433968,364.2860886934253
4465,5312.736877721017,3295.2593172927304
4466,5706.056608348473,3205.211592345887
4467,4097.894970245878,3052.2686174699493
4468,2488.636922954382,2419.341902924775
4469,3662.445042214981,2708.194093311622
4470,4365.681359292189,3068.8908495670307
4471,520.7530383313743,792.1681495095223
4472,4748.945511901049,3088.53641607803
4473,229.34311698392673,888.4172519127126
4474,3735.4734947494367,2523.6667915200287
4475,3641.9061018123857,2676.1356596131104
4476,4875.427429308327,3197.392781357024
4477,1438.1480187323734,1763.8407573680013
4478,1302.6635063144909,1543.3237821792936
4479,6007.099735480747,3533.581998281706
4480,1135.0065983481536,1480.239262822847
4481,1141.4658025132715,1567.6780478980006
4482,4662.91381797154,2945.1627644791542
4483,2492.2917090803576,2372.6769376147304
4484,2688.8359900863857,2442.3449905510593
4485,1992.8090079847377,2127.5652111224445
4486,4771.511848637206,3244.956862338661
4487,6073.12970481718,3471.1979200090223
4488,1047.6171972435632,1197.1538176856984
4489,2976.477593350885,2659.9189633112146
4490,2082.722820306817,2016.806935729574
4491,4788.725339293144,3106.260277771988
4492,1379.2185514331588,1629.756990355952
4493,1472.2311116025548,1321.7592204666894
4494,5209.346808950679,3269.4534594560555
4495,3353.870341386308,2394.3539446541567
4496,2005.7861105486784,2116.3387703298595
4497,809.417706909784,1135.0052039381158
4498,1154.8424103348657,1465.0445591836676
4499,1608.3458836836835,1786.2081021666702
4500,2908.5169627812547,2596.0814883016337
4501,765.2569390380065,1306.3233578574059
4502,2755.8237784919656,2183.4758125409708
4503,2686.178654024069,2295.549652324765
4504,3247.4847716350796,2776.6496906891757
4505,1738.9397645766633,1885.307481042424
4506,3113.6580221002437,2269.518667709916
4507,1483.909174440989,1631.1840826067923
4508,5108.852530564386,3120.156739133929
4509,887.5651957065791,1463.8994383163852
4510,1618.8519197248997,1615.1977769009022
4511,3130.5837869611423,2279.848425840124
4512,1226.5376484859019,1786.1220473121862
4513,3111.991272288917,2638.152125842941
4514,2069.606562385168,1767.9795538508768
4515,2067.7217751725584,2116.1585999200106
4516,2753.3359324245844,2381.4640128598626
4517,5379.0233142573115,3131.43775619413
4518,4021.875075118824,2875.458117863063
4519,5583.159158468723,3240.6190376772606
4520,7023.719107105126,3744.6746193975987
4521,4148.77497022253,2883.79865331567
4522,1949.3686731039113,1669.2566983973202
4523,2124.2571043096573,1845.239872056101
4524,6956.140167456521,3639.5578659254916
4525,4489.2651883188655,3031.9066270237627
4526,979.3970219409114,1434.9221418053203
4527,9027.663695590194,4288.829450818778
4528,1591.6584323933216,1668.7618124734543
4529,3741.5216357903482,2796.455107633508
4530,5349.9852966372855,3288.3937817359756
4531,3809.313823408363,2700.257817288963
4532,2887.9596116518055,2551.885632608322
4533,2524.0387516484484,2342.647393326558
4534,4679.751885905249,3140.393953547605
4535,1521.5226210757455,1622.1318105977884
4536,2625.8808671218503,2348.069016320806
4537,3296.460339545355,2635.1894695555006
4538,1663.6479926795278,1827.77733238146
4539,792.9015312273405,1163.6005781079612
4540,2095.9319122076495,2107.963504732202
4541,4128.551876091859,3102.1620189369405
4542,1804.6714355330323,1828.645979675606
4543,4053.0138222155615,2798.872619192715
4544,9693.935746049867,4685.760618553352
4545,3680.5789156427486,2694.9917530634693
4546,2162.248451051035,1994.043446554819
4547,899.3026395475573,1421.1066914855019
4548,3042.1825727437044,2441.3730883365156
4549,3093.276260379645,2600.25860561416
4550,4661.485296152907,3057.432850713833
4551,1219.6961284527165,1751.6987451160662
4552,3161.180767835728,2561.2440055085794
4553,3236.217038063418,2487.8869071626987
4554,4047.3833518705906,2896.583189376662
4555,1512.1965892937915,2108.37579625403
4556,5190.587489867541,3124.810581530402
4557,1829.2729946816974,2108.2503900136667
4558,2806.2162568764647,2552.022939280393
4559,2626.910652910005,2198.1012763142403
4560,2413.703591357453,2308.5541928824605
4561,1635.3069941081628,1871.6669939800584
4562,7324.150453572824,3818.1176009373094
4563,5178.347910687635,3300.2395768021756
4564,6365.440876012529,3467.8043514885417
4565,3327.366065045322,2565.4794966181903
4566,762.6376448246233,1456.2581173746426
4567,2716.4603696175486,2263.181394408537
4568,3014.4176082106355,2463.2946194911415
4569,799.0301321605476,1294.171133688443
4570,2897.0707212130324,2445.034217332519
4571,1735.6007567448435,1764.7869472306127
4572,1207.300793259928,1806.25056744704
4573,3592.5109121393557,2724.043881157471
4574,5962.652353935767,3324.3010434213315
4575,3643.7247518140957,2687.620054150283
4576,2275.6237549332536,2217.5119309688557
4577,6438.885087385809,3654.21607035906
4578,1435.5616687499644,1552.4610715462375
4579,593.040239175542,1168.4580136789834
4580,4282.904424070378,2866.6518771387723
4581,5183.190106994499,3365.6171134275132
4582,4761.667666619362,3127.3547887514223
4583,3166.209904305126,2451.0919877032684
4584,4388.604385312629,3178.068790266657
4585,3953.872594746665,3105.237819424865
4586,3230.6582135818085,2580.420008905587
4587,1340.8287592730662,1774.0910847751904
4588,4873.250133280932,3181.0419622303198
4589,5608.058638508691,3566.7797252548244
4590,2575.37542316793,2292.4948478246292
4591,3045.566500212895,2455.5392098012576
4592,1904.3932913664294,1851.7476019928479
4593,3335.318370957733,2505.546602345251
4594,4981.841024151158,3077.4425301845317
4595,5470.548565167871,3393.16823221491
4596,4812.217004296399,3248.931527254467
4597,2933.712931325466,2308.5314723263095
4598,1556.3355300830647,1784.6153194094222
4599,8017.209030767897,4140.195584302967
4600,5890.088953694286,3569.97185434843
4601,1013.3761118215951,1184.8574280028258
4602,288.2985090511021,751.6916920995294
4603,4479.282846818336,3080.3197843652106
4604,5707.868424732635,3236.919423809893
4605,6016.251653732263,3682.6894468188825
4606,2545.8905986024133,2294.4747614418275
4607,3649.239288924207,2752.191604519656
4608,4799.610081763556,3240.158381864074
4609,1245.9662786317988,1640.3730098889503
4610,3965.8505280562,2876.2871322869255
4611,2702.3302059476896,2339.799291439517
4612,6418.433399535366,3503.844978360044
4613,2887.1259427853292,2385.7815420096013
4614,2772.8589880953214,2150.883626449545
4615,3457.831047361505,3039.1546940030166
4616,3661.4335840133035,2618.6502003918117
4617,5409.3013510365045,3440.487992238126
4618,3066.072488145594,2347.022398594689
4619,3496.6194578471795,2744.6981879777222
4620,2120.9485185668473,1847.6815479412512
4621,5903.240186355596,3495.9623581386304
4622,6638.875235794505,3757.29793891211
4623,2931.749113496314,2571.0858199222184
4624,4838.119703326926,2936.6934843435592
4625,2032.4062524066446,1965.1319717753408
4626,1417.1724469920132,1809.3941136745093
4627,2185.5924924119377,1999.4950576720455
4628,1896.3315920788748,1985.6203457176678
4629,1270.6384408051595,1669.3218688877207
4630,3043.2471251589595,2349.663110613769
4631,7021.050542247847,3763.4236714014423
4632,10263.69281291825,4569.9158820436305
4633,3420.446794566358,2816.142692623079
4634,2960.9421507356274,2409.0526558680936
4635,3020.4297788763706,2440.4783048407994
4636,6033.613433417636,3521.6699080647422
4637,4825.861649739662,3106.7073414076417
4638,1553.65838519271,1762.1538343398647
4639,824.0850342296161,1073.6105300639258
4640,2007.426976706553,1793.078707781968
4641,737.3863480583967,1084.3174500890123
4642,1179.125341094913,1417.3310109256752
4643,5284.067161962246,3326.8765100642654
4644,2267.268616960856,2232.6186281732366
4645,4977.87110737078,3230.6339140184496
4646,3375.733073897117,2779.4012740796006
4647,3021.8858623191404,2397.7203322487653
4648,4841.558777658937,3148.0701360083417
4649,2290.64215656331,2184.947188332601
4650,976.037480373585,995.1833301644382
4651,2651.8035487946254,2418.3024205220217
4652,1344.2433676041094,1627.5448133285877
4653,852.9908856917239,1364.780483522524
4654,2850.5009116835404,2466.6821003913574
4655,1326.083573582915,1662.9763610292496
4656,5972.987471005573,3296.759539588665
4657,3089.87804002791,2615.19142661324
4658,1390.7945280477666,1585.137327674185
4659,2757.01583780525,2467.591196832376
4660,2188.4167334045487,2101.0083775124504
4661,4640.620761206621,3112.9150251436004
4662,1641.030670406968,1784.7844878564122
4663,3887.8636344826978,2676.1207153016844
4664,4664.872239875051,3186.4196803123787
4665,2447.3441779556997,2077.180385534546
4666,1556.3821496981566,1545.2913984306947
4667,2947.678214430599,2245.740814586537
4668,1609.2312351851215,1778.6563244514218
4669,887.7818037352436,1394.484246318019
4670,3929.8217046308796,2644.0533136322433
4671,687.5608700997695,1047.5475703289915
4672,6812.987826738111,3869.2434461220723
4673,2007.2161889824372,1967.5859865615778
4674,1441.2492086285995,1987.213255091448
4675,6406.412285982474,3683.7951652284883
4676,2680.9828791467708,2364.134640173923
4677,2268.4672334034985,2193.142443986069
4678,1150.6508244780966,1503.9816897497872
4679,3656.9098927207137,2705.4386402129617
4680,1888.6788061473237,1996.9640028373315
4681,2884.3500411616715,2298.2968071233136
4682,419.97474839053876,811.7985393577922
4683,863.0499572244678,1347.1096627424513
4684,2143.0202424979007,1879.2081607420478
4685,8487.973824577708,3902.878094760876
4686,7835.554243951639,3973.9117118949894
4687,1557.4500793439513,2061.0671106549817
4688,3228.9075435813556,2528.1966368158382
4689,4083.506211926215,2768.226091184597
4690,6648.768264869593,3735.2347352186694
4691,9141.120884456,4311.398228596696
4692,4333.110972265727,3147.4080577929344
4693,333.8094929309718,704.3041278431298
4694,4724.919333111148,3043.301598787768
4695,4885.682780604393,3174.8040363639393
4696,5893.112518602704,3457.133647998483
4697,1799.226787808468,2123.30854239257
4698,3030.0517669114342,2632.623273017091
4699,2541.0504984327335,2232.307242088184
4700,3310.751106911254,2613.0711309316334
4701,2492.7571103353102,2433.348716637476
4702,1415.724422541992,1554.0932964455092
4703,5604.693895904761,3418.418480926261
4704,3019.4892759325135,2661.45927984664
4705,5575.707162385814,3332.864801038236
4706,4531.420155781359,3077.259427933461
4707,6728.053769564131,3452.8766949300934
4708,591.24886164908,1065.194424521633
4709,5807.695993431001,3502.174140021806
4710,4527.983792970647,2792.5212050628406
4711,2233.7784301826578,2155.662594411546
4712,1266.7469879069013,1473.7834834180667
4713,1976.8511374823468,1991.7270780138253
4714,1399.9236955356935,1717.1576360170086
4715,2069.3528486550435,1969.8736776126727
4716,1968.1100747223304,2164.4451308778634
4717,1348.2615127725264,1420.3708866019092
4718,1539.7163158229075,2088.154175194746
4719,7748.059449834593,4089.1905853806984
4720,4114.923371781011,2900.796026204242
4721,833.976537210646,1239.3940222716656
4722,1256.9305120230665,1575.7303707825563
4723,3289.399239451806,2479.525793910205
4724,1815.0606806160674,1868.4948318735333
4725,2881.6383569775267,2298.244667393552
4726,1128.1618296004774,1593.58355444584
4727,3760.4419700926255,2920.684553165464
4728,3437.733818764512,2613.561913550654
4729,8186.316821672602,4233.439952021606
4730,3940.1505184868515,2777.635566410614
4731,2947.5177073584487,2520.600593407953
4732,4003.457238012091,2816.012059674358
4733,4575.191773570317,2893.9508167141707
4734,2091.5798942170127,2124.9799033456047
4735,2442.3977977902873,2233.79629331167
4736,317.5850831906136,793.2581083108996
4737,2247.2579915381098,2093.699647196198
4738,3410.640355547773,2791.450886037463
4739,4606.93849651701,3259.2368007648106
4740,3329.945043355456,2704.236631689322
4741,3163.0994973211345,2448.968885980878
4742,4099.4475622656355,2773.1850743167242
4743,1885.5071516739197,2070.5009629658207
4744,5886.387962902286,3337.421784938741
4745,1720.439836234349,1848.9462404829303
4746,3305.5281216119015,2651.2408740435267
4747,2276.94554178214,2055.725953050911
4748,3005.8077703668696,2315.0463763494226
4749,2097.3502488485196,1998.204677528378
4750,4948.85438402211,3213.03082428571
4751,2228.9697770279345,2062.8660857821465
4752,4649.701830816131,3070.012421663334
4753,8054.996667082931,4321.591024516103
4754,1584.5944835955675,2116.1665174429586
4755,3642.9237223304062,2758.930291934015
4756,5802.8904714911405,3486.313162702919
4757,1692.241815071191,1711.8975719451603
4758,770.0663262627947,1319.174011649336
4759,2679.3363526941425,2305.818378867738
4760,3620.8535931818815,2655.6019679458236
4761,1779.496209257897,1697.0996969753155
4762,2866.969284317472,2332.6940424721192
4763,3002.621778017512,2314.1671595998205
4764,2554.5020402691384,2270.36977892381
4765,2850.4476559651857,2213.929138653273
4766,2213.4156079306313,2078.498030933727
4767,4362.732042906619,2863.3988242547994
4768,2561.697938935646,2301.845307981741
4769,4912.385125268667,3159.355384500805
4770,1431.016547515679,1539.6166735462955
4771,2780.815686405667,2396.522083943328
4772,2430.8515671819655,2209.5996937850373
4773,3535.296005549583,2480.7536849379503
4774,1156.5645436508948,1555.293127688069
4775,3420.6757324188466,2421.570813318296
4776,5018.806884505476,3055.3841026110767
4777,4748.192409105992,3262.1584817154467
4778,1662.567070392242,1703.9790646178333
4779,1702.5110148111555,1686.8153271459685
4780,9058.00581363602,4297.691888072556
4781,2855.451316216798,2313.6002673226
4782,3382.450063336193,2678.7254539833057
4783,925.2554860383141,1222.3741098171597
4784,3025.8171037536285,2287.5537841193604
4785,4309.1285738567485,3246.0858656452037
4786,2439.11883764407,2117.529207716544
4787,2003.6510982165996,2050.0233034982557
4788,5541.276766476018,3462.316799673508
4789,3871.788371492365,2915.893946811045
4790,3688.9003877762307,2546.0310124375706
4791,2628.575296881626,2323.993495881107
4792,3396.000964819466,2944.163772134715
4793,1977.3047350096017,2091.004834040868
4794,2788.9627033154115,2381.212944046392
4795,1352.658065815788,1880.5627460521137
4796,6609.517743371218,3700.7298078769427
4797,4395.97557849778,3149.6551899085985
4798,1211.2566905564495,1278.451444245956
4799,1167.9185405439862,1577.4437211952759
4800,2341.037029289972,2209.7145408401047
4801,910.3564062683473,1302.1899912558567
4802,634.6795376939451,1240.502036047467
4803,1141.2542020583971,1661.0672629965522
4804,4637.0836612448065,3112.6700283348146
4805,3208.2575987672694,2695.5106612831764
4806,3090.9522016224705,2669.323342125589
4807,3191.20107223588,2389.479279238839
4808,3073.860214517935,2623.5577772313036
4809,1168.9089119365278,1532.7868690841979
4810,1843.5973064593222,1899.2102340666218
4811,6776.197985808266,3676.4061105873275
4812,2156.580061799808,1970.261401490173
4813,1144.3670275472243,1636.7825217217378
4814,4755.6015514085875,3120.4654835600027
4815,7656.951512089791,4080.5207217796687
4816,3509.519595736043,2794.6843423516925
4817,2167.777571317501,2167.3931510469447
4818,1970.2887965619977,2170.869691016656
4819,1612.7729838447583,1913.8755463306034
4820,4335.414974390179,3065.7345647609
4821,1095.8706432615634,1430.4633927057496
4822,2435.5058477547004,2276.4577766294988
4823,2367.6296807285953,2191.9256647205752
4824,4886.68288436391,3143.919461327237
4825,6926.711303846984,3498.7345038970393
4826,906.3811404357743,1238.1648251375186
4827,6130.313626245206,3605.403499341172
4828,5388.792022086026,3153.968881162545
4829,3752.67441223964,2785.465561022751
4830,3625.8991526251093,2759.400413061293
4831,2242.04031738127,2181.8437203582366
4832,2350.059577662794,2134.9290558393322
4833,4401.315530355364,3123.9671794130913
4834,3701.67516139325,2854.1276502713995
4835,6403.013832034567,3485.681719122804
4836,787.5146924512385,1265.523874589509
4837,3848.020859754318,2715.1731974239137
4838,1196.355383919947,1836.3779027276344
4839,2524.0107949388243,2387.656381201357
4840,2125.248644358953,2057.6385900590058
4841,5046.024582101351,3188.7346787612646
4842,2067.908938023916,2033.3680018651912
4843,1648.9602294214762,1926.4364414916458
4844,2521.934956327434,2104.9486188402375
4845,3778.3718794351744,2912.5805669321894
4846,3891.1568038527585,2968.08509973256
4847,2414.4271654078966,2138.175746105524
4848,5728.027826874105,3630.270012428585
4849,4442.731488094844,2886.257046427924
4850,1236.9896204251654,1671.325369125749
4851,6008.784168484304,3332.3059661919915
4852,2650.5501407078305,2255.186580444572
4853,1469.7532737819129,1614.9460209590018
4854,2211.1378712110263,2370.464921827514
4855,1588.6760295662505,1787.0568089877863
4856,2629.011686616117,2314.0623261742876
4857,4629.1913847823935,3101.716888089119
4858,2793.4876277083554,2197.134736517207
4859,2300.587158940569,2140.320436815761
4860,2800.9872540875817,2212.345572787119
4861,2246.695775219259,1940.8860456525656
4862,3645.159764248934,2725.820179051024
4863,6227.945923727528,3494.385131270008
4864,6600.947181310336,3582.248875666019
4865,3607.7984763474738,2631.1718949017186
4866,1410.976219958873,1752.1419739011938
4867,1380.9772168974607,1457.4293829089495
4868,1794.402157433019,1783.0879095911096
4869,4528.010068737877,3009.481508713496
4870,4863.140246034015,3193.082499864348
4871,2835.583818984867,2406.3460586484416
4872,2588.6528085673117,2282.314547285725
4873,3729.974390730788,2666.9826623758477
4874,5047.94024137312,3447.133497979159
4875,2371.1414438842344,2018.9128373394906
4876,1816.3440204788135,2045.8177869818448
4877,2844.825174944159,2786.929527208498
4878,2504.3764390505658,2048.6010659389103
4879,1504.1920717614275,1835.6573151469236
4880,2880.510976626926,2402.3669786926475
4881,4125.438773871416,2791.539010354695
4882,1398.6131370597598,1476.3675926164035
4883,7237.504440716679,3986.4483299723183
4884,4836.646429203014,3175.0380180052607
4885,4220.905812349853,3109.8834911108406
4886,3039.15194114194,2704.5854292464337
4887,1872.710791227808,1907.0744903535929
4888,3348.3331466270715,2613.0857252643577
4889,5105.396076481194,3084.067739067575
4890,4128.0361296971905,2828.2293038327703
4891,8036.239910034815,3843.4864097848126
4892,6300.0512604156065,3216.690445291121
4893,892.4216700208665,1299.570218407371
4894,2403.2661728801477,2220.4130202851466
4895,2094.0904133719846,2134.5253182404563
4896,1301.7482723593632,1803.3394106380738
4897,1986.4892861131395,1927.0762092878986
4898,4756.476758464078,2869.389590357923
4899,2034.595170804654,2243.6628476237925
4900,2848.8734064876817,2401.011979445978
4901,3014.281472861465,2521.5918382584587
4902,4169.323640000841,2950.393931242112
4903,1939.723018551396,1911.330242071197
4904,2069.40400321498,2039.6540334377205
4905,2777.4315630641927,2514.844691340588
4906,957.8920999727476,1362.6781032520341
4907,4436.798344984877,3126.7866007823
4908,9704.182696610966,4303.775706999513
4909,4333.525401581952,3200.537249100136
4910,1617.2044291876025,1814.7871148836596
4911,2269.1978091316855,2266.774894716394
4912,5615.4389036687735,3265.7455561100783
4913,3656.4455932756364,2878.779963669095
4914,5744.9783259866135,3597.5343666054023
4915,3551.8574023210404,2764.6416148807707
4916,5714.750283992207,3251.8272261348275
4917,2704.6770387347206,2412.7164665496116
4918,4618.583761213741,3078.325543683932
4919,3841.641142019855,2591.3761078329458
4920,921.5968038737939,1541.9524148554422
4921,4547.510416638734,2903.619717549376
4922,2401.200094861049,2304.244048747887
4923,1488.956119041814,1483.1005441791692
4924,3135.5708594379234,2264.148900892653
4925,1753.9911597949408,1588.6197412305537
4926,252.46105160781653,574.7030619548592
4927,3830.189283660866,2741.7598672260356
4928,6878.785832470322,3766.752903551095
4929,1550.9441055223701,1695.6000416382842
4930,4170.945798189432,2709.9697714360095
4931,9426.710875098255,4310.063592995995
4932,3259.4875200155952,2826.45241126742
4933,4649.545899023843,2928.684822293915
4934,6322.672586069785,3626.988165516536
4935,3886.4001001842544,2775.117134131372
4936,4957.6649845197635,3125.410042512725
4937,5095.251341066789,3177.61974960123
4938,3786.0489678108097,2778.94773677165
4939,1961.2112964442579,2086.6482555390457
4940,2400.3980892204395,2252.689226985338
4941,1130.883489165425,1603.564987770413
4942,3467.6496597360874,2437.7589872811172
4943,1765.847605205535,1852.7017920585977
4944,2941.8902705877067,2615.795749356788
4945,5762.671977319637,3164.300682800171
4946,6381.184170278289,3655.214558124099
4947,6050.724177656449,3599.3368597260187
4948,4885.834463926977,3507.9884579563723
4949,4523.7084799347895,3224.3261115813184
4950,3487.64918207731,2556.786114652226
4951,2691.1559359800317,2394.738503029976
4952,2461.248085208839,2233.514376764247
4953,4204.706074865647,3085.170240643183
4954,3258.0003996188916,2558.4977000073177
4955,1283.143865067937,1608.37087735612
4956,1283.8130096985838,1509.4265810214927
4957,4659.764843597737,2999.0989835212495
4958,1510.8784827650454,1806.5281703699134
4959,1804.2093023238385,1913.6433007417907
4960,2845.9795641992537,2189.286561173618
4961,6336.443778957935,3559.099518756997
4962,3163.4904524428434,2690.9898917503792
4963,2501.102189121569,2351.3563428504913
4964,1234.657499209625,1631.4741490005845
4965,3135.568172671374,2525.2303477663736
4966,3969.0910423709565,2799.453388903133
4967,5170.242895323408,3321.944725851017
4968,5192.944197848316,3068.0047129252634
4969,2068.212563540765,1982.7833360815287
4970,2818.973955299806,2297.516541123202
4971,5683.017658383653,3421.4633524991673
4972,1271.3810066136384,1516.6880708186386
4973,1891.6284266546872,2104.773758211293
4974,2194.9008334129667,2003.3294357431573
4975,4310.420479067798,3160.459357771872
4976,1683.1310505496435,1720.9999262631754
4977,2057.1010794231233,1809.7308582841013
4978,6190.248622558921,3877.580054537028
4979,1161.8974930852607,1507.0909833990204
4980,3388.1202747058014,2797.086217805512
4981,2878.744783307722,2261.9578508139352
4982,1924.6276720205806,2083.508186382758
4983,3322.6413628658042,2774.220494884894
4984,2570.910662283216,2141.32738354083
4985,2200.7763237858057,2209.876093494984
4986,1612.3587967558733,2136.6210701703512
4987,3395.704183408844,2451.5850258095584
4988,2857.1728995671556,2368.9847829576865
4989,2456.921411961458,2154.039894084022
4990,3969.288998183847,2795.0326702156117
4991,6677.664281682604,3688.887819253918
4992,2459.5259733172243,2309.276043936745
4993,3481.1456432857913,2649.003128265564
4994,7294.381153778349,4053.7743094853245
4995,1164.4000815755774,1683.1026024017244
4996,1906.7665846881077,2040.0798141959997
4997,3719.2921697781335,2470.659317182752
4998,1088.9153366295416,1747.2718848934414
4999,5418.768138154349,3204.32975632235
5000,1219.7697203029581,1640.095220276002
5001,1556.2074821296424,1640.569335133183
5002,2539.832001824992,2399.0079905666066
5003,3024.056503554403,2526.312258341663
5004,1777.1583860833048,1890.9781899372372
5005,4587.982706401832,3087.850377416377
5006,1865.749611681367,1892.0102336349503
5007,1662.0449201076756,1674.2560349532027
5008,3361.4076778798244,2526.820000794275
5009,2359.944706498864,2089.440446483203
5010,6624.533335792435,3654.096340500404
5011,1266.8433125385784,1705.1971072171557
5012,1806.5802963929934,1842.7950426680752
5013,1261.6831252162806,1371.7039463705325
5014,3695.753461534769,2660.656510222895
5015,3982.7594608342174,2627.0948011072282
5016,3382.0847722205826,2489.6107250212494
5017,3866.1726491824766,2962.478763921403
5018,3450.959273333935,2788.233113560655
5019,4526.443269931387,3092.7718947942844
5020,2140.778695156934,2188.0364319354812
5021,1917.574511508193,1907.5700695381438
5022,2924.786737362719,2583.032787285647
5023,3144.079338962364,2686.5200724829383
5024,2190.9999753109746,1997.603675784334
5025,1890.7455965432832,1858.476786754639
5026,4054.7855767872734,2837.5520882240953
5027,1224.9587459047357,1581.9682884300853
5028,2799.4582029862604,2272.2732063251083
5029,6312.849949356115,3356.718654421772
5030,1598.6464401817996,1739.6123560222745
5031,1068.5998789871794,1102.3734805238305
5032,711.5787626152323,1311.2346341880002
5033,5836.31048862966,3454.3684405123836
5034,2945.3187688318967,2442.703001055835
5035,897.748665227542,1484.9073116211302
5036,4149.30817497148,3086.798616192385
5037,1926.664209754903,1919.2771297200572
5038,3872.8122978941465,2862.074643974459
5039,3574.412157563592,2731.111471511825
5040,3570.730395075388,2636.4815708105693
5041,2320.3338471137486,2020.7857939552553
5042,1156.6283398216344,1594.060353216443
5043,450.1396326404336,1059.1609201691183
5044,2234.376895638214,2025.404098150552
5045,3755.9542001489745,2955.155753568715
5046,3389.597160431262,2584.8820911409143
5047,2071.0584317582843,1932.4946251979197
5048,3718.814004584207,2724.244458796187
5049,1627.66475130227,1780.505360922621
5050,2029.3945466044638,1837.9908331955403
5051,4602.284322923573,3244.084144364155
5052,1350.505113889785,1573.6527396390945
5053,1238.7496264966453,1499.7404797091608
5054,4062.594794548312,2924.556869573495
5055,1976.44078627703,1949.5044038707006
5056,1001.2681236988769,1266.1990172466828
5057,4444.8446542324255,3071.3172235512
5058,2906.44000615868,2479.035874250654
5059,282.00045438838845,853.0012271201674
5060,3263.7135520124834,2594.2741823986435
5061,2744.839366530617,2457.7539668067016
5062,1505.2058718088213,1744.985336385063
5063,6236.4785663660605,3589.3560526886467
5064,2406.4170199017167,2296.5616524264387
5065,3359.7474253571336,2722.0009939647193
5066,1673.9253020775811,1925.3941918786336
5067,2368.8642987242074,2064.23858473539
5068,1519.894118114323,1753.050712834667
5069,4384.804041439769,2991.149590382414
5070,5395.787666173962,3520.2021321149577
5071,5006.450380123418,3167.0373450886673
5072,2007.5887279329615,2109.0277852675567
5073,1617.3456863180274,1889.6064662176623
5074,1003.488624615808,1440.8598578284148
5075,4038.201577797705,2931.950088437477
5076,4037.9762392035377,2951.506917392254
5077,5278.537154268555,3181.548908948141
5078,4438.556092154435,3290.3483278113263
5079,2648.868675558845,2253.3630990743245
5080,2096.0920250912036,2002.1647416621186
5081,5981.542411493839,3641.1497832557534
5082,3515.2089366365644,2663.047934384587
5083,3095.2642072993417,2706.067910683967
5084,1398.133509056211,1566.668149102883
5085,3693.558476269382,2772.9021544765387
5086,6642.1548332127895,3725.8168533672974
5087,1735.500981262814,2057.5853271644187
5088,4148.243068211103,3024.025427522246
5089,4440.047090201302,2981.0226415293732
5090,3718.979162803182,2898.117499316982
5091,2962.2687543784923,2420.9258657154687
5092,2381.7509964147657,2119.4565301704206
5093,2375.0045849478697,2149.089962614974
5094,1093.4976700124391,1437.6435820236118
5095,11231.754133894123,4825.673638656492
5096,2281.857894668246,2200.6505158909154
5097,2257.65792248212,1656.973289802566
5098,1003.4549640726307,1610.9957614168493
5099,4753.910855482913,3212.5307541317775
5100,1463.1528516354804,1944.3610651738752
5101,2673.5669071652237,2433.900491740369
5102,1253.2247513636892,1608.358317622046
5103,4904.342074168817,3280.6095178732703
5104,4364.209981890682,3111.057040722581
5105,2607.7924104613007,2357.7660898872987
5106,6768.645413063771,3600.7826872721535
5107,1054.3268704752177,1623.3114040309442
5108,8923.29706313215,4267.975304981162
5109,1631.8518580831596,1738.9982148247059
5110,4538.341065533699,3021.028332899778
5111,5715.258781413113,3286.4831978349384
5112,3355.542670441705,2380.378927246455
5113,3251.623794831314,2588.3981472179585
5114,3817.5959973276736,2935.829632638762
5115,4974.207593491026,3227.039762569244
5116,930.3362060098934,1261.1458086745047
5117,2944.4775896582955,2564.496098657725
5118,2593.423886081563,2249.1989754348883
5119,1951.6864591861386,1964.1395764703339
5120,4172.585106180502,3190.871984575561
5121,4747.423064365645,2948.5731681407724
5122,8971.705948965804,4439.298088940657
5123,1318.4404345425246,1701.1763246060102
5124,2740.132291931232,2346.034761293218
5125,4569.098048971121,3051.8253987576913
5126,2337.7531694074014,2207.714496100327
5127,2711.2118175325686,2363.4204795558508
5128,697.4160879484759,1088.1816534791078
5129,2800.759780383428,2189.97178733059
5130,3004.354216510555,2236.777522716407
5131,8146.389420824762,3811.0854805700865
5132,5071.0654785199795,3285.3570642534914
5133,5150.981111020996,3534.7382886866867
5134,2080.6895499692696,2130.3885063774596
5135,3492.841136160874,2756.787331391186
5136,3441.0967892188587,2613.21088551562
5137,2753.640914751527,2545.622702518394
5138,2610.399875885719,2238.52971278392
5139,1715.4102138979006,1633.5898001580008
5140,2636.548019487254,2194.113952002479
5141,3992.763233401896,2881.617481534886
5142,1543.878740049388,1740.8599537575071
5143,3461.425608862771,2784.534511782733
5144,8627.70007226836,4075.133270982236
5145,2798.9144985971193,2485.014629293459
5146,8016.937883350187,4078.102978322179
5147,1443.9060729438313,1547.17716510345
5148,1506.8675067946838,1978.8338731259057
5149,1806.1564835499785,1749.7019918639926
5150,2384.346774943568,2198.042773202048
5151,3649.4545848064713,2895.2939155570875
5152,1983.452321633222,2013.5398755063154
5153,3364.5010172001334,2493.1608548253034
5154,5246.79418747153,3056.1987467775575
5155,4198.705752479289,3085.5069498620887
5156,2120.851034566844,2048.2314520456
5157,780.1030816704518,1469.5523742327039
5158,10640.892888943981,4508.494123502803
5159,7956.33382961731,3890.558943829974
5160,4863.630791447099,3035.9531945879244
5161,928.4587971412022,1649.1577079096498
5162,1807.3050078895903,1864.1101866323947
5163,852.3177686950253,1172.7684162955463
5164,1586.3531723404303,1671.967045441997
5165,6216.94491225574,3677.2472004277547
5166,1297.327485025571,1629.1708359375718
5167,566.1468422292344,880.2375590996337
5168,2745.895468282748,2490.3016111039356
5169,502.9998784138037,1098.3211304457939
5170,4389.146756616777,2983.058011014423
5171,2394.874859488141,2270.6298607751287
5172,4549.8790605086515,3100.0035119335907
5173,2948.0733901302783,2727.346404300549
5174,4536.767118521093,3302.3108247340947
5175,1508.7736428452872,1942.5714405313363
5176,1678.8311494023194,1786.580137507835
5177,5759.9275898827555,3425.4810365872754
5178,2720.7547579572492,2261.225857162176
5179,2922.0898916041083,2841.199033057533
5180,3461.1050228812264,2790.366275120471
5181,4759.312749292834,3212.8984637511803
5182,7782.822574423845,3780.500148053457
5183,3426.77620851007,2800.760338641804
5184,3432.330365588997,2714.4907174140662
5185,4126.923978052191,2862.89818750324
5186,5151.703856359745,3300.9985525120655
5187,6571.595703598884,3663.688386726034
5188,2226.4987680072104,2261.93590419419
5189,876.5997318749792,1405.594367611611
5190,2682.241051381793,2140.421498362145
5191,5624.383838254494,3320.6969738815446
5192,3978.210754490097,2565.9166700355845
5193,3837.6642260751973,2732.1421565733854
5194,7880.19964207797,3882.8530148340114
5195,2554.817527194495,2209.8562804748003
5196,6067.199294238142,3699.3685817123874
5197,4401.175344384247,2921.6660716025162
5198,517.2073985461815,1069.3594042720351
5199,1206.2452884296456,1473.8938835419126
5200,1691.8040830838065,1788.7870933953673
5201,3509.984500672249,2566.3216909184503
5202,7512.308213593224,3922.439878619557
5203,2013.3290932281534,1922.0454476410805
5204,2721.3843002006556,2172.51890129264
5205,1604.2305985461091,1934.893217943525
5206,6810.877851821549,3665.6372539221807
5207,3003.9253275147826,2400.43635034838
5208,4324.993289979725,2967.2083745490045
5209,2578.0395991310475,1792.4506718329603
5210,3547.060218346567,2561.004995219402
5211,5379.414113366878,3141.6358920710395
5212,1411.1520182585202,1710.5633676853593
5213,3379.57470524353,2462.485509497737
5214,3456.196400533728,2551.8307115951156
5215,2595.0272725011428,2471.8165820707877
5216,477.4450741963131,771.0772289011517
5217,3506.673733817307,2444.313643416335
5218,5685.912417943147,3484.170019171705
5219,2474.1131811786777,2367.2027170129536
5220,4708.567050794747,3220.3248812463444
5221,1307.8732988755958,1637.5363866847613
5222,874.1156843410079,1232.0157506544601
5223,2690.8616013637698,2458.269702599715
5224,3163.5572774864386,2489.014922870123
5225,1796.9408792815066,1976.5603980453366
5226,547.7154922484314,806.2338895664955
5227,4496.629975696478,2994.1995858305477
5228,2874.888882265971,2345.4568306470505
5229,5598.213823720234,3257.8946030560865
5230,1982.8577878528624,1839.0780913187707
5231,2724.4641109263725,2242.5146444285174
5232,1347.6648086228392,1756.6181335039846
5233,1432.5528270742302,1646.5972642226345
5234,5037.669777211388,3185.0732939578047
5235,3651.7986892528274,2645.834021621803
5236,780.4918303073126,974.7547359051955
5237,3584.383070003444,2460.3987803691466
5238,4222.751551284881,2904.621685917607
5239,2459.450342381896,1984.595793527208
5240,2265.9703805679364,2074.097423771147
5241,2355.0458051169744,2329.598657100895
5242,4692.25317316194,3217.9720843911946
5243,2581.123080188101,2107.871653152437
5244,1858.310349903105,2157.4073503411155
5245,867.8042975962233,1376.9409495790499
5246,3025.0974888542387,2419.367387700347
5247,2092.8424513503846,2008.5392058496602
5248,1079.9281530131907,1153.30638100952
5249,3929.65713235193,2734.6595910033843
5250,1515.9577501068507,1755.3716345764362
5251,2603.183200227801,2233.3036625272143
5252,2980.8230375436106,2446.320434768196
5253,1985.7025569081925,1965.580985928099
5254,2539.0217542493947,2321.756146541528
5255,2170.7614266785235,2123.742965571555
5256,2334.844896251738,1815.6489589662424
5257,1388.194928729586,1739.760800062298
5258,3544.4081897305114,2716.6189222465437
5259,2236.7173535458855,2118.9738754373707
5260,1997.982805225952,1984.038751120874
5261,2781.2731225407683,2089.0880166375823
5262,3843.1578028485715,2542.5701394860325
5263,1755.2548077912395,1890.4839164870912
5264,5836.442385192681,3403.2702403997905
5265,1813.6081269047345,1956.700610922729
5266,4433.323420650483,3045.7256916741603
5267,5326.698748671137,3365.142725736306
5268,3107.958310602881,2562.710431187628
5269,1539.641092070078,1766.8384774845624
5270,5487.1257863606015,3218.3195466250295
5271,1387.4971689873507,1639.6690559943454
5272,2508.969179663669,2026.6679630609597
5273,2798.283914770586,2586.460320451636
5274,3078.501083128191,2527.392200382614
5275,1237.6322241152295,1398.3030508532706
5276,4827.21085586879,3167.5907701923898
5277,5956.765490353431,3611.5993409464418
5278,10496.753501680158,4545.285206351425
5279,4865.352115586762,2995.756709520221
5280,2987.0497380505217,2435.506355750612
5281,530.824690797845,1103.9882780366938
5282,2321.125808759815,2126.145125119926
5283,3148.3682437096795,2746.8051001238223
5284,1577.1890283799003,1740.27570975285
5285,2192.3303169296323,2181.2887900730575
5286,6642.261665472563,3844.2085605091283
5287,3792.430967368553,2711.5745340160506
5288,1518.1073671040726,1496.254514680405
5289,3212.039081368471,2425.286479922469
5290,5529.005099195469,3286.20120255649
5291,2802.5320581489864,2371.7572680590483
5292,883.4087731089578,1505.5491175670488
5293,1553.7739290542831,1988.734629662848
5294,2665.3883098437173,2183.7043388327447
5295,1814.0477740108581,2111.177072957529
5296,2925.9975253538587,2144.270020000207
5297,3633.498199115636,2625.1617196353095
5298,3249.3017649441385,2737.3598621164356
5299,3071.391692850674,2466.7629015633083
5300,4597.458557119742,3092.630038194308
5301,8919.519457005721,4421.108102139592
5302,4677.863024283644,3068.697268302049
5303,9466.763746247063,4548.18008661685
5304,5246.441408523735,3094.6036031096887
5305,885.7861895369017,1314.35911366585
5306,2529.267940699456,2337.2515996381712
5307,1610.78995261214,1882.7682914108977
5308,2336.80357189076,1888.8089247611924
5309,5368.510599783015,3385.7755730188337
5310,5733.07502827301,3382.4023461155743
5311,2798.0768549635923,2423.310966059904
5312,1626.877208073789,1738.0993275115054
5313,1049.8308327633022,1385.337403925705
5314,1063.5899845271294,1579.7008786971187
5315,1857.4066657923186,1784.7576918942568
5316,4313.781071159713,3073.532035681336
5317,6452.244894950856,3557.601638686647
5318,1694.1547120048517,1794.3975575710529
5319,2098.734321150087,2151.9239192836058
5320,1568.3328342795035,2033.4407025449693
5321,2861.8032243086886,2543.745111418323
5322,4305.570181592887,2876.0474822987535
5323,2782.252189859169,2355.156403802604
5324,3950.952442581786,2754.113396469961
5325,1199.224233799355,1372.3080541434413
5326,2936.4655184466656,2649.665924058681
5327,4991.211743426199,3143.582797057849
5328,3728.183079032349,2953.443290150483
5329,2610.5905763598403,2440.6925351292966
5330,5764.370362109159,3351.0618840132897
5331,3978.999442345951,2866.4615528445183
5332,1126.376665947053,1279.033703785467
5333,1439.400397639359,1934.073950150098
5334,1991.8886132979246,1949.4085875861049
5335,1277.5414444521296,1682.7670262140246
5336,2019.5155836892482,2045.3254668984346
5337,2001.9921044166388,2092.164385896216
5338,2354.402897889705,2255.579164287182
5339,1448.92716560448,1851.304276652581
5340,4886.779817776872,3123.1631059265706
5341,4096.66102831637,2713.853853683456
5342,3279.299412231547,2487.9894582887896
5343,5262.709993914835,3152.437248479773
5344,2784.0798228353456,2400.4252511086333
5345,1419.975756727421,1684.3767082035306
5346,3613.896096018034,2420.653979640177
5347,4126.019143834327,2951.320240504359
5348,2301.238141345857,1947.1526996815883
5349,2137.175877317446,1749.4928227740083
5350,3741.492539900077,2754.9930001061916
5351,2885.534065032931,2375.905445348681
5352,1678.6946986264327,1868.7249530553588
5353,1022.9487245408419,1422.5555384068118
5354,2485.925597884858,2298.301365756992
5355,876.9306438515422,1194.9411888806108
5356,6246.7437492107465,3630.1612761651168
5357,2610.791823642146,2088.615473751228
5358,2446.1769405384284,2003.8535134590186
5359,1629.429066127313,1645.5858260725029
5360,3507.91352775956,2679.803752378666
5361,3147.0237851301217,2505.7314128499174
5362,2404.4267181942923,2155.5742288107035
5363,1667.7661372907517,2098.0456395139063
5364,2035.9289395378855,2089.5509591542314
5365,3233.1269184694283,2553.352409741679
5366,738.4866053146636,1112.5235119091728
5367,3263.577932005232,2524.0489662415557
5368,2690.5299156829906,2292.573561018367
5369,3376.318999246423,2466.600333760434
5370,2693.6455389047,2271.4724572681866
5371,2270.1424440312708,2157.66244392388
5372,2385.3477327062647,2190.7211912688754
5373,2126.040192825017,1666.6068775368735
5374,3893.0380085064107,2673.7623407271894
5375,2827.936911890246,2518.503838673199
5376,2119.344113952668,2197.841824604619
5377,1589.6745817666495,2006.7869093178504
5378,1735.3396296491546,1800.2441267392162
5379,3576.265384078048,2777.4898481877553
5380,6144.099334675174,3513.7586215700403
5381,2812.338939751195,2359.971304649211
5382,885.3930540211061,1322.7878397735117
5383,4154.217035701707,2695.4087378724957
5384,5859.068360809817,3589.78716187944
5385,4441.549018694115,3049.7253243258683
5386,3179.8435057213223,2544.272427860584
5387,9273.254527872741,4187.587122411462
5388,1751.8530717362892,1920.2794608582817
5389,3495.955143179783,2783.729767420099
5390,2721.9475580778776,2189.5452851603823
5391,10226.605879992418,4405.155054012242
5392,1445.3039499593601,1739.0639610327303
5393,5130.128701498138,3518.013412440194
5394,3275.704073576875,2739.395212815428
5395,5536.0897019596505,3366.1182390887084
5396,3207.9542938774753,2350.244097421589
5397,2748.6582504787198,2408.6310759618395
5398,2250.7815244239528,1845.5576294771683
5399,4655.6720819723905,3198.4965068345796
5400,2142.5533605657174,2093.9892057455904
5401,2683.4056260967154,2102.1122416890726
5402,1787.046816803487,1710.205141823198
5403,4170.943280339974,2908.571750060624
5404,5025.362578432268,3509.5191020727625
5405,1701.3121351191892,1734.01429014519
5406,3470.5531907126106,2749.77762156145
5407,3424.3538140908195,2430.9201578872817
5408,3424.167176800826,2782.8982262020345
5409,2448.199642203433,2102.6493278649095
5410,1091.702655657401,1449.9709723040125
5411,2574.7884092787626,2084.84721733149
5412,4653.608356253203,3028.904952275888
5413,5226.701297227741,3616.417814258334
5414,6539.480867536464,3768.501105240009
5415,3803.6913007831354,2791.181062927249
5416,2005.0724967455014,1897.1311373254343
5417,6516.051617504712,3637.353366937312
5418,987.084287757856,1505.8153110334556
5419,1348.7834958930755,1468.9137805884234
5420,4150.149022509291,2940.2904432191394
5421,3720.6178980642567,2829.069875461154
5422,3364.198366277529,2499.633942837326
5423,3010.626871023167,2411.8812452099082
5424,2149.756323682957,2001.0363527669292
5425,1082.8294781063794,1537.1406421949343
5426,4682.711109675797,2964.129207729514
5427,4136.94963130865,2828.1601301757246
5428,3972.0127081071346,2881.347940628356
5429,3644.7274885673623,2636.959271359094
5430,3132.5308327890148,2633.6588129774173
5431,3607.651349516578,2700.342000336212
5432,2230.4835028806824,2086.7761612438085
5433,3597.962857934277,2876.49330595317
5434,2668.2750030795896,2293.8224781490535
5435,2656.806444961796,2092.045683746111
5436,1789.4714672594516,1752.9882257122438
5437,2948.1738743801993,2732.1048777884007
5438,2195.6417714986537,2220.3013657323327
5439,2424.1988814475126,2310.2619805636
5440,2913.3488970329204,2485.488572982985
5441,4577.99364903052,3000.825227183769
5442,1089.9043340601581,1437.3852483871246
5443,3362.353244897956,2671.502564192315
5444,974.3542253862545,1530.4819401305886
5445,1837.3789371773912,1865.3530376678088
5446,3621.8452272108707,2602.503709607876
5447,5491.2917379086675,3326.091139114055
5448,4497.737547341382,3271.172905398826
5449,2396.5379779485265,2312.95316832424
5450,1623.064041232754,1941.6112575033749
5451,4864.309451430286,3166.0518521545187
5452,8991.010453113859,4273.12373760488
5453,1493.5547897439844,1787.7431027668028
5454,2173.535362889601,2092.0310779883
5455,5862.671666910163,3553.1867024030585
5456,3257.462023496626,2668.6160922789763
5457,5881.84690400441,3416.7003439488326
5458,2500.2696846050444,2427.214584026019
5459,4257.485641304425,2876.900389607686
5460,2291.81197473169,2275.783785129065
5461,3578.81676772617,2738.2184890307744
5462,3508.1945858275585,2526.81273079333
5463,1517.7460557554612,1799.8240865788355
5464,1298.5209784840042,1720.0135495138393
5465,2580.5269264188696,2287.121710292058
5466,1870.099847245892,1935.0203929397037
5467,2229.0740773014973,2206.729018654483
5468,4716.751559076395,3272.3720427108283
5469,1925.8054190616608,2092.72763340861
5470,2690.863423463526,2194.248925438771
5471,1350.0973453160295,1813.0235109461212
5472,3291.444186798176,2726.042294298532
5473,3406.309177552333,2491.404324121383
5474,2827.1061279721885,2346.9445279617585
5475,4224.893154762134,2856.364519484004
5476,2010.0118008844588,1780.0157380218716
5477,3613.9579592028717,2773.3200485891152
5478,2374.627188346536,2201.7214337861133
5479,4974.701189679994,3230.814351373384
5480,4001.6252360494736,2728.006886484714
5481,2057.7985125512528,2133.330298198546
5482,1386.7290141493022,1618.941090035451
5483,1758.8141216124616,2078.959293643538
5484,3865.654386444124,2686.0310977850363
5485,2552.3871507796575,2656.25555795101
5486,1095.3267589175575,1268.9316119367948
5487,2517.688027411972,2385.849801797969
5488,2215.165854097125,2200.0803295119213
5489,2394.509189878663,2263.149814742242
5490,731.1721495651399,1295.8974384349015
5491,2809.716648353251,2410.707593093217
5492,227.606477196658,724.9402158427926
5493,1588.3161074664506,1885.8444191238036
5494,3499.1478239499975,2625.7002499420714
5495,3604.422409823981,2387.389640302923
5496,5257.316299663138,3219.64878122848
5497,1599.6801067430263,1720.728869825224
5498,1104.7453692923384,1644.4933746880615
5499,839.3143066772265,1310.74929686126
